,,,,,,,,,,,,,,,,,,,,,,,,,,,,,,,,,,,,,,,,,,,,,,,,,,,,,,,,,,,,,,,,,,,,,,,,,,,,,
Match Number,Alliance,Robot #,Team,Has Entry,No Show,Starting Position,Auto Primary Role,Auto Secondary Role,Auto Fuel %,Auto Fuel % Alliance,Auto Fuel Alliance,Auto Fuel Team,Auto % Shooting,Auto Max Fuel Possible,Won Auto,Transition Primary Role,Transition Secondary Role,Transition Fuel %,Transition Fuel % Alliance,Transition Fuel Alliance,Transition Fuel Team,Transition % Shooting,Transition Max Fuel Possible,Shift 1 Primary Role,Shift 1 Secondary Role,Shift 1 Fuel %,Shift 1 Fuel % Alliance,Shift 1 Fuel Alliance,Shift 1 Fuel Team,Shift 1 % Shooting,Shift 1 Max Fuel Possible,Shift 2 Primary Role,Shift 2 Secondary Role,Shift 2 Fuel %,Shift 2 Fuel % Alliance,Shift 2 Fuel Alliance,Shift 2 Fuel Team,Shift 2 % Shooting,Shift 2 Max Fuel Possible,Shift 3 Primary Role,Shift 3 Secondary Role,Shift 3 Fuel %,Shift 3 Fuel % Alliance,Shift 3 Fuel Alliance,Shift 3 Fuel Team,Shift 3 % Shooting,Shift 3 Max Fuel Possible,Shift 4 Primary Role,Shift 4 Secondary Role,Shift 4 Fuel %,Shift 4 Fuel % Alliance,Shift 4 Fuel Alliance,Shift 4 Fuel Team,Shift 4 % Shooting,Shift 4 Max Fuel Possible,Endgame Primary Role,Endgame Secondary Role,Endgame Fuel %,Endgame Fuel % Alliance,Endgame Fuel Alliance,Endgame Fuel Team,Endgame % Shooting,Endgame Max Fuel Possible,Tele-Op Max Fuel Possible,Total Fuel Scored,Auto Climb Attempt,Auto Climb Success,Tele-Op Climb Attempt,Tele-Op Climb Success,Shooter Rating,Passer Rating,Intake Rating,Driver Rating,Defense Avoidance Rating,Defense Rating,Notes,Recent Match
1,Blue,1,449,1,,Right Trench,Intake from Neutral Zone,Score,20%,100%,118,23.60,33.3%,70.87,TRUE,Score,Score,80%,100%,53,42.40,100%,42.40,Intake from Neutral Zone,Intake from Neutral Zone,0%,100%,0,0.00,0%,0.00,Score,Score,40%,100%,140,56.00,100%,56.00,Pass,Intake from Neutral Zone,0%,100%,0,0.00,0%,0.00,Score,Score,20%,100%,65,13.00,100%,13.00,Intake from Neutral Zone,Score,30%,100%,32,9.60,33.3%,28.83,211.10,144.60,Not Attempted,None,Not Attempted,None,4,4,5,5,2,0,Goated,FALSE
1,Blue,2,540,1,,Hub,Score,Idle,20%,100%,118,23.60,66.7%,35.38,TRUE,Intake from Neutral Zone,Intake from Neutral Zone,0%,100%,53,0.00,0%,0.00,Intake from Neutral Zone,Pass,0%,100%,0,0.00,0%,0.00,Score,Score,10%,100%,140,14.00,100%,14.00,Intake from Neutral Zone,Intake from Neutral Zone,0%,100%,0,0.00,0%,0.00,Score,Defense,10%,100%,65,6.50,66.7%,9.75,Defense,Defense,0%,100%,32,0.00,0%,0.00,59.13,44.10,Not Attempted,None,Not Attempted,None,2,0,3,4,1,4,risky holding ,FALSE
1,Blue,3,9072,0,,,,,0%,100%,118,0.00,0%,0.00,TRUE,,,0%,100%,53,0.00,0%,0.00,,,0%,100%,0,0.00,0%,0.00,,,0%,100%,140,0.00,0%,0.00,,,0%,100%,0,0.00,0%,0.00,,,0%,100%,65,0.00,0%,0.00,,,0%,100%,32,0.00,0%,0.00,0.00,0.00,,None,,None,,,,,,,,FALSE
1,Red,1,1719,1,,Hub,Idle,None,0%,70%,75,0.00,0%,0.00,FALSE,Idle,None,0%,90%,14,0.00,0%,0.00,Defense,None,0%,90%,115,0.00,0%,0.00,Defense,None,0%,110%,0,0.00,0%,0.00,Defense,None,0%,0%,85,28.33,0%,0.00,Defense,None,0%,90%,0,0.00,0%,0.00,Score,Pass,10%,110%,39,3.55,66.7%,5.32,5.32,31.88,Not Attempted,None,Not Attempted,None,1,0,2,3,0,3,"Slow, not good",FALSE
1,Red,2,2106,1,,Right Trench,Score,Intake from Neutral Zone,50%,70%,75,53.57,66.7%,80.32,FALSE,Score,Intake from Neutral Zone,60%,90%,14,9.33,66.7%,13.99,Intake from Neutral Zone,None,60%,90%,115,76.67,0%,0.00,Score,None,80%,110%,0,0.00,100%,0.00,Intake from Neutral Zone,Pass,0%,0%,85,28.33,0%,0.00,Score,None,70%,90%,0,0.00,100%,0.00,Score,None,80%,110%,39,28.36,100%,28.36,122.67,196.27,Not Attempted,None,Not Attempted,None,5,5,3,4,0,0,,FALSE
1,Red,3,401,1,,Left Bump,Score,None,20%,70%,75,21.43,100%,21.43,FALSE,Score,None,30%,90%,14,4.67,100%,4.67,Score,None,30%,90%,115,38.33,100%,38.33,Score,None,30%,110%,0,0.00,100%,0.00,Idle,None,0%,0%,85,28.33,0%,0.00,Idle,None,20%,90%,0,0.00,0%,0.00,Idle,None,20%,110%,39,7.09,0%,0.00,64.43,99.85,Not Attempted,None,Not Attempted,None,4,0,3,3,0,0,,FALSE
2,Blue,1,2890,1,,Right Bump,Idle,Idle,0%,100%,20,0.00,0%,0.00,FALSE,Intake from Neutral Zone,Score,20%,100%,0,0.00,33.3%,0.00,Intake from Neutral Zone,Pass,0%,100%,53,0.00,0%,0.00,Score,Score,20%,100%,0,0.00,100%,0.00,Intake from Neutral Zone,Intake from Neutral Zone,0%,100%,66,0.00,0%,0.00,Intake from Neutral Zone,Intake from Neutral Zone,0%,100%,0,0.00,0%,0.00,Score,Score,20%,100%,73,14.60,100%,14.60,14.60,14.60,Not Attempted,None,Not Attempted,None,3,2,4,3,0,0,,FALSE
2,Blue,2,3258,1,,Left Trench,Idle,Idle,0%,100%,20,0.00,0%,0.00,FALSE,Intake from Neutral Zone,Score,10%,100%,0,0.00,33.3%,0.00,Pass,Pass,0%,100%,53,0.00,0%,0.00,Pass,Pass,0%,100%,0,0.00,0%,0.00,Defense,Pass,0%,100%,66,0.00,0%,0.00,Pass,Pass,0%,100%,0,0.00,0%,0.00,Pass,Pass,0%,100%,73,0.00,0%,0.00,0.00,0.00,Not Attempted,None,Not Attempted,None,1,3,1,3,0,2,,FALSE
2,Blue,3,8592,0,,,,,0%,100%,20,0.00,0%,0.00,FALSE,,,0%,100%,0,0.00,0%,0.00,,,0%,100%,53,0.00,0%,0.00,,,0%,100%,0,0.00,0%,0.00,,,0%,100%,66,0.00,0%,0.00,,,0%,100%,0,0.00,0%,0.00,,,0%,100%,73,0.00,0%,0.00,0.00,0.00,,None,,None,,,,,,,,FALSE
2,Red,1,3748,1,,Left Trench,Intake from Neutral Zone,Score,40%,110%,37,13.45,33.3%,40.40,TRUE,Intake from Neutral Zone,None,0%,0%,9,3.00,0%,0.00,Pass,None,0%,0%,0,0.00,0%,0.00,Score,None,60%,130%,67,30.92,100%,30.92,Pass,Intake from Neutral Zone,0%,0%,0,0.00,0%,0.00,Score,None,60%,130%,51,23.54,100%,23.54,Idle,None,0%,70%,20,0.00,0%,0.00,94.87,70.92,Not Attempted,None,Not Attempted,None,3,4,3,5,0,0,"Not bad, idle in end game",FALSE
2,Red,2,8590,1,,Hub,Idle,None,0%,110%,37,0.00,0%,0.00,TRUE,Defense,Pass,0%,0%,9,3.00,0%,0.00,Pass,None,0%,0%,0,0.00,0%,0.00,Defense,Pass,0%,130%,67,0.00,0%,0.00,Defense,None,0%,0%,0,0.00,0%,0.00,Defense,Idle,0%,130%,51,0.00,0%,0.00,Idle,Defense,0%,70%,20,0.00,0%,0.00,0.00,3.00,Not Attempted,None,Not Attempted,None,0,0,0,1,0,1,Idle most of the time and horrible defense it didn’t help at all it seemed to try pushing bots failed and got trapped between 2 bots and when it got out it was useless.,FALSE
2,Red,3,4472,1,,Right Trench,Score,None,70%,110%,37,23.55,100%,23.55,TRUE,Intake from Neutral Zone,Pass,0%,0%,9,3.00,0%,0.00,Intake from Neutral Zone,Pass,0%,0%,0,0.00,0%,0.00,Score,None,70%,130%,67,36.08,100%,36.08,Intake from Neutral Zone,Pass,0%,0%,0,0.00,0%,0.00,Score,None,70%,130%,51,27.46,100%,27.46,Score,None,70%,70%,20,20.00,100%,20.00,107.08,110.08,Not Attempted,None,Not Attempted,None,4,0,4,3,0,0,,FALSE
3,Blue,1,346,1,,Left Trench,Intake from Neutral Zone,Score,90%,100%,35,31.50,33.3%,94.59,TRUE,Pass,Intake from Neutral Zone,0%,100%,0,0.00,0%,0.00,Score,Intake from Neutral Zone,60%,100%,0,0.00,66.7%,0.00,Intake from Neutral Zone,Intake from Neutral Zone,0%,100%,100,0.00,0%,0.00,Intake from Neutral Zone,Intake from Neutral Zone,0%,100%,0,0.00,0%,0.00,Score,Score,60%,100%,46,27.60,100%,27.60,Score,Score,60%,100%,71,42.60,100%,42.60,164.79,101.70,Not Attempted,None,Not Attempted,None,4,4,3,5,0,0,,FALSE
3,Blue,2,1086,1,,Right Trench,Pass,Score,20%,100%,35,7.00,33.3%,21.02,TRUE,Intake from Neutral Zone,Idle,0%,100%,0,0.00,0%,0.00,Defense,Score,0%,100%,0,0.00,33.3%,0.00,Score,Score,30%,100%,100,30.00,100%,30.00,Intake from Neutral Zone,Intake from Neutral Zone,0%,100%,0,0.00,0%,0.00,Score,Score,40%,100%,46,18.40,100%,18.40,Score,None,40%,100%,71,28.40,100%,28.40,97.82,83.80,Not Attempted,None,Not Attempted,None,5,4,3,4,1,1,kinda chud driver but good bot,FALSE
3,Blue,3,2068,0,,,,,0%,100%,35,0.00,0%,0.00,TRUE,,,0%,100%,0,0.00,0%,0.00,,,0%,100%,0,0.00,0%,0.00,,,0%,100%,100,0.00,0%,0.00,,,0%,100%,0,0.00,0%,0.00,,,0%,100%,46,0.00,0%,0.00,,,0%,100%,71,0.00,0%,0.00,0.00,0.00,,None,,None,,,,,,,,FALSE
3,Red,1,10224,1,,Left Trench,Intake from Neutral Zone,Score,30%,70%,31,13.29,33.3%,39.90,FALSE,Intake from Neutral Zone,None,0%,40%,0,0.00,0%,0.00,Score,None,40%,70%,60,34.29,100%,34.29,Intake from Neutral Zone,None,0%,30%,0,0.00,0%,0.00,Score,None,0%,0%,37,12.33,100%,12.33,Intake from Neutral Zone,None,0%,0%,0,0.00,0%,0.00,Score,None,70%,70%,34,34.00,100%,34.00,120.52,93.90,Not Attempted,None,Not Attempted,None,3,2,3,5,2,0,Not bad,FALSE
3,Red,2,1111,1,,Hub,Idle,None,0%,70%,31,0.00,0%,0.00,FALSE,Intake from Neutral Zone,None,10%,40%,0,0.00,0%,0.00,Idle,None,0%,70%,60,0.00,0%,0.00,Idle,None,0%,30%,0,0.00,0%,0.00,Score,None,0%,0%,37,12.33,100%,12.33,Idle,Score,0%,0%,0,0.00,33.3%,0.00,Score,None,0%,70%,34,0.00,100%,0.00,12.33,12.33,Not Attempted,None,Not Attempted,None,1,0,1,1,1,0,Moving around trying to intake it was bad and when they tried to shoot their accuracy and the number of balls that went in in total seemed to be at most 10 they failed to avoid defense that wasn’t really defense.,FALSE
3,Red,3,5549,1,,Hub,Score,None,40%,70%,31,17.71,100%,17.71,FALSE,Score,None,30%,40%,0,0.00,100%,0.00,Score,None,30%,70%,60,25.71,100%,25.71,Defense,None,30%,30%,0,0.00,0%,0.00,Defense,None,0%,0%,37,12.33,0%,0.00,Defense,None,0%,0%,0,0.00,0%,0.00,Defense,None,0%,70%,34,0.00,0%,0.00,43.43,55.76,Not Attempted,None,Not Attempted,None,3,0,2,3,0,3,Ok. Don't pick probably.,FALSE
4,Blue,1,5804,1,,Left Trench,Intake from Neutral Zone,Score,20%,100%,13,2.60,33.3%,7.81,FALSE,Score,Score,100%,100%,6,6.00,100%,6.00,Score,Score,20%,100%,24,4.80,100%,4.80,Intake from Neutral Zone,Intake from Neutral Zone,0%,100%,0,0.00,0%,0.00,Score,Score,0%,100%,56,0.00,100%,0.00,Intake from Neutral Zone,Intake from Neutral Zone,0%,100%,0,0.00,0%,0.00,Score,Score,10%,100%,31,3.10,100%,3.10,21.71,16.50,Not Attempted,None,Not Attempted,None,2,0,1,2,0,0,,FALSE
4,Blue,2,2537,1,,Right Trench,Intake from Neutral Zone,Idle,0%,100%,13,0.00,0%,0.00,FALSE,Score,Intake from Neutral Zone,30%,100%,6,1.80,66.7%,2.70,Intake from Neutral Zone,Score,30%,100%,24,7.20,33.3%,21.62,Defense,Intake from Neutral Zone,0%,100%,0,0.00,0%,0.00,Score,Score,0%,100%,56,0.00,100%,0.00,Pass,Pass,0%,100%,0,0.00,0%,0.00,Score,Intake from Neutral Zone,20%,100%,31,6.20,66.7%,9.30,33.62,15.20,Not Attempted,None,Not Attempted,None,2,3,2,4,2,1,,FALSE
4,Blue,3,3361,0,,,,,0%,100%,13,0.00,0%,0.00,FALSE,,,0%,100%,6,0.00,0%,0.00,,,0%,100%,24,0.00,0%,0.00,,,0%,100%,0,0.00,0%,0.00,,,0%,100%,56,0.00,0%,0.00,,,0%,100%,0,0.00,0%,0.00,,,0%,100%,31,0.00,0%,0.00,0.00,0.00,,None,,None,,,,,,,,FALSE
4,Red,1,1731,1,,Hub,Idle,None,0%,90%,97,0.00,0%,0.00,TRUE,Score,Intake from Neutral Zone,0%,110%,21,0.00,66.7%,0.00,Intake from Neutral Zone,None,0%,70%,0,0.00,0%,0.00,Score,None,50%,160%,134,41.88,100%,41.88,Intake from Neutral Zone,None,0%,0%,0,0.00,0%,0.00,Score,None,50%,140%,104,37.14,100%,37.14,Score,None,70%,160%,70,30.62,100%,30.62,109.64,109.64,Not Attempted,None,Not Attempted,None,4,3,4,4,0,0,Good,FALSE
4,Red,2,4099,1,,Left Trench,Intake from Neutral Zone,Score,70%,90%,97,75.44,33.3%,226.56,TRUE,Score,Idle,70%,110%,21,13.36,66.7%,20.04,Intake from Neutral Zone,None,70%,70%,0,0.00,0%,0.00,Score,None,70%,160%,134,58.62,100%,58.62,Intake from Neutral Zone,None,0%,0%,0,0.00,0%,0.00,Score,None,60%,140%,104,44.57,100%,44.57,Score,Intake from Neutral Zone,60%,160%,70,26.25,66.7%,39.36,389.15,218.25,Not Attempted,None,Not Attempted,None,4,0,3,4,0,0,Decent in taking good shooter accurate high unload speed and can store a lot of balls in their hopper their team was ok and helped them get quite a bit of points.,FALSE
4,Red,3,2199,1,true,Right Trench,Score,None,20%,90%,97,21.56,100%,21.56,TRUE,Score,None,40%,110%,21,7.64,100%,7.64,Intake from Neutral Zone,None,0%,70%,0,0.00,0%,0.00,Score,None,40%,160%,134,33.50,100%,33.50,Intake from Neutral Zone,None,0%,0%,0,0.00,0%,0.00,Score,None,30%,140%,104,22.29,100%,22.29,Score,None,30%,160%,70,13.13,100%,13.13,98.10,98.10,Not Attempted,None,Not Attempted,None,4,0,4,4,0,0,Pretty good lowk. But bad auto.,FALSE
5,Blue,1,10679,1,,Hub,Idle,Idle,0%,100%,24,0.00,0%,0.00,FALSE,Intake from Neutral Zone,Intake from Neutral Zone,0%,100%,0,0.00,0%,0.00,Defense,Defense,0%,100%,64,0.00,0%,0.00,Defense,Defense,0%,100%,0,0.00,0%,0.00,Defense,Defense,0%,100%,82,0.00,0%,0.00,Defense,Defense,0%,100%,0,0.00,0%,0.00,Defense,Defense,0%,100%,60,0.00,0%,0.00,0.00,0.00,Not Attempted,None,Not Attempted,None,0,0,0,2,0,2,Very bad defense ,FALSE
5,Blue,2,1389,1,,Left Bump,Intake from Neutral Zone,Score,20%,100%,24,4.80,33.3%,14.41,FALSE,Intake from Neutral Zone,Defense,0%,100%,0,0.00,0%,0.00,Score,Score,30%,100%,64,19.20,100%,19.20,Pass,Pass,0%,100%,0,0.00,0%,0.00,Idle,Idle,0%,100%,82,0.00,0%,0.00,Score,Score,30%,100%,0,0.00,100%,0.00,Score,Score,20%,100%,60,12.00,100%,12.00,45.61,36.00,Not Attempted,None,Not Attempted,None,2,1,2,3,0,0,,FALSE
5,Blue,3,122,0,,,,,0%,100%,24,0.00,0%,0.00,FALSE,,,0%,100%,0,0.00,0%,0.00,,,0%,100%,64,0.00,0%,0.00,,,0%,100%,0,0.00,0%,0.00,,,0%,100%,82,0.00,0%,0.00,,,0%,100%,0,0.00,0%,0.00,,,0%,100%,60,0.00,0%,0.00,0.00,0.00,,None,,None,,,,,,,,FALSE
5,Red,1,5724,1,,Hub,Score,None,40%,80%,38,19.00,100%,19.00,TRUE,Idle,None,0%,100%,28,0.00,0%,0.00,Intake from Neutral Zone,None,0%,30%,0,0.00,0%,0.00,Score,None,10%,120%,75,6.25,100%,6.25,Idle,None,0%,0%,0,0.00,0%,0.00,Pass,Defense,0%,100%,59,0.00,0%,0.00,Pass,None,0%,110%,82,0.00,0%,0.00,25.25,25.25,Not Attempted,None,Not Attempted,None,1,1,1,1,0,0,The most ass team here,FALSE
5,Red,2,11318,1,,Right Bump,Score,Idle,20%,80%,38,9.50,66.7%,14.24,TRUE,Score,None,30%,100%,28,8.40,100%,8.40,Intake from Neutral Zone,None,30%,30%,0,0.00,0%,0.00,Score,None,40%,120%,75,25.00,100%,25.00,Intake from Neutral Zone,None,0%,0%,0,0.00,0%,0.00,Score,None,40%,100%,59,23.60,100%,23.60,Score,None,40%,110%,82,29.82,100%,29.82,101.06,96.32,Not Attempted,None,Not Attempted,None,3,0,3,3,0,0,Couldn’t get accurate shoots but had about 40% most of the end game for their teams balls in the hub.,FALSE
5,Red,3,422,1,,Hub,Score,None,20%,80%,38,9.50,100%,9.50,TRUE,Score,None,70%,100%,28,19.60,100%,19.60,Intake from Neutral Zone,None,0%,30%,0,0.00,0%,0.00,Score,None,70%,120%,75,43.75,100%,43.75,Intake from Neutral Zone,None,0%,0%,0,0.00,0%,0.00,Score,None,60%,100%,59,35.40,100%,35.40,Score,None,70%,110%,82,52.18,100%,52.18,160.43,160.43,Not Attempted,None,Not Attempted,None,4,0,4,4,0,0,,FALSE
6,Blue,1,836,1,,Hub,Score,Intake from Neutral Zone,50%,100%,73,36.50,66.7%,54.72,TRUE,Score,Score,100%,100%,41,41.00,100%,41.00,Pass,Intake from Neutral Zone,0%,100%,0,0.00,0%,0.00,Score,Score,60%,100%,129,77.40,100%,77.40,Pass,Intake from Neutral Zone,0%,100%,0,0.00,0%,0.00,Score,Score,30%,100%,110,33.00,100%,33.00,Score,Score,50%,100%,70,35.00,100%,35.00,241.12,222.90,Not Attempted,None,Not Attempted,None,5,5,5,5,0,0,The goats ,FALSE
6,Blue,2,3939,1,,Hub,Score,Score,10%,100%,73,7.30,100%,7.30,TRUE,Intake from Neutral Zone,Intake from Neutral Zone,0%,100%,41,0.00,0%,0.00,Intake from Neutral Zone,Pass,0%,100%,0,0.00,0%,0.00,Score,Score,10%,100%,129,12.90,100%,12.90,Intake from Neutral Zone,Pass,0%,100%,0,0.00,0%,0.00,Score,Score,20%,100%,110,22.00,100%,22.00,Intake from Neutral Zone,Score,20%,100%,70,14.00,33.3%,42.04,84.24,56.20,Not Attempted,None,Not Attempted,None,3,2,2,4,1,0,slow drivetrain,FALSE
6,Blue,3,614,0,,,,,0%,100%,73,0.00,0%,0.00,TRUE,,,0%,100%,41,0.00,0%,0.00,,,0%,100%,0,0.00,0%,0.00,,,0%,100%,129,0.00,0%,0.00,,,0%,100%,0,0.00,0%,0.00,,,0%,100%,110,0.00,0%,0.00,,,0%,100%,70,0.00,0%,0.00,0.00,0.00,,None,,None,,,,,,,,FALSE
6,Red,1,5587,1,,Left Trench,Score,None,0%,70%,29,0.00,100%,0.00,FALSE,Idle,None,0%,10%,3,0.00,0%,0.00,Idle,None,0%,70%,56,0.00,0%,0.00,Idle,None,0%,60%,0,0.00,0%,0.00,Idle,None,0%,0%,56,18.67,0%,0.00,Idle,None,0%,80%,0,0.00,0%,0.00,Idle,None,0%,90%,37,0.00,0%,0.00,0.00,18.67,Not Attempted,None,Not Attempted,None,1,0,0,2,0,0,Very bad,FALSE
6,Red,2,619,1,,Right Trench,Score,Intake from Neutral Zone,60%,70%,29,24.86,66.7%,37.27,FALSE,Intake from Neutral Zone,None,0%,10%,3,0.00,0%,0.00,Score,Intake from Neutral Zone,60%,70%,56,48.00,66.7%,71.96,Intake from Neutral Zone,Pass,60%,60%,0,0.00,0%,0.00,Score,None,0%,0%,56,18.67,100%,18.67,Intake from Neutral Zone,Score,60%,80%,0,0.00,33.3%,0.00,Score,None,60%,90%,37,24.67,100%,24.67,152.56,116.19,Not Attempted,None,Not Attempted,None,4,2,4,4,0,0,Their battery was probably almost dead because at the end their robot moved extremely slowly and stoped shooting fast can intake and shoot well pretty good robot overall.,FALSE
6,Red,3,620,1,,Hub,Score,None,10%,70%,29,4.14,100%,4.14,FALSE,Idle,None,10%,10%,3,3.00,0%,0.00,Defense,None,10%,70%,56,8.00,0%,0.00,Defense,None,0%,60%,0,0.00,0%,0.00,Score,None,0%,0%,56,18.67,100%,18.67,Defense,None,20%,80%,0,0.00,0%,0.00,Score,None,30%,90%,37,12.33,100%,12.33,35.14,46.14,Not Attempted,None,Not Attempted,None,3,0,4,3,0,0,,FALSE
7,Blue,1,11425,1,,Hub,Idle,Idle,0%,100%,38,0.00,0%,0.00,FALSE,Defense,Defense,0%,100%,3,0.00,0%,0.00,Defense,Defense,0%,100%,16,0.00,0%,0.00,Defense,Defense,0%,100%,0,0.00,0%,0.00,Defense,Pass,0%,100%,76,0.00,0%,0.00,Defense,Defense,0%,100%,0,0.00,0%,0.00,Defense,Defense,0%,100%,46,0.00,0%,0.00,0.00,0.00,Not Attempted,None,Not Attempted,None,0,0,0,1,0,1,God awful,FALSE
7,Blue,2,1895,1,,Left Trench,Idle,Idle,0%,100%,38,0.00,0%,0.00,FALSE,Idle,Idle,0%,100%,3,0.00,0%,0.00,Score,Score,20%,100%,16,3.20,100%,3.20,Score,Score,0%,100%,0,0.00,100%,0.00,Score,Score,0%,100%,76,0.00,100%,0.00,Score,Score,0%,100%,0,0.00,100%,0.00,Score,Score,10%,100%,46,4.60,100%,4.60,7.80,7.80,Not Attempted,None,Not Attempted,None,1,1,1,2,0,0,dogwater,FALSE
7,Blue,3,686,0,,,,,0%,100%,38,0.00,0%,0.00,FALSE,,,0%,100%,3,0.00,0%,0.00,,,0%,100%,16,0.00,0%,0.00,,,0%,100%,0,0.00,0%,0.00,,,0%,100%,76,0.00,0%,0.00,,,0%,100%,0,0.00,0%,0.00,,,0%,100%,46,0.00,0%,0.00,0.00,0.00,,None,,None,,,,,,,,FALSE
7,Red,1,2421,1,,Hub,Score,None,20%,90%,60,13.33,100%,13.33,TRUE,Idle,None,0%,30%,16,0.00,0%,0.00,Defense,None,0%,20%,0,0.00,0%,0.00,Defense,None,0%,50%,38,0.00,0%,0.00,Defense,None,0%,0%,0,0.00,0%,0.00,Defense,None,0%,40%,12,0.00,0%,0.00,Defense,Pass,0%,40%,48,0.00,0%,0.00,13.33,13.33,Not Attempted,None,Not Attempted,None,1,2,0,4,0,3,Good defence,FALSE
7,Red,2,1629,1,,Left Trench,Intake from Neutral Zone,Score,40%,90%,60,26.67,33.3%,80.08,TRUE,Intake from Neutral Zone,None,30%,30%,16,16.00,0%,0.00,Intake from Neutral Zone,None,20%,20%,0,0.00,0%,0.00,Intake from Neutral Zone,Pass,20%,50%,38,15.20,0%,0.00,Intake from Neutral Zone,Pass,0%,0%,0,0.00,0%,0.00,Defense,None,10%,40%,12,3.00,0%,0.00,Defense,None,10%,40%,48,12.00,0%,0.00,80.08,72.87,Not Attempted,None,Not Attempted,None,2,4,0,4,0,4,Shooter started missing horribly so changed strategy to passing and defense.,FALSE
7,Red,3,1727,1,,Right Trench,Score,None,30%,90%,60,20.00,100%,20.00,TRUE,Idle,None,0%,30%,16,0.00,0%,0.00,Idle,None,0%,20%,0,0.00,0%,0.00,Score,None,30%,50%,38,22.80,100%,22.80,Intake from Neutral Zone,Score,0%,0%,0,0.00,33.3%,0.00,Score,None,30%,40%,12,9.00,100%,9.00,Score,None,30%,40%,48,36.00,100%,36.00,87.80,87.80,Not Attempted,None,Not Attempted,None,4,0,4,4,0,0,,FALSE
8,Blue,1,1262,1,,Left Trench,Intake from Neutral Zone,Idle,0%,100%,53,0.00,0%,0.00,TRUE,Score,Score,40%,100%,17,6.80,100%,6.80,Intake from Neutral Zone,Idle,0%,100%,0,0.00,0%,0.00,Score,Score,20%,100%,57,11.40,100%,11.40,Intake from Neutral Zone,Idle,0%,100%,0,0.00,0%,0.00,Score,Score,20%,100%,68,13.60,100%,13.60,Intake from Neutral Zone,Score,10%,100%,57,5.70,33.3%,17.12,48.92,37.50,Not Attempted,None,Not Attempted,None,1,0,3,3,0,0,"Good idea, wrong execution and not that good of a robot ",FALSE
8,Blue,2,4541,1,,Hub,Score,Idle,0%,100%,53,0.00,66.7%,0.00,TRUE,Intake from Neutral Zone,Defense,0%,100%,17,0.00,0%,0.00,Defense,Defense,0%,100%,0,0.00,0%,0.00,Defense,Defense,0%,100%,57,0.00,0%,0.00,Defense,Defense,0%,100%,0,0.00,0%,0.00,Defense,Defense,0%,100%,68,0.00,0%,0.00,Defense,Pass,0%,100%,57,0.00,0%,0.00,0.00,0.00,Not Attempted,None,Not Attempted,None,0,0,0,3,0,2,broken intake,FALSE
8,Blue,3,11415,0,,,,,0%,100%,53,0.00,0%,0.00,TRUE,,,0%,100%,17,0.00,0%,0.00,,,0%,100%,0,0.00,0%,0.00,,,0%,100%,57,0.00,0%,0.00,,,0%,100%,0,0.00,0%,0.00,,,0%,100%,68,0.00,0%,0.00,,,0%,100%,57,0.00,0%,0.00,0.00,0.00,,None,,None,,,,,,,,FALSE
8,Red,1,1908,1,,Right Trench,Intake from Neutral Zone,Score,80%,100%,44,35.20,33.3%,105.71,FALSE,Score,None,100%,130%,13,10.00,100%,10.00,Intake from Neutral Zone,Score,80%,120%,52,34.67,33.3%,104.10,Intake from Neutral Zone,None,0%,40%,0,0.00,0%,0.00,Score,None,0%,0%,83,27.67,100%,27.67,Intake from Neutral Zone,None,0%,0%,0,0.00,0%,0.00,Score,None,70%,120%,78,45.50,100%,45.50,292.98,153.03,Not Attempted,None,Not Attempted,None,4,4,3,3,0,0,Nice,FALSE
8,Red,2,5243,1,,Hub,Score,Idle,10%,100%,44,4.40,66.7%,6.60,FALSE,Intake from Neutral Zone,None,0%,130%,13,0.00,0%,0.00,Idle,Score,20%,120%,52,8.67,33.3%,26.03,Intake from Neutral Zone,Score,20%,40%,0,0.00,33.3%,0.00,Score,None,0%,0%,83,27.67,100%,27.67,Intake from Neutral Zone,None,0%,0%,0,0.00,0%,0.00,Score,None,30%,120%,78,19.50,100%,19.50,79.79,60.23,Not Attempted,None,Not Attempted,None,2,0,3,3,0,0,Accurate but slow shooting not the best to empty their hoper quickly even with a turret.,FALSE
8,Red,3,10004,1,,Left Trench,Score,None,10%,100%,44,4.40,100%,4.40,FALSE,Score,None,30%,130%,13,3.00,100%,3.00,Score,None,20%,120%,52,8.67,100%,8.67,Score,None,20%,40%,0,0.00,100%,0.00,Intake from Neutral Zone,None,0%,0%,83,27.67,0%,0.00,Idle,None,0%,0%,0,0.00,0%,0.00,Score,None,20%,120%,78,13.00,100%,13.00,29.07,56.73,Not Attempted,None,Not Attempted,None,3,0,3,3,0,0,,FALSE
9,Blue,1,2377,1,,Left Trench,Intake from Neutral Zone,Pass,0%,100%,45,0.00,0%,0.00,FALSE,Score,Score,10%,100%,6,0.60,100%,0.60,Score,Intake from Neutral Zone,40%,100%,60,24.00,66.7%,35.98,Intake from Neutral Zone,Intake from Neutral Zone,0%,100%,0,0.00,0%,0.00,Score,Score,0%,100%,73,0.00,100%,0.00,Pass,Pass,0%,100%,0,0.00,0%,0.00,Score,Score,70%,100%,57,39.90,100%,39.90,76.48,64.50,Not Attempted,None,Not Attempted,None,3,4,3,4,0,0,,FALSE
9,Blue,2,339,1,,Hub,Score,Idle,20%,100%,45,9.00,66.7%,13.49,FALSE,Idle,Intake from Neutral Zone,0%,100%,6,0.00,0%,0.00,Pass,Pass,0%,100%,60,0.00,0%,0.00,Intake from Neutral Zone,Pass,0%,100%,0,0.00,0%,0.00,Pass,Pass,0%,100%,73,0.00,0%,0.00,Pass,Pass,0%,100%,0,0.00,0%,0.00,Pass,Pass,0%,100%,57,0.00,0%,0.00,13.49,9.00,Not Attempted,None,Not Attempted,None,0,3,0,2,0,1,no intaking,FALSE
9,Blue,3,888,0,,,,,0%,100%,45,0.00,0%,0.00,FALSE,,,0%,100%,6,0.00,0%,0.00,,,0%,100%,60,0.00,0%,0.00,,,0%,100%,0,0.00,0%,0.00,,,0%,100%,73,0.00,0%,0.00,,,0%,100%,0,0.00,0%,0.00,,,0%,100%,57,0.00,0%,0.00,0.00,0.00,,None,,None,,,,,,,,FALSE
9,Red,1,9033,1,,Hub,Idle,None,0%,70%,77,0.00,0%,0.00,TRUE,Score,None,0%,70%,34,0.00,100%,0.00,Defense,None,0%,50%,0,0.00,0%,0.00,Score,None,10%,70%,52,7.43,100%,7.43,Defense,None,0%,0%,0,0.00,0%,0.00,Idle,None,0%,0%,1,0.33,0%,0.00,Defense,None,0%,50%,10,0.00,0%,0.00,7.43,7.76,Not Attempted,None,Not Attempted,None,2,2,0,4,0,3,Mid,FALSE
9,Red,2,5338,1,,Left Trench,Score,Intake from Neutral Zone,50%,70%,77,55.00,66.7%,82.46,TRUE,Intake from Neutral Zone,Score,50%,70%,34,24.29,33.3%,72.93,Intake from Neutral Zone,None,50%,50%,0,0.00,0%,0.00,Score,None,60%,70%,52,44.57,100%,44.57,Idle,None,0%,0%,0,0.00,0%,0.00,Idle,None,0%,0%,1,0.33,0%,0.00,Idle,None,50%,50%,10,10.00,0%,0.00,199.96,134.19,Not Attempted,None,Not Attempted,None,4,0,3,4,0,0,Good at shooting until it stopped shooting and got stuck for the rest of the match when it stopped shooting it’s team also stopped shooting.,FALSE
9,Red,3,3136,1,,Hub,Score,None,20%,70%,77,22.00,100%,22.00,TRUE,Score,None,20%,70%,34,9.71,100%,9.71,Idle,None,0%,50%,0,0.00,0%,0.00,Idle,None,0%,70%,52,0.00,0%,0.00,Idle,None,0%,0%,0,0.00,0%,0.00,Idle,None,0%,0%,1,0.33,0%,0.00,Idle,None,0%,50%,10,0.00,0%,0.00,31.71,32.05,Not Attempted,None,Not Attempted,None,3,0,3,3,0,0,,FALSE
10,Blue,1,1719,1,,Left Trench,Score,Intake from Neutral Zone,10%,100%,62,6.20,66.7%,9.30,TRUE,Score,Score,10%,100%,21,2.10,100%,2.10,Defense,Defense,0%,100%,0,0.00,0%,0.00,Defense,Defense,0%,100%,74,0.00,0%,0.00,Defense,Defense,0%,100%,0,0.00,0%,0.00,Defense,Defense,0%,100%,50,0.00,0%,0.00,Defense,Defense,0%,100%,18,0.00,0%,0.00,11.40,8.30,Not Attempted,None,Not Attempted,None,1,0,1,3,3,0,,FALSE
10,Blue,2,3361,1,,Right Bump,Idle,Idle,0%,100%,62,0.00,0%,0.00,TRUE,Idle,Idle,0%,100%,21,0.00,0%,0.00,Idle,Idle,0%,100%,0,0.00,0%,0.00,Idle,Idle,0%,100%,74,0.00,0%,0.00,Idle,Idle,0%,100%,0,0.00,0%,0.00,Idle,Idle,0%,100%,50,0.00,0%,0.00,Idle,Idle,0%,100%,18,0.00,0%,0.00,0.00,0.00,Not Attempted,None,Not Attempted,None,0,0,0,1,0,0,dint move ,FALSE
10,Blue,3,1731,0,,,,,0%,100%,62,0.00,0%,0.00,TRUE,,,0%,100%,21,0.00,0%,0.00,,,0%,100%,0,0.00,0%,0.00,,,0%,100%,74,0.00,0%,0.00,,,0%,100%,0,0.00,0%,0.00,,,0%,100%,50,0.00,0%,0.00,,,0%,100%,18,0.00,0%,0.00,0.00,0.00,,None,,None,,,,,,,,FALSE
10,Red,1,540,1,,Right Trench,Intake from Neutral Zone,Score,40%,110%,44,16.00,33.3%,48.05,FALSE,Score,None,30%,80%,19,7.12,100%,7.12,Intake from Neutral Zone,Score,50%,110%,64,29.09,33.3%,87.36,Pass,None,0%,60%,0,0.00,0%,0.00,Score,None,0%,0%,118,39.33,100%,39.33,Intake from Neutral Zone,Idle,0%,90%,0,0.00,0%,0.00,Score,Intake from Neutral Zone,40%,120%,142,47.33,66.7%,70.96,252.83,138.88,Not Attempted,None,Not Attempted,None,4,2,3,2,0,0,Good,FALSE
10,Red,2,1086,1,,Right Bump,Score,Idle,40%,110%,44,16.00,66.7%,23.99,FALSE,Idle,None,20%,80%,19,4.75,0%,0.00,Intake from Neutral Zone,Score,30%,110%,64,17.45,33.3%,52.42,Intake from Neutral Zone,Score,30%,60%,0,0.00,33.3%,0.00,Score,None,0%,0%,118,39.33,100%,39.33,Intake from Neutral Zone,None,40%,90%,0,0.00,0%,0.00,Score,None,30%,120%,142,35.50,100%,35.50,151.24,113.04,Not Attempted,None,Not Attempted,None,2,0,3,2,1,0, Can’t shoot fast not the most accurate either can’t avoid defense they go straight in to defense and move slowly.,FALSE
10,Red,3,8592,1,,Left Bump,Score,None,30%,110%,44,12.00,100%,12.00,FALSE,Score,None,30%,80%,19,7.12,100%,7.12,Intake from Neutral Zone,None,30%,110%,64,17.45,0%,0.00,Intake from Neutral Zone,None,30%,60%,0,0.00,0%,0.00,Score,None,0%,0%,118,39.33,100%,39.33,Score,None,50%,90%,0,0.00,100%,0.00,Score,None,50%,120%,142,59.17,100%,59.17,117.62,135.08,Not Attempted,None,Not Attempted,None,4,0,4,4,0,0,Pretty good.,FALSE
11,Blue,1,9072,1,,Left Trench,Intake from Neutral Zone,Score,40%,100%,27,10.80,33.3%,32.43,FALSE,Intake from Neutral Zone,Score,60%,100%,2,1.20,33.3%,3.60,Intake from Neutral Zone,Score,30%,100%,71,21.30,33.3%,63.96,Intake from Neutral Zone,Intake from Neutral Zone,0%,100%,0,0.00,0%,0.00,Score,Score,0%,100%,97,0.00,100%,0.00,Intake from Neutral Zone,Intake from Neutral Zone,0%,100%,0,0.00,0%,0.00,Score,Score,40%,100%,105,42.00,100%,42.00,142.00,75.30,Not Attempted,None,Not Attempted,None,5,0,4,4,0,0,Fast accurate shooter ,FALSE
11,Blue,2,2106,1,,Right Trench,Idle,Idle,0%,100%,27,0.00,0%,0.00,FALSE,Score,Score,60%,100%,2,1.20,100%,1.20,Score,Score,40%,100%,71,28.40,100%,28.40,Pass,Pass,0%,100%,0,0.00,0%,0.00,Score,Score,0%,100%,97,0.00,100%,0.00,Pass,Pass,0%,100%,0,0.00,0%,0.00,Score,Score,40%,100%,105,42.00,100%,42.00,71.60,71.60,Not Attempted,None,Not Attempted,None,3,5,4,4,0,0,pretty tuff,FALSE
11,Blue,3,5804,0,,,,,0%,100%,27,0.00,0%,0.00,FALSE,,,0%,100%,2,0.00,0%,0.00,,,0%,100%,71,0.00,0%,0.00,,,0%,100%,0,0.00,0%,0.00,,,0%,100%,97,0.00,0%,0.00,,,0%,100%,0,0.00,0%,0.00,,,0%,100%,105,0.00,0%,0.00,0.00,0.00,,None,,None,,,,,,,,FALSE
11,Red,1,2068,1,,Left Bump,Score,None,20%,90%,56,12.44,100%,12.44,TRUE,Intake from Neutral Zone,Pass,0%,70%,19,0.00,0%,0.00,Defense,None,0%,0%,0,0.00,0%,0.00,Score,Intake from Neutral Zone,40%,120%,104,34.67,66.7%,51.97,Defense,Pass,0%,0%,0,0.00,0%,0.00,Pass,None,0%,80%,82,0.00,0%,0.00,Intake from Neutral Zone,Pass,0%,70%,59,0.00,0%,0.00,64.42,47.11,Not Attempted,None,Not Attempted,None,3,3,2,2,0,3,Not as bad as it looks,FALSE
11,Red,2,1389,1,,Right Bump,Idle,Score,10%,90%,56,6.22,33.3%,18.69,TRUE,Idle,None,10%,70%,19,2.71,0%,0.00,Idle,None,0%,0%,0,0.00,0%,0.00,Idle,None,0%,120%,104,0.00,0%,0.00,Idle,None,0%,0%,0,0.00,0%,0.00,Idle,Pass,0%,80%,82,0.00,0%,0.00,Intake from Neutral Zone,Pass,0%,70%,59,0.00,0%,0.00,18.69,8.94,Not Attempted,None,Not Attempted,None,1,3,0,1,0,0,Couldn’t move after auto until the 5 transition and moved a little and in endgame they passed their shooter could only shoot very low and only got about 5 points at the start and that was it.,FALSE
11,Red,3,449,1,,Left Trench,Score,None,60%,90%,56,37.33,100%,37.33,TRUE,Score,None,60%,70%,19,16.29,100%,16.29,Pass,None,0%,0%,0,0.00,0%,0.00,Score,None,80%,120%,104,69.33,100%,69.33,Score,None,0%,0%,0,0.00,100%,0.00,Score,None,80%,80%,82,82.00,100%,82.00,Score,None,70%,70%,59,59.00,100%,59.00,263.95,263.95,Not Attempted,None,Not Attempted,None,4,0,4,4,0,0,,FALSE
12,Blue,1,122,1,,Left Trench,Intake from Neutral Zone,Score,90%,100%,21,18.90,33.3%,56.76,TRUE,Score,Score,70%,100%,6,4.20,100%,4.20,Intake from Neutral Zone,Intake from Neutral Zone,0%,100%,0,0.00,0%,0.00,Score,Score,100%,100%,41,41.00,100%,41.00,Intake from Neutral Zone,Intake from Neutral Zone,0%,100%,0,0.00,0%,0.00,Score,Score,100%,100%,31,31.00,100%,31.00,Score,Score,100%,100%,38,38.00,100%,38.00,170.96,133.10,Not Attempted,None,Not Attempted,None,4,0,5,4,0,0,Not bad but not that accurate ,FALSE
12,Blue,2,5549,1,,Right Trench,Intake from Neutral Zone,Idle,0%,100%,21,0.00,0%,0.00,TRUE,Score,Idle,0%,100%,6,0.00,66.7%,0.00,Idle,Idle,0%,100%,0,0.00,0%,0.00,Idle,Idle,0%,100%,41,0.00,0%,0.00,Idle,Idle,0%,100%,0,0.00,0%,0.00,Idle,Idle,0%,100%,31,0.00,0%,0.00,Idle,Idle,0%,100%,38,0.00,0%,0.00,0.00,0.00,Not Attempted,None,Not Attempted,None,0,0,3,3,0,0,broke fter auto,FALSE
12,Blue,3,5587,0,,,,,0%,100%,21,0.00,0%,0.00,TRUE,,,0%,100%,6,0.00,0%,0.00,,,0%,100%,0,0.00,0%,0.00,,,0%,100%,41,0.00,0%,0.00,,,0%,100%,0,0.00,0%,0.00,,,0%,100%,31,0.00,0%,0.00,,,0%,100%,38,0.00,0%,0.00,0.00,0.00,,None,,None,,,,,,,,FALSE
12,Red,1,10224,1,,Left Trench,Intake from Neutral Zone,Score,50%,80%,19,11.87,33.3%,35.66,FALSE,Score,None,60%,100%,12,7.20,100%,7.20,Intake from Neutral Zone,Score,100%,140%,16,11.43,33.3%,34.32,Intake from Neutral Zone,None,0%,30%,0,0.00,0%,0.00,Score,None,0%,0%,66,22.00,100%,22.00,Intake from Neutral Zone,None,0%,30%,0,0.00,0%,0.00,Score,None,50%,80%,70,43.75,100%,43.75,142.93,96.25,Not Attempted,None,Not Attempted,None,3,0,2,4,0,0,Not bad,FALSE
12,Red,2,2199,1,,Right Trench,Score,Intake from Neutral Zone,20%,80%,19,4.75,66.7%,7.12,FALSE,Idle,None,20%,100%,12,2.40,0%,0.00,Idle,None,10%,140%,16,1.14,0%,0.00,Idle,None,0%,30%,0,0.00,0%,0.00,Idle,None,0%,0%,66,22.00,0%,0.00,Idle,None,0%,30%,0,0.00,0%,0.00,Idle,None,0%,80%,70,0.00,0%,0.00,7.12,30.29,Not Attempted,None,Not Attempted,None,1,0,1,1,0,0,Couldn’t intake bad shooting and ideal for the entire game they couldn’t find out what went wrong with their robot the entire time.,FALSE
12,Red,3,2890,1,,Right Trench,Score,None,10%,80%,19,2.38,100%,2.38,FALSE,Score,None,20%,100%,12,2.40,100%,2.40,Score,None,30%,140%,16,3.43,100%,3.43,Score,None,30%,30%,0,0.00,100%,0.00,Score,None,0%,0%,66,22.00,100%,22.00,Score,None,30%,30%,0,0.00,100%,0.00,Score,None,30%,80%,70,26.25,100%,26.25,56.45,56.45,L1 Attempted,None,Not Attempted,None,3,0,3,3,0,0,,FALSE
13,Blue,1,686,1,,Right Trench,Intake from Neutral Zone,Score,40%,100%,49,19.60,33.3%,58.86,TRUE,Intake from Neutral Zone,Intake from Neutral Zone,0%,100%,39,0.00,0%,0.00,Pass,Pass,0%,100%,0,0.00,0%,0.00,Pass,Pass,0%,100%,63,0.00,0%,0.00,Pass,Pass,0%,100%,0,0.00,0%,0.00,Pass,Pass,0%,100%,59,0.00,0%,0.00,Pass,Pass,0%,100%,33,0.00,0%,0.00,58.86,19.60,Not Attempted,None,Not Attempted,None,4,0,1,4,0,0,Intake broke ,FALSE
13,Blue,2,3258,1,,Hub,Idle,Idle,0%,100%,49,0.00,0%,0.00,TRUE,Defense,Defense,0%,100%,39,0.00,0%,0.00,Defense,Defense,0%,100%,0,0.00,0%,0.00,Defense,Defense,10%,100%,63,6.30,0%,0.00,Defense,Defense,0%,100%,0,0.00,0%,0.00,Defense,Defense,10%,100%,59,5.90,0%,0.00,Defense,Defense,10%,100%,33,3.30,0%,0.00,0.00,15.50,Not Attempted,None,Not Attempted,None,1,0,0,2,0,1,chudded around all game ,FALSE
13,Blue,3,422,0,,,,,0%,100%,49,0.00,0%,0.00,TRUE,,,0%,100%,39,0.00,0%,0.00,,,0%,100%,0,0.00,0%,0.00,,,0%,100%,63,0.00,0%,0.00,,,0%,100%,0,0.00,0%,0.00,,,0%,100%,59,0.00,0%,0.00,,,0%,100%,33,0.00,0%,0.00,0.00,0.00,,None,,None,,,,,,,,FALSE
13,Red,1,11318,1,,Left Bump,Score,Intake from Neutral Zone,50%,120%,36,15.00,66.7%,22.49,FALSE,Score,None,40%,40%,1,1.00,100%,1.00,Intake from Neutral Zone,None,0%,60%,70,0.00,0%,0.00,Score,None,30%,90%,0,0.00,100%,0.00,Intake from Neutral Zone,None,0%,0%,88,29.33,0%,0.00,Score,None,30%,100%,0,0.00,100%,0.00,Score,None,20%,90%,73,16.22,100%,16.22,39.71,61.56,Not Attempted,None,Not Attempted,None,2,1,1,4,0,0,Not so good,FALSE
13,Red,2,619,1,,Right Trench,Intake from Neutral Zone,Score,70%,120%,36,21.00,33.3%,63.06,FALSE,Intake from Neutral Zone,None,0%,40%,1,0.00,0%,0.00,Intake from Neutral Zone,Score,60%,60%,70,70.00,33.3%,210.21,Intake from Neutral Zone,None,60%,90%,0,0.00,0%,0.00,Score,Intake from Neutral Zone,0%,0%,88,29.33,66.7%,43.98,Intake from Neutral Zone,Pass,70%,100%,0,0.00,0%,0.00,Score,None,70%,90%,73,56.78,100%,56.78,374.03,177.11,Not Attempted,None,Not Attempted,None,3,0,3,3,0,0,Acutely shoot until balls did not go high enough and was a decent robot overall.,FALSE
13,Red,3,1111,1,true,Hub,Idle,None,0%,120%,36,0.00,0%,0.00,FALSE,Idle,None,0%,40%,1,0.00,0%,0.00,Idle,None,0%,60%,70,0.00,0%,0.00,Idle,None,0%,90%,0,0.00,0%,0.00,Idle,None,0%,0%,88,29.33,0%,0.00,Idle,None,0%,100%,0,0.00,0%,0.00,Idle,None,0%,90%,73,0.00,0%,0.00,0.00,29.33,Not Attempted,None,Not Attempted,None,1,0,1,2,0,0,Shot 6 balls in. Sucks.,FALSE
14,Blue,1,10679,1,,Left Trench,Idle,Idle,0%,100%,41,0.00,0%,0.00,TRUE,Defense,Defense,0%,100%,12,0.00,0%,0.00,Pass,Pass,0%,100%,0,0.00,0%,0.00,Defense,Defense,0%,100%,126,0.00,0%,0.00,Defense,Defense,0%,100%,0,0.00,0%,0.00,Defense,Defense,0%,100%,90,0.00,0%,0.00,Defense,Defense,0%,100%,69,0.00,0%,0.00,0.00,0.00,Not Attempted,None,Not Attempted,None,0,0,0,3,0,3,"Not bad defense 
",FALSE
14,Blue,2,620,1,,Hub,Idle,Idle,0%,100%,41,0.00,0%,0.00,TRUE,Idle,Idle,0%,100%,12,0.00,0%,0.00,Intake from Neutral Zone,Intake from Neutral Zone,0%,100%,0,0.00,0%,0.00,Score,Score,30%,100%,126,37.80,100%,37.80,Intake from Neutral Zone,Intake from Neutral Zone,0%,100%,0,0.00,0%,0.00,Score,Score,50%,100%,90,45.00,100%,45.00,Score,Score,40%,100%,69,27.60,100%,27.60,110.40,110.40,Not Attempted,None,Not Attempted,None,3,0,4,4,0,0,pretty good double shooter kinda slow though,FALSE
14,Blue,3,1908,0,,,,,0%,100%,41,0.00,0%,0.00,TRUE,,,0%,100%,12,0.00,0%,0.00,,,0%,100%,0,0.00,0%,0.00,,,0%,100%,126,0.00,0%,0.00,,,0%,100%,0,0.00,0%,0.00,,,0%,100%,90,0.00,0%,0.00,,,0%,100%,69,0.00,0%,0.00,0.00,0.00,,None,,None,,,,,,,,FALSE
14,Red,1,2421,1,,Hub,Score,None,40%,40%,30,30.00,100%,30.00,FALSE,Intake from Neutral Zone,None,0%,40%,0,0.00,0%,0.00,Intake from Neutral Zone,Score,10%,100%,70,7.00,33.3%,21.02,Defense,Pass,0%,40%,0,0.00,0%,0.00,Defense,Pass,0%,0%,61,20.33,0%,0.00,Defense,None,0%,40%,0,0.00,0%,0.00,Pass,Defense,0%,100%,44,0.00,0%,0.00,51.02,57.33,Not Attempted,None,Not Attempted,None,1,2,1,3,0,2,Bad,FALSE
14,Red,2,3748,1,,Right Bump,Idle,None,0%,40%,30,0.00,0%,0.00,FALSE,Intake from Neutral Zone,None,0%,40%,0,0.00,0%,0.00,Score,None,50%,100%,70,35.00,100%,35.00,Pass,None,0%,40%,0,0.00,0%,0.00,Score,None,0%,0%,61,20.33,100%,20.33,Intake from Neutral Zone,Pass,0%,40%,0,0.00,0%,0.00,Score,None,60%,100%,44,26.40,100%,26.40,81.73,81.73,Not Attempted,None,Not Attempted,None,3,2,3,3,0,0,Shot a lot of points I got confused with 346 for autonomous.,FALSE
14,Red,3,346,1,,Hub,Idle,None,0%,40%,30,0.00,0%,0.00,FALSE,Score,None,40%,40%,0,0.00,100%,0.00,Score,None,40%,100%,70,28.00,100%,28.00,Score,None,40%,40%,0,0.00,100%,0.00,Intake from Neutral Zone,None,0%,0%,61,20.33,0%,0.00,Score,None,40%,40%,0,0.00,100%,0.00,Score,None,40%,100%,44,17.60,100%,17.60,45.60,65.93,Not Attempted,None,Not Attempted,None,4,0,3,3,0,0,,FALSE
15,Blue,1,5243,1,,Hub,Idle,Idle,0%,100%,52,0.00,0%,0.00,FALSE,Score,Score,0%,100%,0,0.00,100%,0.00,Score,Score,20%,100%,63,12.60,100%,12.60,Intake from Neutral Zone,Intake from Neutral Zone,0%,100%,0,0.00,0%,0.00,Score,Score,0%,100%,64,0.00,100%,0.00,Intake from Neutral Zone,Idle,0%,100%,0,0.00,0%,0.00,Score,Score,30%,100%,79,23.70,100%,23.70,36.30,36.30,L1 Attempted,Level1,Not Attempted,None,0,0,0,2,0,0,Cool they attempted a climb ,FALSE
15,Blue,2,11425,1,,Hub,Score,Idle,10%,100%,52,5.20,66.7%,7.80,FALSE,Pass,Pass,0%,100%,0,0.00,0%,0.00,Pass,Defense,0%,100%,63,0.00,0%,0.00,Defense,Defense,0%,100%,0,0.00,0%,0.00,Defense,Pass,0%,100%,64,0.00,0%,0.00,Pass,Pass,0%,100%,0,0.00,0%,0.00,Pass,Pass,0%,100%,79,0.00,0%,0.00,7.80,5.20,Not Attempted,None,Not Attempted,None,1,0,0,2,0,2,intake don’t work + tank drive ,FALSE
15,Blue,3,614,0,,,,,0%,100%,52,0.00,0%,0.00,FALSE,,,0%,100%,0,0.00,0%,0.00,,,0%,100%,63,0.00,0%,0.00,,,0%,100%,0,0.00,0%,0.00,,,0%,100%,64,0.00,0%,0.00,,,0%,100%,0,0.00,0%,0.00,,,0%,100%,79,0.00,0%,0.00,0.00,0.00,,None,,None,,,,,,,,FALSE
15,Red,1,888,1,,Left Trench,Intake from Neutral Zone,Score,40%,70%,54,30.86,33.3%,92.66,TRUE,Intake from Neutral Zone,None,0%,40%,13,0.00,0%,0.00,Intake from Neutral Zone,Pass,0%,30%,0,0.00,0%,0.00,Score,None,50%,110%,103,46.82,100%,46.82,Intake from Neutral Zone,Idle,0%,0%,0,0.00,0%,0.00,Idle,None,0%,60%,22,0.00,0%,0.00,Idle,None,0%,60%,48,0.00,0%,0.00,139.48,77.68,Not Attempted,None,Not Attempted,None,4,2,3,3,0,0,Good,FALSE
15,Red,2,10004,1,,Hub,Idle,None,0%,70%,54,0.00,0%,0.00,TRUE,Score,Intake from Neutral Zone,10%,40%,13,3.25,66.7%,4.87,Intake from Neutral Zone,None,0%,30%,0,0.00,0%,0.00,Score,Intake from Neutral Zone,30%,110%,103,28.09,66.7%,42.12,Intake from Neutral Zone,None,0%,0%,0,0.00,0%,0.00,Score,None,30%,60%,22,11.00,100%,11.00,Score,None,30%,60%,48,24.00,100%,24.00,81.99,66.34,Not Attempted,None,Not Attempted,None,2,0,3,2,0,0,Slow shooter with extremely low accuracy and not great intaking other teammate got most of the points.,FALSE
15,Red,3,3136,1,,Right Trench,Score,None,30%,70%,54,23.14,100%,23.14,TRUE,Score,None,30%,40%,13,9.75,100%,9.75,Idle,None,30%,30%,0,0.00,0%,0.00,Score,None,30%,110%,103,28.09,100%,28.09,Idle,None,0%,0%,0,0.00,0%,0.00,Score,None,30%,60%,22,11.00,100%,11.00,Score,None,30%,60%,48,24.00,100%,24.00,95.98,95.98,Not Attempted,None,Not Attempted,None,3,0,3,3,0,0,,FALSE
16,Blue,1,5724,1,,Right Trench,Idle,Idle,0%,100%,30,0.00,0%,0.00,FALSE,Idle,Idle,0%,100%,9,0.00,0%,0.00,Score,Score,10%,100%,46,4.60,100%,4.60,Intake from Neutral Zone,Intake from Neutral Zone,0%,100%,0,0.00,0%,0.00,Score,Score,0%,100%,59,0.00,100%,0.00,Idle,Idle,0%,100%,0,0.00,0%,0.00,Idle,Idle,0%,100%,31,0.00,0%,0.00,4.60,4.60,Not Attempted,None,Not Attempted,None,0,0,0,2,0,0,,FALSE
16,Blue,2,2377,1,,Left Trench,Pass,Score,80%,100%,30,24.00,33.3%,72.07,FALSE,Score,Intake from Neutral Zone,70%,100%,9,6.30,66.7%,9.45,Score,Intake from Neutral Zone,30%,100%,46,13.80,66.7%,20.69,Intake from Neutral Zone,Pass,0%,100%,0,0.00,0%,0.00,Score,Intake from Neutral Zone,0%,100%,59,0.00,66.7%,0.00,Intake from Neutral Zone,Pass,0%,100%,0,0.00,0%,0.00,Score,Score,80%,100%,31,24.80,100%,24.80,127.01,68.90,Not Attempted,None,Not Attempted,None,3,4,3,3,0,0,jittery movement towards the end and a jittery turret aswell,FALSE
16,Blue,3,1895,0,,,,,0%,100%,30,0.00,0%,0.00,FALSE,,,0%,100%,9,0.00,0%,0.00,,,0%,100%,46,0.00,0%,0.00,,,0%,100%,0,0.00,0%,0.00,,,0%,100%,59,0.00,0%,0.00,,,0%,100%,0,0.00,0%,0.00,,,0%,100%,31,0.00,0%,0.00,0.00,0.00,,None,,Level1,,,,,,,,FALSE
16,Red,1,11415,1,,Right Trench,Intake from Neutral Zone,Score,80%,80%,34,34.00,33.3%,102.10,TRUE,Score,None,100%,100%,18,18.00,100%,18.00,Pass,None,0%,0%,0,0.00,0%,0.00,Score,None,90%,90%,83,83.00,100%,83.00,Pass,Intake from Neutral Zone,0%,0%,0,0.00,0%,0.00,Score,None,80%,80%,47,47.00,100%,47.00,Score,None,90%,90%,67,67.00,100%,67.00,317.10,249.00,Not Attempted,None,Not Attempted,None,5,4,4,4,2,0,Amazing.,FALSE
16,Red,2,339,1,,Left Trench,Idle,None,0%,80%,34,0.00,0%,0.00,TRUE,Idle,None,0%,100%,18,0.00,0%,0.00,Idle,None,0%,0%,0,0.00,0%,0.00,Idle,None,0%,90%,83,0.00,0%,0.00,Idle,None,0%,0%,0,0.00,0%,0.00,Pass,None,0%,80%,47,0.00,0%,0.00,Idle,None,0%,90%,67,0.00,0%,0.00,0.00,0.00,Not Attempted,None,Not Attempted,None,1,2,1,1,0,0,Can’t intake at all and shooting is horrible can pass not well defended it’s teammates a little bit and moved around trying to intake falling the entire match.,FALSE
16,Red,3,8590,1,,Hub,Idle,None,0%,80%,34,0.00,0%,0.00,TRUE,Idle,None,0%,100%,18,0.00,0%,0.00,Idle,None,0%,0%,0,0.00,0%,0.00,Idle,None,0%,90%,83,0.00,0%,0.00,Idle,None,0%,0%,0,0.00,0%,0.00,Idle,None,0%,80%,47,0.00,0%,0.00,Idle,None,0%,90%,67,0.00,0%,0.00,0.00,0.00,Not Attempted,None,Not Attempted,None,0,0,0,3,0,3,Mid.,FALSE
17,Blue,1,9033,1,,Left Trench,Idle,Idle,0%,100%,17,0.00,0%,0.00,FALSE,Score,Score,0%,100%,2,0.00,100%,0.00,Intake from Neutral Zone,Intake from Neutral Zone,0%,100%,73,0.00,0%,0.00,Intake from Neutral Zone,Intake from Neutral Zone,0%,100%,0,0.00,0%,0.00,Score,Score,0%,100%,10,0.00,100%,0.00,Idle,Idle,0%,100%,0,0.00,0%,0.00,Score,Score,0%,100%,2,0.00,100%,0.00,0.00,0.00,Not Attempted,None,Not Attempted,None,1,0,1,1,0,0,God awful,FALSE
17,Blue,2,1629,1,,Hub,Idle,Idle,0%,100%,17,0.00,0%,0.00,FALSE,Intake from Neutral Zone,Intake from Neutral Zone,0%,100%,2,0.00,0%,0.00,Score,Score,40%,100%,73,29.20,100%,29.20,Idle,Idle,0%,100%,0,0.00,0%,0.00,Defense,Defense,0%,100%,10,0.00,0%,0.00,Defense,Defense,0%,100%,0,0.00,0%,0.00,Idle,Idle,0%,100%,2,0.00,0%,0.00,29.20,29.20,Not Attempted,None,Not Attempted,None,3,1,2,4,0,3,what even happened?,FALSE
17,Blue,3,836,0,,,,,0%,100%,17,0.00,0%,0.00,FALSE,,,0%,100%,2,0.00,0%,0.00,,,0%,100%,73,0.00,0%,0.00,,,0%,100%,0,0.00,0%,0.00,,,0%,100%,10,0.00,0%,0.00,,,0%,100%,0,0.00,0%,0.00,,,0%,100%,2,0.00,0%,0.00,0.00,0.00,,None,,None,,,,,,,,FALSE
17,Red,1,401,1,,Right Trench,Intake from Neutral Zone,Score,40%,130%,116,35.69,33.3%,107.18,TRUE,Pass,None,0%,20%,0,0.00,0%,0.00,Pass,None,0%,30%,0,0.00,0%,0.00,Score,None,10%,110%,49,4.45,100%,4.45,Intake from Neutral Zone,None,0%,0%,0,0.00,0%,0.00,Idle,None,0%,100%,23,0.00,0%,0.00,Idle,None,0%,110%,18,0.00,0%,0.00,111.64,40.15,Not Attempted,None,Not Attempted,None,4,3,3,3,1,0,Not bad. Defence played on them. Good shooter anf strategy.,FALSE
17,Red,2,4099,1,,Left Bump,Intake from Neutral Zone,Score,60%,130%,116,53.54,33.3%,160.78,TRUE,Intake from Neutral Zone,None,0%,20%,0,0.00,0%,0.00,Intake from Neutral Zone,Defense,0%,30%,0,0.00,0%,0.00,Score,None,70%,110%,49,31.18,100%,31.18,Intake from Neutral Zone,None,0%,0%,0,0.00,0%,0.00,Score,None,70%,100%,23,16.10,100%,16.10,Score,None,80%,110%,18,13.09,100%,13.09,221.15,113.91,Not Attempted,None,Not Attempted,None,4,0,3,4,1,0,Were getting a lot of points with some help until it and the human players were the only ones shooting they were defended but it didn’t effect them to much.,FALSE
17,Red,3,4541,1,,Hub,Score,None,30%,130%,116,26.77,100%,26.77,TRUE,Score,None,20%,20%,0,0.00,100%,0.00,Score,None,30%,30%,0,0.00,100%,0.00,Score,None,30%,110%,49,13.36,100%,13.36,Score,None,0%,0%,0,0.00,100%,0.00,Score,None,30%,100%,23,6.90,100%,6.90,Score,None,30%,110%,18,4.91,100%,4.91,51.94,51.94,Not Attempted,None,Not Attempted,None,3,0,3,3,0,0,They were okay. All around mid.,FALSE
18,Blue,1,3939,1,,Left Trench,Score,Score,50%,100%,41,20.50,100%,20.50,FALSE,Idle,Idle,0%,100%,1,0.00,0%,0.00,Intake from Neutral Zone,Score,70%,100%,92,64.40,33.3%,193.39,Intake from Neutral Zone,Intake from Neutral Zone,0%,100%,0,0.00,0%,0.00,Score,Score,0%,100%,98,0.00,100%,0.00,Intake from Neutral Zone,Pass,0%,100%,0,0.00,0%,0.00,Score,Score,20%,100%,111,22.20,100%,22.20,236.09,107.10,Not Attempted,None,Not Attempted,None,3,0,0,3,0,0,,FALSE
18,Blue,2,1727,1,,Right Trench,Intake from Neutral Zone,Score,70%,100%,41,28.70,33.3%,86.19,FALSE,Intake from Neutral Zone,Score,50%,100%,1,0.50,33.3%,1.50,Score,Score,40%,100%,92,36.80,100%,36.80,Intake from Neutral Zone,Pass,0%,100%,0,0.00,0%,0.00,Score,Score,0%,100%,98,0.00,100%,0.00,Intake from Neutral Zone,Intake from Neutral Zone,0%,100%,0,0.00,0%,0.00,Score,Score,30%,100%,111,33.30,100%,33.30,157.79,99.30,Not Attempted,None,Not Attempted,None,3,3,3,4,0,0,slow bt reliabld,FALSE
18,Blue,3,5338,0,,,,,0%,100%,41,0.00,0%,0.00,FALSE,,,0%,100%,1,0.00,0%,0.00,,,0%,100%,92,0.00,0%,0.00,,,0%,100%,0,0.00,0%,0.00,,,0%,100%,98,0.00,0%,0.00,,,0%,100%,0,0.00,0%,0.00,,,0%,100%,111,0.00,0%,0.00,0.00,0.00,,None,,None,,,,,,,,FALSE
18,Red,1,2537,1,,Left Trench,Intake from Neutral Zone,Score,50%,70%,45,32.14,33.3%,96.53,TRUE,Pass,Intake from Neutral Zone,0%,30%,0,0.00,0%,0.00,Pass,Intake from Neutral Zone,0%,40%,0,0.00,0%,0.00,Score,None,40%,110%,89,32.36,100%,32.36,Pass,Intake from Neutral Zone,0%,0%,0,0.00,0%,0.00,Score,None,60%,130%,41,18.92,100%,18.92,Score,None,90%,150%,41,24.60,100%,24.60,172.41,108.03,Not Attempted,None,Not Attempted,None,3,4,2,5,0,0,Strategic passing. Not bad shooter. ,FALSE
18,Red,2,1262,1,,Hub,Score,None,20%,70%,45,12.86,100%,12.86,TRUE,Intake from Neutral Zone,None,0%,30%,0,0.00,0%,0.00,Intake from Neutral Zone,Pass,0%,40%,0,0.00,0%,0.00,Score,None,30%,110%,89,24.27,100%,24.27,Intake from Neutral Zone,None,0%,0%,0,0.00,0%,0.00,Score,None,30%,130%,41,9.46,100%,9.46,Defense,None,30%,150%,41,8.20,0%,0.00,46.59,54.79,Not Attempted,None,Not Attempted,None,2,0,2,2,0,1,Not the very good at shooting horrible at defense stoped shooting after some time and seemed like something went wrong with their robot moved shooter or intake causing them to attempt defense.,FALSE
18,Red,3,4472,1,,Hub,Idle,None,0%,70%,45,0.00,0%,0.00,TRUE,Score,None,30%,30%,0,0.00,100%,0.00,Score,None,40%,40%,0,0.00,100%,0.00,Score,None,40%,110%,89,32.36,100%,32.36,Score,None,0%,0%,0,0.00,100%,0.00,Score,None,40%,130%,41,12.62,100%,12.62,Score,None,30%,150%,41,8.20,100%,8.20,53.18,53.18,Not Attempted,None,Not Attempted,None,4,0,3,3,0,0,Decent team. Good shooter mid intaking.,FALSE
19,Blue,1,5804,1,,Left Trench,Score,Idle,60%,100%,25,15.00,66.7%,22.49,FALSE,Score,Score,20%,100%,0,0.00,100%,0.00,Score,Score,60%,100%,63,37.80,100%,37.80,Intake from Neutral Zone,Intake from Neutral Zone,0%,100%,0,0.00,0%,0.00,Score,Score,0%,100%,18,0.00,100%,0.00,Intake from Neutral Zone,Intake from Neutral Zone,0%,100%,0,0.00,0%,0.00,Idle,Score,10%,100%,29,2.90,33.3%,8.71,69.00,55.70,Not Attempted,None,Not Attempted,None,0,0,0,2,0,0,Got blocked by 1111,FALSE
19,Blue,2,11318,1,,Hub,Score,Idle,20%,100%,25,5.00,66.7%,7.50,FALSE,Intake from Neutral Zone,Pass,0%,100%,0,0.00,0%,0.00,Score,Score,30%,100%,63,18.90,100%,18.90,Intake from Neutral Zone,Pass,0%,100%,0,0.00,0%,0.00,Intake from Neutral Zone,Pass,0%,100%,18,0.00,0%,0.00,Score,Score,30%,100%,0,0.00,100%,0.00,Score,Score,10%,100%,29,2.90,100%,2.90,29.30,26.80,Not Attempted,None,Not Attempted,None,3,0,3,3,0,0,,FALSE
19,Blue,3,2890,0,,,,,0%,100%,25,0.00,0%,0.00,FALSE,,,0%,100%,0,0.00,0%,0.00,,,0%,100%,63,0.00,0%,0.00,,,0%,100%,0,0.00,0%,0.00,,,0%,100%,18,0.00,0%,0.00,,,0%,100%,0,0.00,0%,0.00,,,0%,100%,29,0.00,0%,0.00,0.00,0.00,,Level1,,None,,,,,,,,FALSE
19,Red,1,1111,1,,Hub,Idle,None,0%,80%,40,0.00,0%,0.00,TRUE,Idle,None,0%,90%,40,0.00,0%,0.00,Idle,None,0%,0%,0,0.00,0%,0.00,Idle,None,0%,90%,68,0.00,0%,0.00,Intake from Neutral Zone,None,0%,0%,0,0.00,0%,0.00,Defense,None,0%,100%,65,0.00,0%,0.00,Idle,None,0%,100%,75,0.00,0%,0.00,0.00,0.00,Not Attempted,None,Not Attempted,None,0,0,1,4,0,3,Was idle most of the match. Good defence when not idle.,FALSE
19,Red,2,540,1,,Left Trench,Intake from Neutral Zone,Score,30%,80%,40,15.00,33.3%,45.05,TRUE,Score,Intake from Neutral Zone,40%,90%,40,17.78,66.7%,26.65,Intake from Neutral Zone,None,0%,0%,0,0.00,0%,0.00,Score,Intake from Neutral Zone,30%,90%,68,22.67,66.7%,33.98,Intake from Neutral Zone,Defense,0%,0%,0,0.00,0%,0.00,Score,None,30%,100%,65,19.50,100%,19.50,Score,None,40%,100%,75,30.00,100%,30.00,155.18,104.94,Not Attempted,None,Not Attempted,None,3,0,2,3,0,1,Good turret relatively accurate and not good at defense mort of the points came from their teammates.,FALSE
19,Red,3,2199,1,,Hub,Score,None,50%,80%,40,25.00,100%,25.00,TRUE,Score,None,50%,90%,40,22.22,100%,22.22,Intake from Neutral Zone,None,0%,0%,0,0.00,0%,0.00,Score,None,60%,90%,68,45.33,100%,45.33,Pass,Intake from Neutral Zone,0%,0%,0,0.00,0%,0.00,Score,None,70%,100%,65,45.50,100%,45.50,Score,None,60%,100%,75,45.00,100%,45.00,183.06,183.06,Not Attempted,None,Not Attempted,None,4,0,3,4,0,0,,FALSE
20,Blue,1,2106,1,,Hub,Score,Score,80%,100%,50,40.00,100%,40.00,FALSE,Score,Score,100%,100%,8,8.00,100%,8.00,Score,Score,80%,100%,47,37.60,100%,37.60,Intake from Neutral Zone,Intake from Neutral Zone,0%,100%,0,0.00,0%,0.00,Score,Score,0%,100%,96,0.00,100%,0.00,Intake from Neutral Zone,Intake from Neutral Zone,0%,100%,0,0.00,0%,0.00,Score,Score,80%,100%,120,96.00,100%,96.00,181.60,181.60,Not Attempted,None,Not Attempted,None,5,0,5,5,0,0,"They angered the dogs, they cooked ",FALSE
20,Blue,2,619,1,,Left Trench,Idle,Idle,0%,100%,50,0.00,0%,0.00,FALSE,Score,Score,0%,100%,8,0.00,100%,0.00,Score,Score,0%,100%,47,0.00,100%,0.00,Score,Score,0%,100%,0,0.00,100%,0.00,Score,Score,0%,100%,96,0.00,100%,0.00,Score,Score,0%,100%,0,0.00,100%,0.00,Score,Score,50%,100%,120,60.00,100%,60.00,60.00,60.00,Not Attempted,None,Not Attempted,None,3,0,2,3,1,0,stayed in allinc zone basically whole time,FALSE
20,Blue,3,2421,0,,,,,0%,100%,50,0.00,0%,0.00,FALSE,,,0%,100%,8,0.00,0%,0.00,,,0%,100%,47,0.00,0%,0.00,,,0%,100%,0,0.00,0%,0.00,,,0%,100%,96,0.00,0%,0.00,,,0%,100%,0,0.00,0%,0.00,,,0%,100%,120,0.00,0%,0.00,0.00,0.00,,None,,None,,,,,,,,FALSE
20,Red,1,1086,1,,Left Bump,Idle,Score,40%,70%,66,37.71,33.3%,113.26,TRUE,Intake from Neutral Zone,Pass,0%,30%,0,0.00,0%,0.00,Score,None,20%,50%,0,0.00,100%,0.00,Intake from Neutral Zone,Pass,0%,50%,103,0.00,0%,0.00,Score,None,0%,0%,0,0.00,100%,0.00,Intake from Neutral Zone,None,0%,10%,73,0.00,0%,0.00,Intake from Neutral Zone,Score,50%,80%,73,45.62,33.3%,137.01,250.27,83.34,Not Attempted,None,Not Attempted,None,5,3,3,4,2,0,Great shooter and strategy.,FALSE
20,Red,2,3361,1,,Right Bump,Idle,None,0%,70%,66,0.00,0%,0.00,TRUE,Pass,None,0%,30%,0,0.00,0%,0.00,Idle,None,0%,50%,0,0.00,0%,0.00,Score,Intake from Neutral Zone,20%,50%,103,41.20,66.7%,61.77,Defense,None,0%,0%,0,0.00,0%,0.00,Score,None,10%,10%,73,73.00,100%,73.00,Pass,Defense,0%,80%,73,0.00,0%,0.00,134.77,114.20,Not Attempted,None,Not Attempted,None,1,2,1,1,1,2,Mainly only defense after being really bad at shooting it was defense and passing endgame didn’t do to much well overall.,FALSE
20,Red,3,122,1,,Right Trench,Score,None,30%,70%,66,28.29,100%,28.29,TRUE,Score,None,30%,30%,0,0.00,100%,0.00,Score,None,30%,50%,0,0.00,100%,0.00,Score,None,30%,50%,103,61.80,100%,61.80,Defense,None,0%,0%,0,0.00,0%,0.00,Defense,None,0%,10%,73,0.00,0%,0.00,Score,None,30%,80%,73,27.37,100%,27.37,117.46,117.46,Not Attempted,None,Not Attempted,None,3,0,4,3,0,0,,FALSE
21,Blue,1,10004,1,,Right Trench,Intake from Neutral Zone,Score,0%,100%,27,0.00,33.3%,0.00,FALSE,Score,Score,60%,100%,0,0.00,100%,0.00,Score,Score,100%,100%,55,55.00,100%,55.00,Intake from Neutral Zone,Intake from Neutral Zone,0%,100%,0,0.00,0%,0.00,Score,Score,0%,100%,20,0.00,100%,0.00,Intake from Neutral Zone,Intake from Neutral Zone,0%,100%,0,0.00,0%,0.00,Score,Score,50%,100%,16,8.00,100%,8.00,63.00,63.00,Not Attempted,None,Not Attempted,None,0,0,0,3,0,0,,FALSE
21,Blue,2,10679,1,,Hub,Pass,Pass,0%,100%,27,0.00,0%,0.00,FALSE,Pass,Pass,0%,100%,0,0.00,0%,0.00,Pass,Pass,0%,100%,55,0.00,0%,0.00,Pass,Pass,0%,100%,0,0.00,0%,0.00,Pass,Pass,0%,100%,20,0.00,0%,0.00,Pass,Pass,0%,100%,0,0.00,0%,0.00,Pass,Pass,0%,100%,16,0.00,0%,0.00,0.00,0.00,Not Attempted,None,Not Attempted,None,0,2,0,2,0,1,chud drivetrain,FALSE
21,Blue,3,8592,0,,,,,0%,100%,27,0.00,0%,0.00,FALSE,,,0%,100%,0,0.00,0%,0.00,,,0%,100%,55,0.00,0%,0.00,,,0%,100%,0,0.00,0%,0.00,,,0%,100%,20,0.00,0%,0.00,,,0%,100%,0,0.00,0%,0.00,,,0%,100%,16,0.00,0%,0.00,0.00,0.00,,None,,None,,,,,,,,FALSE
21,Red,1,686,1,,Left Trench,Intake from Neutral Zone,Score,20%,90%,61,13.56,33.3%,40.71,TRUE,Score,None,100%,170%,24,14.12,100%,14.12,Intake from Neutral Zone,Pass,0%,60%,0,0.00,0%,0.00,Score,None,70%,140%,106,53.00,100%,53.00,Intake from Neutral Zone,Pass,0%,0%,0,0.00,0%,0.00,Score,Intake from Neutral Zone,40%,100%,98,39.20,66.7%,58.77,Score,None,10%,70%,40,5.71,100%,5.71,172.31,125.59,Not Attempted,None,Not Attempted,None,4,3,3,4,0,0,"Great shooter, great strategy. Ayto kinda messed up.",FALSE
21,Red,2,614,1,,Right Bump,Intake from Neutral Zone,Score,50%,90%,61,33.89,33.3%,101.77,TRUE,Intake from Neutral Zone,None,50%,170%,24,7.06,0%,0.00,Intake from Neutral Zone,None,40%,60%,0,0.00,0%,0.00,Score,None,50%,140%,106,37.86,100%,37.86,Intake from Neutral Zone,None,0%,0%,0,0.00,0%,0.00,Score,None,40%,100%,98,39.20,100%,39.20,Score,None,40%,70%,40,22.86,100%,22.86,201.68,140.86,Not Attempted,None,Not Attempted,None,4,0,3,4,0,0,Good team helped their alliance partners get of the bump and good at shooting and decent intake at the end the last few balls they shot did not seem to go high enough most likely a low battery.,FALSE
21,Red,3,5549,1,,Right Trench,Score,None,20%,90%,61,13.56,100%,13.56,TRUE,Score,None,20%,170%,24,2.82,100%,2.82,Score,None,20%,60%,0,0.00,100%,0.00,Score,None,20%,140%,106,15.14,100%,15.14,Score,None,0%,0%,0,0.00,100%,0.00,Score,None,20%,100%,98,19.60,100%,19.60,Score,None,20%,70%,40,11.43,100%,11.43,62.55,62.55,Not Attempted,None,Not Attempted,None,4,0,3,2,0,0,Ok. Not too great but decent scoring.,FALSE
22,Blue,1,1719,1,,Hub,Score,Idle,30%,100%,41,12.30,66.7%,18.44,FALSE,Pass,Pass,0%,100%,0,0.00,0%,0.00,Defense,Defense,0%,100%,38,0.00,0%,0.00,Defense,Defense,0%,100%,0,0.00,0%,0.00,Pass,Pass,0%,100%,18,0.00,0%,0.00,Defense,Pass,0%,100%,0,0.00,0%,0.00,Score,Score,70%,100%,21,14.70,100%,14.70,33.14,27.00,Not Attempted,None,Not Attempted,None,0,0,0,2,0,4,Just pretty good defense ,FALSE
22,Blue,2,3748,1,,Left Trench,Intake from Neutral Zone,Score,50%,100%,41,20.50,33.3%,61.56,FALSE,Pass,Score,80%,100%,0,0.00,33.3%,0.00,Score,Score,60%,100%,38,22.80,100%,22.80,Defense,Pass,0%,100%,0,0.00,0%,0.00,Score,Idle,0%,100%,18,0.00,66.7%,0.00,Idle,Idle,0%,100%,0,0.00,0%,0.00,Idle,Idle,0%,100%,21,0.00,0%,0.00,84.36,43.30,Not Attempted,None,Not Attempted,None,2,0,3,3,0,1,robot broke jn 4/6,FALSE
22,Blue,3,339,0,,,,,0%,100%,41,0.00,0%,0.00,FALSE,,,0%,100%,0,0.00,0%,0.00,,,0%,100%,38,0.00,0%,0.00,,,0%,100%,0,0.00,0%,0.00,,,0%,100%,18,0.00,0%,0.00,,,0%,100%,0,0.00,0%,0.00,,,0%,100%,21,0.00,0%,0.00,0.00,0.00,,None,,None,,,,,,,,FALSE
22,Red,1,5243,1,,Right Bump,Score,None,30%,50%,47,28.20,100%,28.20,TRUE,Idle,None,0%,20%,17,0.00,0%,0.00,Intake from Neutral Zone,None,0%,30%,0,0.00,0%,0.00,Score,None,30%,70%,39,16.71,100%,16.71,Intake from Neutral Zone,None,0%,0%,0,0.00,0%,0.00,Score,None,30%,80%,83,31.12,100%,31.12,Score,Intake from Neutral Zone,30%,90%,62,20.67,66.7%,30.98,107.02,96.71,L1 Attempted,Level1,Not Attempted,None,3,1,2,3,0,0,Slow shooter. Narrow intake. Mid robot.,FALSE
22,Red,2,1389,1,,Left Bump,Intake from Neutral Zone,Idle,0%,50%,47,0.00,0%,0.00,TRUE,Intake from Neutral Zone,None,0%,20%,17,0.00,0%,0.00,Pass,Intake from Neutral Zone,0%,30%,0,0.00,0%,0.00,Score,None,20%,70%,39,11.14,100%,11.14,Intake from Neutral Zone,None,0%,0%,0,0.00,0%,0.00,Score,None,30%,80%,83,31.12,100%,31.12,Score,None,30%,90%,62,20.67,100%,20.67,62.93,62.93,Not Attempted,None,Not Attempted,None,2,4,4,3,0,0,Low accuracy at the start improved enough to make about 30% of shots afterwards intake was really fast and effective great passing good mainly as a passing robot.,FALSE
22,Red,3,3136,1,,Right Trench,Score,None,20%,50%,47,18.80,100%,18.80,TRUE,Score,None,20%,20%,17,17.00,100%,17.00,Score,None,30%,30%,0,0.00,100%,0.00,Score,None,20%,70%,39,11.14,100%,11.14,Score,None,0%,0%,0,0.00,100%,0.00,Score,None,20%,80%,83,20.75,100%,20.75,Score,None,30%,90%,62,20.67,100%,20.67,88.36,88.36,Not Attempted,None,Not Attempted,None,3,0,3,3,0,0,,FALSE
23,Blue,1,1895,1,,Hub,Score,Intake from Neutral Zone,10%,100%,57,5.70,66.7%,8.55,FALSE,Defense,Defense,0%,100%,0,0.00,0%,0.00,Defense,Defense,0%,100%,75,0.00,0%,0.00,Defense,Defense,0%,100%,0,0.00,0%,0.00,Defense,Defense,0%,100%,51,0.00,0%,0.00,Intake from Neutral Zone,Intake from Neutral Zone,0%,100%,0,0.00,0%,0.00,Score,Score,10%,100%,77,7.70,100%,7.70,16.25,13.40,Not Attempted,None,Not Attempted,Level1,0,0,0,2,0,0,,FALSE
23,Blue,2,346,1,,Left Bump,Idle,Idle,0%,100%,57,0.00,0%,0.00,FALSE,Intake from Neutral Zone,Intake from Neutral Zone,0%,100%,0,0.00,0%,0.00,Score,Score,30%,100%,75,22.50,100%,22.50,Intake from Neutral Zone,Intake from Neutral Zone,0%,100%,0,0.00,0%,0.00,Score,Score,0%,100%,51,0.00,100%,0.00,Intake from Neutral Zone,Intake from Neutral Zone,0%,100%,0,0.00,0%,0.00,Score,Score,70%,100%,77,53.90,100%,53.90,76.40,76.40,Not Attempted,None,Not Attempted,None,4,0,4,4,2,0,solid bot,FALSE
23,Blue,3,9072,0,,,,,0%,100%,57,0.00,0%,0.00,FALSE,,,0%,100%,0,0.00,0%,0.00,,,0%,100%,75,0.00,0%,0.00,,,0%,100%,0,0.00,0%,0.00,,,0%,100%,51,0.00,0%,0.00,,,0%,100%,0,0.00,0%,0.00,,,0%,100%,77,0.00,0%,0.00,0.00,0.00,,None,,None,,,,,,,,FALSE
23,Red,1,4541,1,,Hub,Score,None,10%,100%,111,11.10,100%,11.10,TRUE,Intake from Neutral Zone,None,0%,90%,40,0.00,0%,0.00,Pass,Defense,0%,40%,0,0.00,0%,0.00,Defense,None,0%,90%,98,0.00,0%,0.00,Defense,None,0%,0%,0,0.00,0%,0.00,Defense,None,0%,90%,77,0.00,0%,0.00,Defense,None,0%,100%,29,0.00,0%,0.00,11.10,11.10,Not Attempted,None,Not Attempted,None,2,2,1,3,0,3,Alright defence. Slow shooter horrible intake.,FALSE
23,Red,2,422,1,,Left Trench,Intake from Neutral Zone,Score,50%,100%,111,55.50,33.3%,166.67,TRUE,Intake from Neutral Zone,Score,50%,90%,40,22.22,33.3%,66.73,Intake from Neutral Zone,Pass,0%,40%,0,0.00,0%,0.00,Score,None,50%,90%,98,54.44,100%,54.44,Intake from Neutral Zone,Idle,0%,0%,0,0.00,0%,0.00,Score,None,50%,90%,77,42.78,100%,42.78,Score,None,50%,100%,29,14.50,100%,14.50,345.12,189.44,Not Attempted,None,Not Attempted,None,3,5,4,4,2,0,Best passing robot extremely fast turret can send balls really fast and not very accurate but they amount of balls it can shoot in a few seconds defense wasn’t able to do. much to it even if it couldn’t avoid it it could shoot as a turret.,FALSE
23,Red,3,1731,1,,Right Trench,Score,None,40%,100%,111,44.40,100%,44.40,TRUE,Score,None,40%,90%,40,17.78,100%,17.78,Score,None,40%,40%,0,0.00,100%,0.00,Score,None,40%,90%,98,43.56,100%,43.56,Score,None,0%,0%,0,0.00,100%,0.00,Score,None,40%,90%,77,34.22,100%,34.22,Score,None,50%,100%,29,14.50,100%,14.50,154.46,154.46,Not Attempted,None,Not Attempted,None,4,0,4,4,0,0,Fresta be tuff. Scored a lot.,FALSE
24,Blue,1,4099,1,,Left Trench,Intake from Neutral Zone,Score,20%,100%,91,18.20,33.3%,54.65,TRUE,Pass,Pass,0%,100%,51,0.00,0%,0.00,Intake from Neutral Zone,Intake from Neutral Zone,0%,100%,0,0.00,0%,0.00,Score,Score,40%,100%,167,66.80,100%,66.80,Intake from Neutral Zone,Pass,0%,100%,0,0.00,0%,0.00,Score,Score,30%,100%,127,38.10,100%,38.10,Score,Score,30%,100%,130,39.00,100%,39.00,198.55,162.10,Not Attempted,None,Not Attempted,None,0,0,0,3,0,0,,FALSE
24,Blue,2,449,1,,Right Trench,Intake from Neutral Zone,Score,60%,100%,91,54.60,33.3%,163.96,TRUE,Intake from Neutral Zone,Score,80%,100%,51,40.80,33.3%,122.52,Intake from Neutral Zone,Score,0%,100%,0,0.00,33.3%,0.00,Score,Score,70%,100%,167,116.90,100%,116.90,Intake from Neutral Zone,Pass,0%,100%,0,0.00,0%,0.00,Score,Score,80%,100%,127,101.60,100%,101.60,Score,Intake from Neutral Zone,80%,100%,130,104.00,66.7%,155.92,660.91,417.90,Not Attempted,None,Not Attempted,None,5,0,5,4,0,0,got stuck jn auto on second pass but other than that flawless,FALSE
24,Blue,3,3258,0,,,,,0%,100%,91,0.00,0%,0.00,TRUE,,,0%,100%,51,0.00,0%,0.00,,,0%,100%,0,0.00,0%,0.00,,,0%,100%,167,0.00,0%,0.00,,,0%,100%,0,0.00,0%,0.00,,,0%,100%,127,0.00,0%,0.00,,,0%,100%,130,0.00,0%,0.00,0.00,0.00,,None,,None,,,,,,,,FALSE
24,Red,1,5587,1,,Hub,Score,None,0%,80%,31,0.00,100%,0.00,FALSE,Idle,None,0%,90%,5,0.00,0%,0.00,Idle,None,0%,100%,107,0.00,0%,0.00,Idle,None,0%,100%,0,0.00,0%,0.00,Idle,None,0%,0%,76,25.33,0%,0.00,Intake from Neutral Zone,None,0%,60%,0,0.00,0%,0.00,Idle,None,0%,100%,119,0.00,0%,0.00,0.00,25.33,Not Attempted,None,Not Attempted,None,0,0,0,1,0,0,Got stuck. Did no defence or passing. No shooting either.,FALSE
24,Red,2,11415,1,,Right Trench,Intake from Neutral Zone,Score,40%,80%,31,15.50,33.3%,46.55,FALSE,Intake from Neutral Zone,Score,50%,90%,5,2.78,33.3%,8.34,Score,None,60%,100%,107,64.20,100%,64.20,Intake from Neutral Zone,Pass,60%,100%,0,0.00,0%,0.00,Score,None,0%,0%,76,25.33,100%,25.33,Intake from Neutral Zone,Pass,60%,60%,0,0.00,0%,0.00,Score,None,60%,100%,119,71.40,100%,71.40,215.82,179.21,Not Attempted,None,Not Attempted,None,4,5,4,4,0,0,Great passing accuracy and speed same with shooting the hub good at getting all the neutral zone balls go into it’s alliance zone.,FALSE
24,Red,3,1727,1,,Left Trench,Score,None,40%,80%,31,15.50,100%,15.50,FALSE,Intake from Neutral Zone,None,40%,90%,5,2.22,0%,0.00,Score,None,40%,100%,107,42.80,100%,42.80,Intake from Neutral Zone,None,40%,100%,0,0.00,0%,0.00,Score,None,0%,0%,76,25.33,100%,25.33,Intake from Neutral Zone,None,0%,60%,0,0.00,0%,0.00,Score,None,40%,100%,119,47.60,100%,47.60,131.23,133.46,Not Attempted,None,Not Attempted,None,4,0,4,4,0,0,It's rex bro.,FALSE
25,Blue,1,2068,1,,Hub,Score,Score,20%,100%,15,3.00,100%,3.00,FALSE,Intake from Neutral Zone,Intake from Neutral Zone,0%,100%,1,0.00,0%,0.00,Score,Score,40%,100%,36,14.40,100%,14.40,Pass,Pass,0%,100%,0,0.00,0%,0.00,Defense,Defense,0%,100%,18,0.00,0%,0.00,Intake from Neutral Zone,Intake from Neutral Zone,0%,100%,0,0.00,0%,0.00,Score,Score,90%,100%,7,6.30,100%,6.30,23.70,23.70,Not Attempted,None,Not Attempted,None,1,0,1,1,0,0,Only robot shooting and can barely shoot ,FALSE
25,Blue,2,8590,1,,Hub,Idle,Idle,0%,100%,15,0.00,0%,0.00,FALSE,Score,Score,30%,100%,1,0.30,100%,0.30,Pass,Pass,0%,100%,36,0.00,0%,0.00,Defense,Defense,0%,100%,0,0.00,0%,0.00,Pass,Pass,0%,100%,18,0.00,0%,0.00,Defense,Pass,0%,100%,0,0.00,0%,0.00,Idle,Idle,0%,100%,7,0.00,0%,0.00,0.30,0.30,Not Attempted,None,Not Attempted,None,1,3,0,3,0,2,,FALSE
25,Blue,3,5724,0,,,,,0%,100%,15,0.00,0%,0.00,FALSE,,,0%,100%,1,0.00,0%,0.00,,,0%,100%,36,0.00,0%,0.00,,,0%,100%,0,0.00,0%,0.00,,,0%,100%,18,0.00,0%,0.00,,,0%,100%,0,0.00,0%,0.00,,,0%,100%,7,0.00,0%,0.00,0.00,0.00,,None,,None,,,,,,,,FALSE
25,Red,1,836,1,,Right Trench,Score,Intake from Neutral Zone,40%,60%,42,28.00,66.7%,41.98,TRUE,Intake from Neutral Zone,Score,60%,110%,36,19.64,33.3%,58.97,Pass,Intake from Neutral Zone,0%,20%,0,0.00,0%,0.00,Score,None,80%,140%,121,69.14,100%,69.14,Intake from Neutral Zone,Pass,0%,0%,0,0.00,0%,0.00,Score,None,80%,150%,110,58.67,100%,58.67,Score,None,80%,140%,100,57.14,100%,57.14,285.90,232.59,Not Attempted,None,Not Attempted,None,5,4,3,5,0,0,Great shooter. Very nice passing. Good intake.,FALSE
25,Red,2,5338,1,,Left Trench,Intake from Neutral Zone,Score,10%,60%,42,7.00,33.3%,21.02,TRUE,Score,None,30%,110%,36,9.82,100%,9.82,Intake from Neutral Zone,None,0%,20%,0,0.00,0%,0.00,Score,None,40%,140%,121,34.57,100%,34.57,Intake from Neutral Zone,None,0%,0%,0,0.00,0%,0.00,Score,None,50%,150%,110,36.67,100%,36.67,Score,None,40%,140%,100,28.57,100%,28.57,130.65,116.63,Not Attempted,None,Not Attempted,None,3,0,4,4,0,0,Auto wasn’t the best they intake a lot of balls then shoot low accuracy just had a lot of balls they could shoot and intake.,FALSE
25,Red,3,1262,1,,Hub,Score,None,10%,60%,42,7.00,100%,7.00,TRUE,Score,None,20%,110%,36,6.55,100%,6.55,Score,None,20%,20%,0,0.00,100%,0.00,Score,None,20%,140%,121,17.29,100%,17.29,Score,None,0%,0%,0,0.00,100%,0.00,Score,None,20%,150%,110,14.67,100%,14.67,Score,None,20%,140%,100,14.29,100%,14.29,59.78,59.78,Not Attempted,None,Not Attempted,None,2,0,3,3,0,0,,FALSE
26,Blue,1,1629,1,,Right Trench,Intake from Neutral Zone,Score,80%,100%,65,52.00,33.3%,156.16,TRUE,Intake from Neutral Zone,Intake from Neutral Zone,0%,100%,19,0.00,0%,0.00,Pass,Pass,0%,100%,0,0.00,0%,0.00,Score,Score,60%,100%,86,51.60,100%,51.60,Pass,Intake from Neutral Zone,0%,100%,0,0.00,0%,0.00,Score,Score,50%,100%,55,27.50,100%,27.50,Score,Defense,30%,100%,38,11.40,66.7%,17.09,252.35,142.50,Not Attempted,None,Not Attempted,None,5,4,3,4,0,0,Intake broke ,FALSE
26,Blue,2,11425,1,,Hub,Score,Score,10%,100%,65,6.50,100%,6.50,TRUE,Pass,Defense,0%,100%,19,0.00,0%,0.00,Defense,Defense,0%,100%,0,0.00,0%,0.00,Defense,Idle,0%,100%,86,0.00,0%,0.00,Defense,Defense,0%,100%,0,0.00,0%,0.00,Defense,Defense,0%,100%,55,0.00,0%,0.00,Pass,Pass,0%,100%,38,0.00,0%,0.00,6.50,6.50,Not Attempted,None,Not Attempted,None,1,0,1,2,1,1,tank drive,FALSE
26,Blue,3,3939,0,,,,,0%,100%,65,0.00,0%,0.00,TRUE,,,0%,100%,19,0.00,0%,0.00,,,0%,100%,0,0.00,0%,0.00,,,0%,100%,86,0.00,0%,0.00,,,0%,100%,0,0.00,0%,0.00,,,0%,100%,55,0.00,0%,0.00,,,0%,100%,38,0.00,0%,0.00,0.00,0.00,,None,,None,,,,,,,,FALSE
26,Red,1,10224,1,,Hub,Score,None,20%,80%,41,10.25,100%,10.25,FALSE,Intake from Neutral Zone,None,0%,90%,0,0.00,0%,0.00,Score,Intake from Neutral Zone,50%,120%,73,30.42,66.7%,45.60,Intake from Neutral Zone,None,0%,40%,0,0.00,0%,0.00,Score,None,0%,0%,86,28.67,100%,28.67,Intake from Neutral Zone,None,0%,0%,0,0.00,0%,0.00,Score,None,30%,110%,77,21.00,100%,21.00,105.52,90.33,Not Attempted,None,Not Attempted,None,3,0,2,3,0,0,Alright shooter. Big hopper. Bad intake. Good strategy.,FALSE
26,Red,2,2377,1,,Left Trench,Intake from Neutral Zone,Score,30%,80%,41,15.37,33.3%,46.17,FALSE,Intake from Neutral Zone,Score,50%,90%,0,0.00,33.3%,0.00,Score,None,40%,120%,73,24.33,100%,24.33,Intake from Neutral Zone,Pass,40%,40%,0,0.00,0%,0.00,Score,None,0%,0%,86,28.67,100%,28.67,Intake from Neutral Zone,None,0%,0%,0,0.00,0%,0.00,Score,None,50%,110%,77,35.00,100%,35.00,134.17,103.37,Not Attempted,None,Not Attempted,None,3,3,3,3,0,0,Okay team overall decent at most things.,FALSE
26,Red,3,4472,1,,Right Trench,Score,Score,30%,80%,41,15.37,100%,15.37,FALSE,Score,None,40%,90%,0,0.00,100%,0.00,Score,None,30%,120%,73,18.25,100%,18.25,Idle,None,0%,40%,0,0.00,0%,0.00,Score,None,0%,0%,86,28.67,100%,28.67,Idle,None,0%,0%,0,0.00,0%,0.00,Score,None,30%,110%,77,21.00,100%,21.00,83.29,83.29,Not Attempted,None,Not Attempted,None,4,0,3,4,0,0,,FALSE
27,Blue,1,620,1,,Hub,Idle,Idle,0%,100%,39,0.00,0%,0.00,FALSE,Intake from Neutral Zone,Intake from Neutral Zone,0%,100%,8,0.00,0%,0.00,Score,Score,30%,100%,98,29.40,100%,29.40,Intake from Neutral Zone,Defense,0%,100%,0,0.00,0%,0.00,Score,Score,0%,100%,82,0.00,100%,0.00,Defense,Intake from Neutral Zone,0%,100%,0,0.00,0%,0.00,Score,Score,40%,100%,46,18.40,100%,18.40,47.80,47.80,Not Attempted,None,Not Attempted,None,3,3,4,3,0,0,,FALSE
27,Blue,2,401,1,,Right Trench,Score,Intake from Neutral Zone,90%,100%,39,35.10,66.7%,52.62,FALSE,Score,Score,90%,100%,8,7.20,100%,7.20,Score,Score,50%,100%,98,49.00,100%,49.00,Pass,Intake from Neutral Zone,0%,100%,0,0.00,0%,0.00,Score,Score,0%,100%,82,0.00,100%,0.00,Pass,Intake from Neutral Zone,0%,100%,0,0.00,0%,0.00,Score,Score,10%,100%,46,4.60,100%,4.60,113.42,95.90,Not Attempted,None,Not Attempted,None,3,4,4,4,0,0,shorted put towards end,FALSE
27,Blue,3,9033,0,,,,,0%,100%,39,0.00,0%,0.00,FALSE,,,0%,100%,8,0.00,0%,0.00,,,0%,100%,98,0.00,0%,0.00,,,0%,100%,0,0.00,0%,0.00,,,0%,100%,82,0.00,0%,0.00,,,0%,100%,0,0.00,0%,0.00,,,0%,100%,46,0.00,0%,0.00,0.00,0.00,,None,,None,,,,,,,,FALSE
27,Red,1,1908,1,,Right Trench,Intake from Neutral Zone,Score,40%,70%,47,26.86,33.3%,80.65,TRUE,Score,None,100%,150%,17,11.33,100%,11.33,Intake from Neutral Zone,Pass,0%,40%,0,0.00,0%,0.00,Score,None,70%,110%,95,60.45,100%,60.45,Intake from Neutral Zone,None,0%,0%,0,0.00,0%,0.00,Score,None,80%,120%,91,60.67,100%,60.67,Score,Intake from Neutral Zone,70%,110%,67,42.64,66.7%,63.92,277.03,201.95,Not Attempted,None,Not Attempted,None,5,3,4,4,3,0,Great shooter and Intake. Alr passing.,FALSE
27,Red,2,888,1,,Left Trench,Score,Intake from Neutral Zone,30%,70%,47,20.14,66.7%,30.20,TRUE,Intake from Neutral Zone,None,30%,150%,17,3.40,0%,0.00,Intake from Neutral Zone,None,20%,40%,0,0.00,0%,0.00,Intake from Neutral Zone,None,20%,110%,95,17.27,0%,0.00,Intake from Neutral Zone,None,0%,0%,0,0.00,0%,0.00,Defense,None,10%,120%,91,7.58,0%,0.00,Idle,None,10%,110%,67,6.09,0%,0.00,30.20,54.49,Not Attempted,None,Not Attempted,None,2,0,3,3,0,2,Changed to defense because shooter wasn’t great so driver was able to change strategies from collect balls and shoot to defense and passing I’m pretty sure.,FALSE
27,Red,3,2537,1,,Hub,Idle,None,0%,70%,47,0.00,0%,0.00,TRUE,Score,None,20%,150%,17,2.27,100%,2.27,Score,None,20%,40%,0,0.00,100%,0.00,Score,None,20%,110%,95,17.27,100%,17.27,Pass,None,0%,0%,0,0.00,0%,0.00,Score,None,30%,120%,91,22.75,100%,22.75,Score,None,30%,110%,67,18.27,100%,18.27,60.56,60.56,Not Attempted,None,Not Attempted,None,3,0,2,3,0,0,Not as good as I thought they were. Did good at Pasadena bad here.,FALSE
28,Blue,1,5549,1,,Right Trench,Intake from Neutral Zone,Score,60%,100%,63,37.80,33.3%,113.51,FALSE,Intake from Neutral Zone,Intake from Neutral Zone,0%,100%,1,0.00,0%,0.00,Score,Score,60%,100%,76,45.60,100%,45.60,Intake from Neutral Zone,Intake from Neutral Zone,0%,100%,0,0.00,0%,0.00,Score,Score,0%,100%,59,0.00,100%,0.00,Intake from Neutral Zone,Pass,0%,100%,0,0.00,0%,0.00,Score,Score,30%,100%,95,28.50,100%,28.50,187.61,111.90,Not Attempted,None,Not Attempted,None,4,3,3,4,0,0,,FALSE
28,Blue,2,2421,1,,Hub,Score,Score,20%,100%,63,12.60,100%,12.60,FALSE,Intake from Neutral Zone,Idle,0%,100%,1,0.00,0%,0.00,Pass,Idle,0%,100%,76,0.00,0%,0.00,Defense,Pass,0%,100%,0,0.00,0%,0.00,Defense,Pass,0%,100%,59,0.00,0%,0.00,Pass,Pass,0%,100%,0,0.00,0%,0.00,Pass,Pass,0%,100%,95,0.00,0%,0.00,12.60,12.60,Not Attempted,None,Not Attempted,None,0,2,0,2,1,1,chud,FALSE
28,Blue,3,8592,0,,,,,0%,100%,63,0.00,0%,0.00,FALSE,,,0%,100%,1,0.00,0%,0.00,,,0%,100%,76,0.00,0%,0.00,,,0%,100%,0,0.00,0%,0.00,,,0%,100%,59,0.00,0%,0.00,,,0%,100%,0,0.00,0%,0.00,,,0%,100%,95,0.00,0%,0.00,0.00,0.00,,None,,None,,,,,,,,FALSE
28,Red,1,5243,1,,Right Bump,Score,None,20%,80%,69,17.25,100%,17.25,TRUE,Idle,None,0%,70%,20,0.00,0%,0.00,Intake from Neutral Zone,None,0%,70%,0,0.00,0%,0.00,Score,None,20%,100%,109,21.80,100%,21.80,Intake from Neutral Zone,None,0%,0%,0,0.00,0%,0.00,Score,None,20%,100%,93,18.60,100%,18.60,Intake from Neutral Zone,Score,10%,90%,66,7.33,33.3%,22.02,79.67,64.98,L1 Attempted,None,Not Attempted,None,2,1,1,2,0,0,Horrible intake. Slow shooter. No stategy.,FALSE
28,Red,2,2106,1,,Left Trench,Intake from Neutral Zone,Score,60%,80%,69,51.75,33.3%,155.41,TRUE,Score,Intake from Neutral Zone,70%,70%,20,20.00,66.7%,29.99,Idle,None,70%,70%,0,0.00,0%,0.00,Score,None,80%,100%,109,87.20,100%,87.20,Intake from Neutral Zone,Pass,0%,0%,0,0.00,0%,0.00,Score,None,80%,100%,93,74.40,100%,74.40,Score,None,80%,90%,66,58.67,100%,58.67,405.66,292.02,Not Attempted,None,Not Attempted,None,5,5,4,5,0,0,Shooting extremely fast and accurately carried the entire alliance shooting and anything with its shooter went well along with intaking.,FALSE
28,Red,3,3361,1,true,Hub,Idle,None,0%,80%,69,0.00,0%,0.00,TRUE,Idle,None,0%,70%,20,0.00,0%,0.00,Idle,None,0%,70%,0,0.00,0%,0.00,Idle,None,0%,100%,109,0.00,0%,0.00,Idle,None,0%,0%,0,0.00,0%,0.00,Idle,None,0%,100%,93,0.00,0%,0.00,Idle,None,0%,90%,66,0.00,0%,0.00,0.00,0.00,Not Attempted,None,Not Attempted,None,0,0,0,2,0,0,Hit random things.,FALSE
29,Blue,1,10004,1,,Left Trench,Intake from Neutral Zone,Score,40%,100%,61,24.40,33.3%,73.27,TRUE,Score,Score,70%,100%,32,22.40,100%,22.40,Intake from Neutral Zone,Pass,0%,100%,0,0.00,0%,0.00,Score,Score,40%,100%,80,32.00,100%,32.00,Intake from Neutral Zone,Intake from Neutral Zone,0%,100%,0,0.00,0%,0.00,Score,Score,50%,100%,74,37.00,100%,37.00,Score,Score,50%,100%,64,32.00,100%,32.00,196.67,147.80,Not Attempted,None,Not Attempted,None,4,0,4,4,0,0,Pretty good ,FALSE
29,Blue,2,614,1,,Right Bump,Intake from Neutral Zone,Score,50%,100%,61,30.50,33.3%,91.59,TRUE,Intake from Neutral Zone,Score,90%,100%,32,28.80,33.3%,86.49,Intake from Neutral Zone,Score,0%,100%,0,0.00,33.3%,0.00,Score,Score,90%,100%,80,72.00,100%,72.00,Intake from Neutral Zone,Intake from Neutral Zone,0%,100%,0,0.00,0%,0.00,Score,Score,80%,100%,74,59.20,100%,59.20,Score,Score,70%,100%,64,44.80,100%,44.80,354.08,235.30,Not Attempted,None,Not Attempted,None,5,0,4,4,2,0,intake broke kinda but still worked a bit ,FALSE
29,Blue,3,4541,0,,,,,0%,100%,61,0.00,0%,0.00,TRUE,,,0%,100%,32,0.00,0%,0.00,,,0%,100%,0,0.00,0%,0.00,,,0%,100%,80,0.00,0%,0.00,,,0%,100%,0,0.00,0%,0.00,,,0%,100%,74,0.00,0%,0.00,,,0%,100%,64,0.00,0%,0.00,0.00,0.00,,None,,None,,,,,,,,FALSE
29,Red,1,11318,1,,Hub,Score,None,20%,40%,24,12.00,100%,12.00,FALSE,Intake from Neutral Zone,None,0%,40%,1,0.00,0%,0.00,Pass,Score,30%,100%,71,21.30,33.3%,63.96,Intake from Neutral Zone,Pass,0%,60%,0,0.00,0%,0.00,Score,None,0%,0%,56,18.67,100%,18.67,Idle,None,0%,70%,0,0.00,0%,0.00,Pass,None,0%,60%,40,0.00,0%,0.00,94.63,51.97,Not Attempted,None,Not Attempted,None,3,2,1,3,0,0,Ok shooter. Bad intake. Great strategy. ,FALSE
29,Red,2,1389,1,,Right Bump,Intake from Neutral Zone,None,0%,40%,24,0.00,0%,0.00,FALSE,Score,Intake from Neutral Zone,10%,40%,1,0.25,66.7%,0.37,Score,Intake from Neutral Zone,40%,100%,71,28.40,66.7%,42.58,Score,Intake from Neutral Zone,30%,60%,0,0.00,66.7%,0.00,Intake from Neutral Zone,None,0%,0%,56,18.67,0%,0.00,Score,None,40%,70%,0,0.00,100%,0.00,Score,None,30%,60%,40,20.00,100%,20.00,62.95,67.32,Not Attempted,None,Not Attempted,None,3,0,3,3,0,0,Okay overall not the best team.,TRUE
29,Red,3,3748,1,,Hub,Score,None,20%,40%,24,12.00,100%,12.00,FALSE,Score,None,30%,40%,1,0.75,100%,0.75,Score,None,30%,100%,71,21.30,100%,21.30,Score,None,30%,60%,0,0.00,100%,0.00,Score,None,0%,0%,56,18.67,100%,18.67,Score,None,30%,70%,0,0.00,100%,0.00,Score,None,30%,60%,40,20.00,100%,20.00,72.72,72.72,Not Attempted,None,Not Attempted,None,3,0,3,3,0,0,,FALSE
30,Blue,1,1111,1,,Left Trench,Idle,Idle,0%,100%,26,0.00,0%,0.00,FALSE,Idle,Idle,0%,100%,0,0.00,0%,0.00,Score,Score,0%,100%,40,0.00,100%,0.00,Defense,Defense,0%,100%,0,0.00,0%,0.00,Defense,Score,0%,100%,47,0.00,33.3%,0.00,Defense,Defense,0%,100%,0,0.00,0%,0.00,Score,Score,10%,100%,44,4.40,100%,4.40,4.40,4.40,Not Attempted,None,Not Attempted,None,1,0,1,2,0,0,Awful,FALSE
30,Blue,2,1727,1,,Hub,Idle,Idle,0%,100%,26,0.00,0%,0.00,FALSE,Score,Score,70%,100%,0,0.00,100%,0.00,Score,Score,80%,100%,40,32.00,100%,32.00,Intake from Neutral Zone,Intake from Neutral Zone,0%,100%,0,0.00,0%,0.00,Score,Score,0%,100%,47,0.00,100%,0.00,Intake from Neutral Zone,Pass,0%,100%,0,0.00,0%,0.00,Score,Score,100%,100%,44,44.00,100%,44.00,76.00,76.00,Not Attempted,None,Not Attempted,None,4,5,4,4,1,0,,FALSE
30,Blue,3,1895,0,,,,,0%,100%,26,0.00,0%,0.00,FALSE,,,0%,100%,0,0.00,0%,0.00,,,0%,100%,40,0.00,0%,0.00,,,0%,100%,0,0.00,0%,0.00,,,0%,100%,47,0.00,0%,0.00,,,0%,100%,0,0.00,0%,0.00,,,0%,100%,44,0.00,0%,0.00,0.00,0.00,,None,,Level1,,,,,,,,FALSE
30,Red,1,3136,1,,Right Trench,Intake from Neutral Zone,Score,30%,80%,70,26.25,33.3%,78.83,TRUE,Intake from Neutral Zone,None,0%,60%,24,0.00,0%,0.00,Intake from Neutral Zone,Pass,0%,0%,0,0.00,0%,0.00,Score,None,50%,110%,140,63.64,100%,63.64,Intake from Neutral Zone,None,0%,0%,0,0.00,0%,0.00,Score,None,50%,120%,101,42.08,100%,42.08,Score,Intake from Neutral Zone,50%,120%,98,40.83,66.7%,61.22,245.77,172.80,Not Attempted,None,Not Attempted,None,4,2,3,4,0,0,Great shooter. Good intake. Auto messed up. ,FALSE
30,Red,2,10679,1,,Hub,Idle,None,0%,80%,70,0.00,0%,0.00,TRUE,Defense,None,0%,60%,24,0.00,0%,0.00,Defense,None,0%,0%,0,0.00,0%,0.00,Defense,None,0%,110%,140,0.00,0%,0.00,Defense,None,0%,0%,0,0.00,0%,0.00,Defense,None,0%,120%,101,0.00,0%,0.00,Pass,None,0%,120%,98,0.00,0%,0.00,0.00,0.00,Not Attempted,None,Not Attempted,None,1,1,0,1,0,1,Defense was almost impossible and it was to slow and light to defend any robot also its shooter made 0 balls go into the hub and did pass a few balls to both sides and human players.,FALSE
30,Red,3,449,1,,Hub,Score,None,50%,80%,70,43.75,100%,43.75,TRUE,Score,None,60%,60%,24,24.00,100%,24.00,Pass,None,0%,0%,0,0.00,0%,0.00,Score,None,60%,110%,140,76.36,100%,76.36,Pass,None,0%,0%,0,0.00,0%,0.00,Score,None,70%,120%,101,58.92,100%,58.92,Score,None,70%,120%,98,57.17,100%,57.17,260.20,260.20,Not Attempted,None,Not Attempted,None,5,4,5,4,0,0,Holy crap that was amazing. They scored like 300 points by themselves.,FALSE
31,Blue,1,5338,1,,Left Trench,Intake from Neutral Zone,Score,70%,100%,72,50.40,33.3%,151.35,FALSE,Score,Intake from Neutral Zone,60%,100%,20,12.00,66.7%,17.99,Score,Intake from Neutral Zone,60%,100%,89,53.40,66.7%,80.06,Intake from Neutral Zone,Intake from Neutral Zone,0%,100%,0,0.00,0%,0.00,Score,Score,0%,100%,58,0.00,100%,0.00,Intake from Neutral Zone,Intake from Neutral Zone,0%,100%,0,0.00,0%,0.00,Score,Score,50%,100%,96,48.00,100%,48.00,297.40,163.80,Not Attempted,None,Not Attempted,None,4,0,5,4,0,0,,FALSE
31,Blue,2,1719,1,,Hub,Score,Score,10%,100%,72,7.20,100%,7.20,FALSE,Pass,Pass,0%,100%,20,0.00,0%,0.00,Pass,Pass,0%,100%,89,0.00,0%,0.00,Pass,Pass,0%,100%,0,0.00,0%,0.00,Pass,Pass,0%,100%,58,0.00,0%,0.00,Pass,Pass,0%,100%,0,0.00,0%,0.00,Pass,Pass,0%,100%,96,0.00,0%,0.00,7.20,7.20,Not Attempted,None,Not Attempted,None,1,2,0,3,0,0,,FALSE
31,Blue,3,540,0,,,,,0%,100%,72,0.00,0%,0.00,FALSE,,,0%,100%,20,0.00,0%,0.00,,,0%,100%,89,0.00,0%,0.00,,,0%,100%,0,0.00,0%,0.00,,,0%,100%,58,0.00,0%,0.00,,,0%,100%,0,0.00,0%,0.00,,,0%,100%,96,0.00,0%,0.00,0.00,0.00,,None,,None,,,,,,,,FALSE
31,Red,1,619,1,,Hub,Idle,None,0%,70%,78,0.00,0%,0.00,TRUE,Idle,None,0%,80%,28,0.00,0%,0.00,Intake from Neutral Zone,Score,40%,70%,0,0.00,33.3%,0.00,Intake from Neutral Zone,None,0%,40%,106,0.00,0%,0.00,Intake from Neutral Zone,None,0%,0%,0,0.00,0%,0.00,Idle,None,0%,80%,79,0.00,0%,0.00,Defense,None,0%,90%,92,0.00,0%,0.00,0.00,0.00,Not Attempted,None,Not Attempted,None,3,0,2,3,0,4,Good defence. Ok shoter. Bad intake.,FALSE
31,Red,2,4099,1,,Left Trench,Intake from Neutral Zone,Score,50%,70%,78,55.71,33.3%,167.31,TRUE,Idle,None,50%,80%,28,17.50,0%,0.00,Intake from Neutral Zone,None,30%,70%,0,0.00,0%,0.00,Defense,None,0%,40%,106,0.00,0%,0.00,Defense,None,0%,0%,0,0.00,0%,0.00,Score,None,40%,80%,79,39.50,100%,39.50,Intake from Neutral Zone,Score,40%,90%,92,40.89,33.3%,122.79,329.60,153.60,Not Attempted,None,Not Attempted,None,2,0,3,2,0,2,Shooter worked sometimes and others it was completely useless the constituency of the robot was horrible the defense did work but the intaking was okay.,FALSE
31,Red,3,836,1,,Right Trench,Score,None,20%,70%,78,22.29,100%,22.29,TRUE,Score,None,30%,80%,28,10.50,100%,10.50,Pass,None,0%,70%,0,0.00,0%,0.00,Score,None,40%,40%,106,106.00,100%,106.00,Pass,None,0%,0%,0,0.00,0%,0.00,Pass,None,40%,80%,79,39.50,0%,0.00,Score,None,50%,90%,92,51.11,100%,51.11,189.90,229.40,Not Attempted,None,Not Attempted,None,4,3,4,4,0,0,,FALSE
32,Blue,1,2377,1,,Left Bump,Score,Score,20%,100%,54,10.80,100%,10.80,TRUE,Intake from Neutral Zone,Intake from Neutral Zone,0%,100%,27,0.00,0%,0.00,Pass,Intake from Neutral Zone,0%,100%,0,0.00,0%,0.00,Score,Score,30%,100%,95,28.50,100%,28.50,Intake from Neutral Zone,Intake from Neutral Zone,0%,100%,0,0.00,0%,0.00,Score,Score,30%,100%,69,20.70,100%,20.70,Score,Score,30%,100%,68,20.40,100%,20.40,80.40,80.40,Not Attempted,None,Not Attempted,None,3,0,4,3,0,0,,FALSE
32,Blue,2,1262,1,,Hub,Intake from Neutral Zone,Score,50%,100%,54,27.00,33.3%,81.08,TRUE,Score,Score,50%,100%,27,13.50,100%,13.50,Pass,Intake from Neutral Zone,0%,100%,0,0.00,0%,0.00,Score,Score,30%,100%,95,28.50,100%,28.50,Pass,Intake from Neutral Zone,0%,100%,0,0.00,0%,0.00,Score,Score,40%,100%,69,27.60,100%,27.60,Score,Intake from Neutral Zone,40%,100%,68,27.20,66.7%,40.78,191.46,123.80,Not Attempted,None,Not Attempted,None,2,4,4,4,1,0,,FALSE
32,Blue,3,122,0,,,,,0%,100%,54,0.00,0%,0.00,TRUE,,,0%,100%,27,0.00,0%,0.00,,,0%,100%,0,0.00,0%,0.00,,,0%,100%,95,0.00,0%,0.00,,,0%,100%,0,0.00,0%,0.00,,,0%,100%,69,0.00,0%,0.00,,,0%,100%,68,0.00,0%,0.00,0.00,0.00,,None,,None,,,,,,,,FALSE
32,Red,1,4472,1,,Left Trench,Intake from Neutral Zone,Score,10%,40%,38,9.50,33.3%,28.53,FALSE,Score,None,80%,100%,6,4.80,100%,4.80,Score,None,40%,60%,51,34.00,100%,34.00,Intake from Neutral Zone,Pass,0%,20%,0,0.00,0%,0.00,Score,None,0%,0%,58,19.33,100%,19.33,Intake from Neutral Zone,Pass,0%,20%,0,0.00,0%,0.00,Score,None,70%,90%,63,49.00,100%,49.00,135.66,116.63,Not Attempted,None,Not Attempted,None,3,3,3,4,0,0,"Good shooter, ok intake, good strategy.",FALSE
32,Red,2,2068,1,,Hub,Score,None,10%,40%,38,9.50,100%,9.50,FALSE,Pass,None,0%,100%,6,0.00,0%,0.00,Defense,None,0%,60%,51,0.00,0%,0.00,Pass,None,0%,20%,0,0.00,0%,0.00,Pass,None,0%,0%,58,19.33,0%,0.00,Defense,None,0%,20%,0,0.00,0%,0.00,Pass,None,0%,90%,63,0.00,0%,0.00,9.50,28.83,Not Attempted,None,Not Attempted,None,1,2,1,1,0,1,Defense helped the other team boosting them into balls allowing them to intake faster the hoper couldn’t even store any of the balls it collected has accuracy but takes forever to shot only one shot.,FALSE
32,Red,3,5804,1,,Right Bump,Score,None,20%,40%,38,19.00,100%,19.00,FALSE,Score,None,20%,100%,6,1.20,100%,1.20,Score,None,20%,60%,51,17.00,100%,17.00,Score,None,20%,20%,0,0.00,100%,0.00,Score,None,0%,0%,58,19.33,100%,19.33,Score,None,20%,20%,0,0.00,100%,0.00,Score,None,20%,90%,63,14.00,100%,14.00,70.53,70.53,Not Attempted,None,Not Attempted,None,2,0,2,3,0,0,Mid. Don't pick.,FALSE
33,Blue,1,346,1,,Left Bump,Intake from Neutral Zone,Score,50%,100%,58,29.00,33.3%,87.09,TRUE,Intake from Neutral Zone,Intake from Neutral Zone,0%,100%,7,0.00,0%,0.00,Intake from Neutral Zone,Pass,0%,100%,0,0.00,0%,0.00,Score,Score,60%,100%,101,60.60,100%,60.60,Intake from Neutral Zone,Pass,0%,100%,0,0.00,0%,0.00,Score,Score,40%,100%,108,43.20,100%,43.20,Score,Score,60%,100%,79,47.40,100%,47.40,238.29,180.20,Not Attempted,None,Not Attempted,None,5,0,4,5,0,0,Pretty good,FALSE
33,Blue,2,11415,1,,Right Trench,Intake from Neutral Zone,Score,20%,100%,58,11.60,33.3%,34.83,TRUE,Intake from Neutral Zone,Score,20%,100%,7,1.40,33.3%,4.20,Score,Pass,0%,100%,0,0.00,66.7%,0.00,Score,Intake from Neutral Zone,30%,100%,101,30.30,66.7%,45.43,Intake from Neutral Zone,Pass,0%,100%,0,0.00,0%,0.00,Score,Score,10%,100%,108,10.80,100%,10.80,Intake from Neutral Zone,Score,20%,100%,79,15.80,33.3%,47.45,142.71,69.90,Not Attempted,None,Not Attempted,None,1,2,4,3,1,0,,FALSE
33,Blue,3,2890,0,,,,,0%,100%,58,0.00,0%,0.00,TRUE,,,0%,100%,7,0.00,0%,0.00,,,0%,100%,0,0.00,0%,0.00,,,0%,100%,101,0.00,0%,0.00,,,0%,100%,0,0.00,0%,0.00,,,0%,100%,108,0.00,0%,0.00,,,0%,100%,79,0.00,0%,0.00,0.00,0.00,,Level1,,None,,,,,,,,FALSE
33,Red,1,9072,1,,Left Trench,Intake from Neutral Zone,Score,40%,60%,49,32.67,33.3%,98.10,FALSE,Intake from Neutral Zone,Score,60%,90%,43,28.67,33.3%,86.09,Score,Intake from Neutral Zone,70%,110%,63,40.09,66.7%,60.11,Idle,None,0%,50%,0,0.00,0%,0.00,Idle,None,0%,0%,29,9.67,0%,0.00,Idle,None,0%,20%,0,0.00,0%,0.00,Idle,None,0%,50%,21,0.00,0%,0.00,244.29,111.09,Not Attempted,None,Not Attempted,None,5,0,4,4,0,0,Idle for almost whole match. But really good robot.,FALSE
33,Red,2,3939,1,,Right Bump,Idle,None,0%,60%,49,0.00,0%,0.00,FALSE,Idle,None,0%,90%,43,0.00,0%,0.00,Score,None,20%,110%,63,11.45,100%,11.45,Defense,None,20%,50%,0,0.00,0%,0.00,Intake from Neutral Zone,Score,0%,0%,29,9.67,33.3%,29.03,Defense,None,0%,20%,0,0.00,0%,0.00,Score,None,20%,50%,21,8.40,100%,8.40,48.88,29.52,Not Attempted,None,Not Attempted,None,1,0,0,1,0,1,Most skilled robot able to miss every shot at the start of the match and then finally got a few points but not much.,FALSE
33,Red,3,9033,1,,Hub,Score,None,20%,60%,49,16.33,100%,16.33,FALSE,Score,None,30%,90%,43,14.33,100%,14.33,Score,None,20%,110%,63,11.45,100%,11.45,Score,None,30%,50%,0,0.00,100%,0.00,Score,None,0%,0%,29,9.67,100%,9.67,Defense,None,20%,20%,0,0.00,0%,0.00,Score,None,30%,50%,21,12.60,100%,12.60,64.39,64.39,Not Attempted,None,Not Attempted,None,3,0,3,3,0,4,,FALSE
34,Blue,1,8590,1,,Hub,Idle,Idle,0%,100%,38,0.00,0%,0.00,FALSE,Pass,Pass,0%,100%,14,0.00,0%,0.00,Defense,Defense,0%,100%,49,0.00,0%,0.00,Defense,Defense,0%,100%,0,0.00,0%,0.00,Defense,Defense,0%,100%,45,0.00,0%,0.00,Defense,Defense,0%,100%,0,0.00,0%,0.00,Defense,Defense,0%,100%,57,0.00,0%,0.00,0.00,0.00,Not Attempted,None,Not Attempted,None,0,0,0,3,0,3,,FALSE
34,Blue,2,2537,1,,Right Trench,Idle,Idle,0%,100%,38,0.00,0%,0.00,FALSE,Idle,Idle,0%,100%,14,0.00,0%,0.00,Idle,Idle,0%,100%,49,0.00,0%,0.00,Idle,Idle,0%,100%,0,0.00,0%,0.00,Idle,Idle,0%,100%,45,0.00,0%,0.00,Idle,Idle,0%,100%,0,0.00,0%,0.00,Idle,Idle,0%,100%,57,0.00,0%,0.00,0.00,0.00,Not Attempted,None,Not Attempted,None,0,0,0,4,0,0,pressed e stop instead of auto stop button during auto,FALSE
34,Blue,3,1629,0,,,,,0%,100%,38,0.00,0%,0.00,FALSE,,,0%,100%,14,0.00,0%,0.00,,,0%,100%,49,0.00,0%,0.00,,,0%,100%,0,0.00,0%,0.00,,,0%,100%,45,0.00,0%,0.00,,,0%,100%,0,0.00,0%,0.00,,,0%,100%,57,0.00,0%,0.00,0.00,0.00,,None,,None,,,,,,,,FALSE
34,Red,1,2199,1,,Right Trench,Intake from Neutral Zone,Score,20%,70%,41,11.71,33.3%,35.18,TRUE,Intake from Neutral Zone,Score,60%,110%,26,14.18,33.3%,42.59,Idle,None,0%,50%,0,0.00,0%,0.00,Intake from Neutral Zone,Score,10%,60%,54,9.00,33.3%,27.03,Intake from Neutral Zone,None,0%,0%,0,0.00,0%,0.00,Score,Intake from Neutral Zone,40%,100%,51,20.40,66.7%,30.58,Idle,None,0%,60%,46,0.00,0%,0.00,135.38,55.30,Not Attempted,None,Not Attempted,None,3,0,2,4,0,0,Good shooter. Ok intake.,FALSE
34,Red,2,1908,1,,Left Trench,Score,None,50%,70%,41,29.29,100%,29.29,TRUE,Intake from Neutral Zone,None,50%,110%,26,11.82,0%,0.00,Pass,None,50%,50%,0,0.00,0%,0.00,Score,None,50%,60%,54,45.00,100%,45.00,Intake from Neutral Zone,None,0%,0%,0,0.00,0%,0.00,Score,Intake from Neutral Zone,60%,100%,51,30.60,66.7%,45.88,Intake from Neutral Zone,Score,60%,60%,46,46.00,33.3%,138.14,258.30,162.70,Not Attempted,None,Not Attempted,None,3,4,0,3,0,0,Not accurate but can hold a lot of balls and pass and decent shooting speed.,FALSE
34,Red,3,5587,1,,Hub,Idle,None,0%,70%,41,0.00,0%,0.00,TRUE,Idle,None,0%,110%,26,0.00,0%,0.00,Idle,None,0%,50%,0,0.00,0%,0.00,Idle,None,0%,60%,54,0.00,0%,0.00,Idle,None,0%,0%,0,0.00,0%,0.00,Idle,None,0%,100%,51,0.00,0%,0.00,Idle,None,0%,60%,46,0.00,0%,0.00,0.00,0.00,Not Attempted,None,Not Attempted,None,0,0,0,1,0,0,Did genuinely like nothing.,FALSE
35,Blue,1,10224,1,,Hub,Idle,Idle,0%,100%,47,0.00,0%,0.00,TRUE,Score,Score,10%,100%,24,2.40,100%,2.40,Intake from Neutral Zone,Intake from Neutral Zone,0%,100%,0,0.00,0%,0.00,Score,Score,40%,100%,115,46.00,100%,46.00,Intake from Neutral Zone,Pass,0%,100%,0,0.00,0%,0.00,Score,Score,40%,100%,115,46.00,100%,46.00,Intake from Neutral Zone,Score,40%,100%,86,34.40,33.3%,103.30,197.70,128.80,Not Attempted,None,Not Attempted,None,5,0,4,4,0,0,,FALSE
35,Blue,2,888,1,,Right Trench,Intake from Neutral Zone,Score,0%,100%,47,0.00,33.3%,0.00,TRUE,Score,Intake from Neutral Zone,40%,100%,24,9.60,66.7%,14.39,Score,Score,40%,100%,0,0.00,100%,0.00,Intake from Neutral Zone,Score,30%,100%,115,34.50,33.3%,103.60,Score,Score,0%,100%,0,0.00,100%,0.00,Score,Score,40%,100%,115,46.00,100%,46.00,Score,Score,60%,100%,86,51.60,100%,51.60,215.60,141.70,Not Attempted,None,Not Attempted,None,4,0,4,4,0,1,,FALSE
35,Blue,3,422,0,,,,,0%,100%,47,0.00,0%,0.00,TRUE,,,0%,100%,24,0.00,0%,0.00,,,0%,100%,0,0.00,0%,0.00,,,0%,100%,115,0.00,0%,0.00,,,0%,100%,0,0.00,0%,0.00,,,0%,100%,115,0.00,0%,0.00,,,0%,100%,86,0.00,0%,0.00,0.00,0.00,,None,,None,,,,,,,,FALSE
35,Red,1,620,1,,Hub,Idle,None,0%,80%,36,0.00,0%,0.00,FALSE,Intake from Neutral Zone,None,0%,90%,6,0.00,0%,0.00,Score,Intake from Neutral Zone,40%,140%,86,24.57,66.7%,36.84,Intake from Neutral Zone,None,0%,100%,0,0.00,0%,0.00,Score,None,0%,0%,77,25.67,100%,25.67,Intake from Neutral Zone,None,0%,100%,0,0.00,0%,0.00,Score,None,40%,130%,35,10.77,100%,10.77,73.27,61.01,Not Attempted,None,Not Attempted,None,3,0,2,3,0,0,"Big hopper, slow shooter. ",FALSE
35,Red,2,686,1,,Left Trench,Intake from Neutral Zone,Score,80%,80%,36,36.00,33.3%,108.11,FALSE,Score,None,80%,90%,6,5.33,100%,5.33,Intake from Neutral Zone,Score,80%,140%,86,49.14,33.3%,147.58,Intake from Neutral Zone,None,80%,100%,0,0.00,0%,0.00,Score,Intake from Neutral Zone,0%,0%,77,25.67,66.7%,38.48,Intake from Neutral Zone,Pass,70%,100%,0,0.00,0%,0.00,Score,None,70%,130%,35,18.85,100%,18.85,318.34,134.99,Not Attempted,None,Not Attempted,None,4,5,4,5,0,0,Getting balls from behind them makes them have to spin around the rest was really good the still were relatively accurate.,FALSE
35,Red,3,5724,1,,Right Bump,Idle,None,0%,80%,36,0.00,0%,0.00,FALSE,Score,None,10%,90%,6,0.67,100%,0.67,Score,None,20%,140%,86,12.29,100%,12.29,Score,None,20%,100%,0,0.00,100%,0.00,Score,None,0%,0%,77,25.67,100%,25.67,Score,None,30%,100%,0,0.00,100%,0.00,Score,None,20%,130%,35,5.38,100%,5.38,44.00,44.00,Not Attempted,None,Not Attempted,None,2,0,2,4,0,0,,FALSE
36,Blue,1,1731,1,,Hub,Intake from Neutral Zone,Score,50%,100%,56,28.00,33.3%,84.08,FALSE,Score,Intake from Neutral Zone,40%,100%,35,14.00,66.7%,20.99,Score,Score,60%,100%,93,55.80,100%,55.80,Intake from Neutral Zone,Intake from Neutral Zone,0%,100%,0,0.00,0%,0.00,Score,Score,0%,100%,82,0.00,100%,0.00,Intake from Neutral Zone,Intake from Neutral Zone,0%,100%,0,0.00,0%,0.00,Score,Idle,50%,100%,89,44.50,66.7%,66.72,227.59,142.30,Not Attempted,None,Not Attempted,None,5,0,4,4,0,0,"Couldn’t shoot at very very end, but really good double turret robot ",FALSE
36,Blue,2,401,1,,Hub,Intake from Neutral Zone,Score,50%,100%,56,28.00,33.3%,84.08,FALSE,Score,Score,40%,100%,35,14.00,100%,14.00,Pass,Pass,0%,100%,93,0.00,0%,0.00,Score,Pass,50%,100%,0,0.00,66.7%,0.00,Intake from Neutral Zone,Intake from Neutral Zone,0%,100%,82,0.00,0%,0.00,Score,Score,60%,100%,0,0.00,100%,0.00,Score,Score,60%,100%,89,53.40,100%,53.40,151.48,95.40,Not Attempted,None,Not Attempted,None,4,0,4,3,0,0,,FALSE
36,Blue,3,339,0,,,,,0%,100%,56,0.00,0%,0.00,FALSE,,,0%,100%,35,0.00,0%,0.00,,,0%,100%,93,0.00,0%,0.00,,,0%,100%,0,0.00,0%,0.00,,,0%,100%,82,0.00,0%,0.00,,,0%,100%,0,0.00,0%,0.00,,,0%,100%,89,0.00,0%,0.00,0.00,0.00,,None,,None,,,,,,,,FALSE
36,Red,1,11425,1,,Hub,Idle,None,0%,90%,60,0.00,0%,0.00,TRUE,Pass,None,0%,0%,0,0.00,0%,0.00,Pass,None,0%,0%,0,0.00,0%,0.00,Defense,Pass,0%,90%,51,0.00,0%,0.00,Pass,None,0%,0%,0,0.00,0%,0.00,Pass,None,0%,90%,19,0.00,0%,0.00,Pass,None,0%,90%,34,0.00,0%,0.00,0.00,0.00,Not Attempted,None,Not Attempted,None,0,4,0,4,0,3,Good passer,FALSE
36,Red,2,1086,1,,Left Bump,Score,Intake from Neutral Zone,90%,90%,60,60.00,66.7%,89.96,TRUE,Intake from Neutral Zone,None,0%,0%,0,0.00,0%,0.00,Intake from Neutral Zone,Pass,0%,0%,0,0.00,0%,0.00,Score,None,90%,90%,51,51.00,100%,51.00,Idle,None,0%,0%,0,0.00,0%,0.00,Score,None,90%,90%,19,19.00,100%,19.00,Score,None,90%,90%,34,34.00,100%,34.00,193.96,164.00,Not Attempted,None,Not Attempted,None,4,0,3,4,3,0,Good at shooting decent intake it can stop working if they put it down on a ball.,FALSE
36,Red,3,3258,1,true,Hub,None,None,0%,90%,60,0.00,0%,0.00,TRUE,None,None,0%,0%,0,0.00,0%,0.00,None,None,0%,0%,0,0.00,0%,0.00,None,None,0%,90%,51,0.00,0%,0.00,None,None,0%,0%,0,0.00,0%,0.00,None,None,0%,90%,19,0.00,0%,0.00,None,None,0%,90%,34,0.00,0%,0.00,0.00,0.00,Not Attempted,None,Not Attempted,None,0,0,0,0,0,0,,FALSE
37,Blue,1,3361,1,,Hub,Score,Score,10%,100%,87,8.70,100%,8.70,TRUE,Idle,Idle,0%,100%,16,0.00,0%,0.00,Idle,Idle,0%,100%,0,0.00,0%,0.00,Defense,Idle,0%,100%,95,0.00,0%,0.00,Defense,Defense,0%,100%,0,0.00,0%,0.00,Intake from Neutral Zone,Intake from Neutral Zone,0%,100%,45,0.00,0%,0.00,Score,Score,10%,100%,93,9.30,100%,9.30,18.00,18.00,Not Attempted,None,Not Attempted,None,2,0,1,1,0,0,,FALSE
37,Blue,2,5338,1,,Left Trench,Intake from Neutral Zone,Score,50%,100%,87,43.50,33.3%,130.63,TRUE,Intake from Neutral Zone,Score,50%,100%,16,8.00,33.3%,24.02,Intake from Neutral Zone,Intake from Neutral Zone,0%,100%,0,0.00,0%,0.00,Score,Score,30%,100%,95,28.50,100%,28.50,Score,Score,0%,100%,0,0.00,100%,0.00,Score,Score,30%,100%,45,13.50,100%,13.50,Score,Score,60%,100%,93,55.80,100%,55.80,252.45,149.30,Not Attempted,None,Not Attempted,None,4,0,4,4,1,0,,FALSE
37,Blue,3,4099,0,,,,,0%,100%,87,0.00,0%,0.00,TRUE,,,0%,100%,16,0.00,0%,0.00,,,0%,100%,0,0.00,0%,0.00,,,0%,100%,95,0.00,0%,0.00,,,0%,100%,0,0.00,0%,0.00,,,0%,100%,45,0.00,0%,0.00,,,0%,100%,93,0.00,0%,0.00,0.00,0.00,,None,,None,,,,,,,,TRUE
37,Red,1,614,1,,Right Bump,Intake from Neutral Zone,Score,70%,110%,52,33.09,33.3%,99.37,FALSE,Pass,Intake from Neutral Zone,0%,40%,7,0.00,0%,0.00,Score,None,70%,110%,53,33.73,100%,33.73,Pass,Intake from Neutral Zone,0%,40%,0,0.00,0%,0.00,Score,None,0%,0%,96,32.00,100%,32.00,Pass,Intake from Neutral Zone,0%,50%,0,0.00,0%,0.00,Score,None,50%,90%,88,48.89,100%,48.89,213.99,147.71,Not Attempted,None,L1 Attempted,None,3,3,3,4,0,0,Good shooter intake and passing.,FALSE
37,Red,2,3136,1,,Left Trench,Intake from Neutral Zone,Score,40%,110%,52,18.91,33.3%,56.78,FALSE,Pass,None,40%,40%,7,7.00,0%,0.00,Intake from Neutral Zone,None,40%,110%,53,19.27,0%,0.00,Intake from Neutral Zone,None,40%,40%,0,0.00,0%,0.00,Score,None,0%,0%,96,32.00,100%,32.00,Intake from Neutral Zone,None,50%,50%,0,0.00,0%,0.00,Score,None,40%,90%,88,39.11,100%,39.11,127.90,116.29,Not Attempted,None,Not Attempted,None,4,0,4,4,0,0,Pretty good for not doing anything other than intake and shoot.,FALSE
37,Red,3,1895,1,,Right Trench,Idle,None,0%,110%,52,0.00,0%,0.00,FALSE,Defense,None,0%,40%,7,0.00,0%,0.00,Defense,None,0%,110%,53,0.00,0%,0.00,Defense,None,0%,40%,0,0.00,0%,0.00,Idle,None,0%,0%,96,32.00,0%,0.00,Defense,None,0%,50%,0,0.00,0%,0.00,Idle,None,0%,90%,88,0.00,0%,0.00,0.00,32.00,Not Attempted,None,Not Attempted,None,0,0,0,4,0,4,Good defence.,FALSE
38,Blue,1,11318,1,,Left Trench,Intake from Neutral Zone,Score,20%,100%,21,4.20,33.3%,12.61,FALSE,Intake from Neutral Zone,Intake from Neutral Zone,0%,100%,6,0.00,0%,0.00,Score,Score,20%,100%,19,3.80,100%,3.80,Intake from Neutral Zone,Intake from Neutral Zone,0%,100%,0,0.00,0%,0.00,Score,Score,0%,100%,16,0.00,100%,0.00,Intake from Neutral Zone,Intake from Neutral Zone,0%,100%,0,0.00,0%,0.00,Score,Score,30%,100%,32,9.60,100%,9.60,26.01,17.60,Not Attempted,None,Not Attempted,None,2,0,3,2,0,0,,FALSE
38,Blue,2,10679,1,,Hub,Score,None,20%,100%,21,4.20,100%,4.20,FALSE,Pass,Defense,0%,100%,6,0.00,0%,0.00,Defense,Defense,0%,100%,19,0.00,0%,0.00,Defense,Defense,0%,100%,0,0.00,0%,0.00,Defense,Defense,0%,100%,16,0.00,0%,0.00,Defense,Defense,0%,100%,0,0.00,0%,0.00,Defense,Pass,0%,100%,32,0.00,0%,0.00,4.20,4.20,Not Attempted,None,Not Attempted,None,1,0,1,2,0,2,slow slow swerve drivetrain,FALSE
38,Blue,3,1262,0,,,,,0%,100%,21,0.00,0%,0.00,FALSE,,,0%,100%,6,0.00,0%,0.00,,,0%,100%,19,0.00,0%,0.00,,,0%,100%,0,0.00,0%,0.00,,,0%,100%,16,0.00,0%,0.00,,,0%,100%,0,0.00,0%,0.00,,,0%,100%,32,0.00,0%,0.00,0.00,0.00,,None,,None,,,,,,,,TRUE
38,Red,1,1719,0,,,,,0%,100%,70,0.00,0%,0.00,TRUE,,,0%,100%,13,0.00,0%,0.00,,,0%,100%,0,0.00,0%,0.00,,,0%,100%,53,0.00,0%,0.00,,,0%,100%,0,0.00,0%,0.00,,,0%,100%,73,0.00,0%,0.00,,,0%,100%,71,0.00,0%,0.00,0.00,0.00,,None,,None,,,,,,,,FALSE
38,Red,2,449,1,,Right Trench,Intake from Neutral Zone,Score,80%,100%,70,56.00,33.3%,168.17,TRUE,Score,None,80%,100%,13,10.40,100%,10.40,Intake from Neutral Zone,Pass,80%,100%,0,0.00,0%,0.00,Score,Intake from Neutral Zone,90%,100%,53,47.70,66.7%,71.51,Intake from Neutral Zone,Pass,0%,100%,0,0.00,0%,0.00,Score,Intake from Neutral Zone,90%,100%,73,65.70,66.7%,98.50,Score,Intake from Neutral Zone,90%,100%,71,63.90,66.7%,95.80,444.39,243.70,Not Attempted,None,Not Attempted,None,5,5,5,5,3,0,"One of they best robots had great shooting, passing, intaking, and the only thing they could improve upon is defense avoidance the rest was amazing.",FALSE
38,Red,3,2377,1,,Left Trench,Score,None,10%,100%,70,7.00,100%,7.00,TRUE,Idle,None,0%,100%,13,0.00,0%,0.00,Pass,None,0%,100%,0,0.00,0%,0.00,Idle,None,0%,100%,53,0.00,0%,0.00,Idle,None,0%,100%,0,0.00,0%,0.00,Idle,None,0%,100%,73,0.00,0%,0.00,Idle,None,0%,100%,71,0.00,0%,0.00,7.00,7.00,Not Attempted,None,Not Attempted,None,2,2,2,3,0,0,Their turret disconnected from robot.  Slow.,FALSE
39,Blue,1,9033,1,,Left Trench,Intake from Neutral Zone,Score,20%,100%,35,7.00,33.3%,21.02,FALSE,Intake from Neutral Zone,None,0%,100%,8,0.00,0%,0.00,Defense,None,0%,100%,13,0.00,0%,0.00,Defense,None,0%,100%,0,0.00,0%,0.00,Defense,None,0%,100%,40,0.00,0%,0.00,Defense,None,0%,100%,0,0.00,0%,0.00,Defense,Pass,0%,100%,43,0.00,0%,0.00,21.02,7.00,Not Attempted,None,Not Attempted,None,2,2,2,3,0,3,Great defence. Didnt shoot much. Below average auto.,FALSE
39,Blue,2,4541,1,,Hub,Score,Score,30%,100%,35,10.50,100%,10.50,FALSE,Score,Score,10%,100%,8,0.80,100%,0.80,Score,Score,10%,100%,13,1.30,100%,1.30,Pass,Defense,0%,100%,0,0.00,0%,0.00,Defense,Pass,0%,100%,40,0.00,0%,0.00,Pass,Defense,0%,100%,0,0.00,0%,0.00,Pass,Pass,0%,100%,43,0.00,0%,0.00,12.60,12.60,Not Attempted,None,Not Attempted,None,1,2,1,2,0,2,indecisive driver,FALSE
39,Blue,3,3748,0,,,,,0%,100%,35,0.00,0%,0.00,FALSE,,,0%,100%,8,0.00,0%,0.00,,,0%,100%,13,0.00,0%,0.00,,,0%,100%,0,0.00,0%,0.00,,,0%,100%,40,0.00,0%,0.00,,,0%,100%,0,0.00,0%,0.00,,,0%,100%,43,0.00,0%,0.00,0.00,0.00,,None,,None,,,,,,,,FALSE
39,Red,1,540,1,,Right Trench,Intake from Neutral Zone,Score,50%,100%,74,37.00,33.3%,111.11,TRUE,Score,Score,100%,150%,30,20.00,100%,20.00,Intake from Neutral Zone,Intake from Neutral Zone,0%,50%,0,0.00,0%,0.00,Score,Score,60%,110%,51,27.82,100%,27.82,Intake from Neutral Zone,Intake from Neutral Zone,0%,0%,0,0.00,0%,0.00,Score,Score,60%,90%,54,36.00,100%,36.00,Score,Score,60%,80%,61,45.75,100%,45.75,240.68,166.57,Not Attempted,None,Not Attempted,None,5,0,4,4,0,0,Good shooter ,FALSE
39,Red,2,2068,1,,Hub,Score,None,10%,100%,74,7.40,100%,7.40,TRUE,Idle,None,10%,150%,30,2.00,0%,0.00,Intake from Neutral Zone,None,10%,50%,0,0.00,0%,0.00,Score,None,10%,110%,51,4.64,100%,4.64,Defense,Intake from Neutral Zone,0%,0%,0,0.00,0%,0.00,Score,Defense,0%,90%,54,0.00,66.7%,0.00,Pass,None,0%,80%,61,0.00,0%,0.00,12.04,14.04,Not Attempted,None,Not Attempted,None,1,1,1,1,1,1,Helped the other teams human players rather than defending slow shooting takes forever to shoot 1 or 2 balls was defended for 2 seconds and couldn’t even do much the entire game.,FALSE
39,Red,3,122,1,true,Left Trench,Score,None,40%,100%,74,29.60,100%,29.60,TRUE,Score,None,40%,150%,30,8.00,100%,8.00,Intake from Neutral Zone,None,40%,50%,0,0.00,0%,0.00,Score,None,40%,110%,51,18.55,100%,18.55,Intake from Neutral Zone,None,0%,0%,0,0.00,0%,0.00,Score,None,30%,90%,54,18.00,100%,18.00,Score,None,20%,80%,61,15.25,100%,15.25,89.40,89.40,Not Attempted,None,Not Attempted,None,3,0,4,3,0,0,Accuracy dropped sharply for some reason.,FALSE
40,Blue,1,2537,1,,Left Trench,Intake from Neutral Zone,Score,50%,100%,40,20.00,33.3%,60.06,FALSE,Intake from Neutral Zone,Pass,0%,100%,0,0.00,0%,0.00,Score,None,90%,100%,20,18.00,100%,18.00,Pass,None,0%,100%,0,0.00,0%,0.00,Idle,None,0%,100%,0,0.00,0%,0.00,Defense,None,0%,100%,0,0.00,0%,0.00,Defense,None,0%,100%,23,0.00,0%,0.00,78.06,38.00,Not Attempted,None,Not Attempted,None,2,3,1,3,0,2,Mid shooter. Bad intake. Ok defence. Mid strategy. Something might have broke.,FALSE
40,Blue,2,5243,1,,Right Bump,Score,Idle,20%,100%,40,8.00,66.7%,11.99,FALSE,Intake from Neutral Zone,Intake from Neutral Zone,0%,100%,0,0.00,0%,0.00,Score,Pass,10%,100%,20,2.00,66.7%,3.00,Pass,Pass,0%,100%,0,0.00,0%,0.00,Score,Score,0%,100%,0,0.00,100%,0.00,Pass,Score,0%,100%,0,0.00,33.3%,0.00,Score,Score,100%,100%,23,23.00,100%,23.00,37.99,33.00,L1 Attempted,None,Not Attempted,None,1,2,2,3,0,0,tank drive and bad indexing,FALSE
40,Blue,3,1111,0,,,,,0%,100%,40,0.00,0%,0.00,FALSE,,,0%,100%,0,0.00,0%,0.00,,,0%,100%,20,0.00,0%,0.00,,,0%,100%,0,0.00,0%,0.00,,,0%,100%,0,0.00,0%,0.00,,,0%,100%,0,0.00,0%,0.00,,,0%,100%,23,0.00,0%,0.00,0.00,0.00,,None,,None,,,,,,,,FALSE
40,Red,1,1629,1,,Left Trench,Intake from Neutral Zone,Score,50%,50%,50,50.00,33.3%,150.15,TRUE,Score,Score,60%,70%,38,32.57,100%,32.57,Intake from Neutral Zone,Intake from Neutral Zone,0%,10%,0,0.00,0%,0.00,Score,Score,40%,70%,96,54.86,100%,54.86,Intake from Neutral Zone,Intake from Neutral Zone,0%,0%,0,0.00,0%,0.00,Score,Score,40%,70%,56,32.00,100%,32.00,Score,Score,40%,80%,85,42.50,100%,42.50,312.08,211.93,Not Attempted,None,Not Attempted,None,3,0,3,4,0,0,,FALSE
40,Red,2,2890,1,,Hub,Intake from Neutral Zone,None,0%,50%,50,0.00,0%,0.00,TRUE,Intake from Neutral Zone,Pass,0%,70%,38,0.00,0%,0.00,Intake from Neutral Zone,Pass,0%,10%,0,0.00,0%,0.00,Intake from Neutral Zone,Pass,0%,70%,96,0.00,0%,0.00,Idle,None,0%,0%,0,0.00,0%,0.00,Idle,None,0%,70%,56,0.00,0%,0.00,Idle,None,0%,80%,85,0.00,0%,0.00,0.00,0.00,Not Attempted,Level1,L1 Attempted,Level1,0,3,1,3,1,0,They had a really nice climb in endgame their intake did not work.,FALSE
40,Red,3,619,1,,Right Trench,Intake from Neutral Zone,None,0%,50%,50,0.00,0%,0.00,TRUE,Score,None,10%,70%,38,5.43,100%,5.43,Intake from Neutral Zone,None,10%,10%,0,0.00,0%,0.00,Score,None,30%,70%,96,41.14,100%,41.14,Intake from Neutral Zone,None,0%,0%,0,0.00,0%,0.00,Score,None,30%,70%,56,24.00,100%,24.00,Score,None,40%,80%,85,42.50,100%,42.50,113.07,113.07,Not Attempted,None,Not Attempted,None,4,0,3,4,0,0,Good shooter decent intake.,FALSE
41,Blue,1,620,1,,Hub,Score,None,30%,100%,26,7.80,100%,7.80,FALSE,Intake from Neutral Zone,None,0%,100%,7,0.00,0%,0.00,Intake from Neutral Zone,Score,50%,100%,36,18.00,33.3%,54.05,Intake from Neutral Zone,None,0%,100%,0,0.00,0%,0.00,Score,None,0%,100%,104,0.00,100%,0.00,Intake from Neutral Zone,None,0%,100%,0,0.00,0%,0.00,Score,None,50%,100%,84,42.00,100%,42.00,103.85,67.80,Not Attempted,None,Not Attempted,None,3,0,2,4,0,0,Good strategy. Mid shooter. Below average intake.,FALSE
41,Blue,2,10224,1,,Left Bump,Intake from Neutral Zone,Score,0%,100%,26,0.00,33.3%,0.00,FALSE,Score,Score,70%,100%,7,4.90,100%,4.90,Intake from Neutral Zone,Intake from Neutral Zone,0%,100%,36,0.00,0%,0.00,Intake from Neutral Zone,Intake from Neutral Zone,0%,100%,0,0.00,0%,0.00,Score,Score,0%,100%,104,0.00,100%,0.00,Intake from Neutral Zone,Intake from Neutral Zone,0%,100%,0,0.00,0%,0.00,Score,Score,20%,100%,84,16.80,100%,16.80,21.70,21.70,Not Attempted,None,Not Attempted,None,2,0,3,3,1,0,slow intake slow shooter,FALSE
41,Blue,3,1389,0,,,,,0%,100%,26,0.00,0%,0.00,FALSE,,,0%,100%,7,0.00,0%,0.00,,,0%,100%,36,0.00,0%,0.00,,,0%,100%,0,0.00,0%,0.00,,,0%,100%,104,0.00,0%,0.00,,,0%,100%,0,0.00,0%,0.00,,,0%,100%,84,0.00,0%,0.00,0.00,0.00,,None,,None,,,,,,,,TRUE
41,Red,1,8592,1,,Left Trench,Intake from Neutral Zone,Score,30%,90%,36,12.00,33.3%,36.04,TRUE,Intake from Neutral Zone,Intake from Neutral Zone,0%,80%,18,0.00,0%,0.00,Pass,Intake from Neutral Zone,0%,10%,0,0.00,0%,0.00,Score,Score,50%,120%,63,26.25,100%,26.25,Intake from Neutral Zone,Intake from Neutral Zone,0%,0%,0,0.00,0%,0.00,Intake from Neutral Zone,Score,50%,110%,89,40.45,33.3%,121.49,Intake from Neutral Zone,Score,60%,120%,65,32.50,33.3%,97.60,281.37,111.20,Not Attempted,None,Not Attempted,None,5,0,4,5,0,0,Really good ,FALSE
41,Red,2,1727,1,,Right Trench,Intake from Neutral Zone,Score,60%,90%,36,24.00,33.3%,72.07,TRUE,Intake from Neutral Zone,Score,70%,80%,18,15.75,33.3%,47.30,Intake from Neutral Zone,Pass,0%,10%,0,0.00,0%,0.00,Score,None,60%,120%,63,31.50,100%,31.50,Pass,Intake from Neutral Zone,0%,0%,0,0.00,0%,0.00,Score,Intake from Neutral Zone,60%,110%,89,48.55,66.7%,72.78,Intake from Neutral Zone,Score,60%,120%,65,32.50,33.3%,97.60,321.25,152.30,Not Attempted,None,Not Attempted,None,4,4,4,4,0,0,Overall they did good they did give up even though they If team was unable to help them until the end of the match.,FALSE
41,Red,3,5804,1,true,Hub,Idle,None,0%,90%,36,0.00,0%,0.00,TRUE,Score,None,10%,80%,18,2.25,100%,2.25,Score,None,10%,10%,0,0.00,100%,0.00,Score,None,10%,120%,63,5.25,100%,5.25,Idle,None,0%,0%,0,0.00,0%,0.00,Idle,None,0%,110%,89,0.00,0%,0.00,Idle,None,0%,120%,65,0.00,0%,0.00,7.50,7.50,Not Attempted,None,Not Attempted,None,2,0,2,2,0,0,Idle most of the game. Mid,FALSE
42,Blue,1,422,1,,Left Trench,Intake from Neutral Zone,Score,40%,100%,29,11.60,33.3%,34.83,FALSE,Pass,None,0%,100%,0,0.00,0%,0.00,Pass,None,0%,100%,84,0.00,0%,0.00,Defense,None,0%,100%,0,0.00,0%,0.00,Defense,None,0%,100%,89,0.00,0%,0.00,Pass,None,0%,100%,0,0.00,0%,0.00,Score,None,50%,100%,124,62.00,100%,62.00,96.83,73.60,Not Attempted,None,Not Attempted,None,5,2,0,4,0,2,Intake broke during auto. ,FALSE
42,Blue,2,2199,1,,Right Trench,Intake from Neutral Zone,Score,0%,100%,29,0.00,33.3%,0.00,FALSE,Score,Pass,0%,100%,0,0.00,66.7%,0.00,Score,Score,50%,100%,84,42.00,100%,42.00,Intake from Neutral Zone,Pass,0%,100%,0,0.00,0%,0.00,Score,Intake from Neutral Zone,0%,100%,89,0.00,66.7%,0.00,Intake from Neutral Zone,Pass,0%,100%,0,0.00,0%,0.00,Score,Score,70%,100%,124,86.80,100%,86.80,128.80,128.80,Not Attempted,None,Not Attempted,None,3,4,4,4,1,0,auto sold the clip ,FALSE
42,Blue,3,11415,0,,,,,0%,100%,29,0.00,0%,0.00,FALSE,,,0%,100%,0,0.00,0%,0.00,,,0%,100%,84,0.00,0%,0.00,,,0%,100%,0,0.00,0%,0.00,,,0%,100%,89,0.00,0%,0.00,,,0%,100%,0,0.00,0%,0.00,,,0%,100%,124,0.00,0%,0.00,0.00,0.00,,None,,None,,,,,,,,FALSE
42,Red,1,888,1,,Left Trench,Intake from Neutral Zone,Score,40%,110%,63,22.91,33.3%,68.80,TRUE,Intake from Neutral Zone,Score,30%,100%,33,9.90,33.3%,29.73,Intake from Neutral Zone,Intake from Neutral Zone,0%,70%,0,0.00,0%,0.00,Intake from Neutral Zone,Score,30%,110%,133,36.27,33.3%,108.93,Intake from Neutral Zone,Intake from Neutral Zone,0%,0%,0,0.00,0%,0.00,Score,Score,30%,100%,41,12.30,100%,12.30,Score,Score,30%,110%,84,22.91,100%,22.91,242.66,104.29,Not Attempted,None,Not Attempted,None,3,0,4,3,0,0,Not bad ,FALSE
42,Red,2,836,1,,Right Trench,Score,Intake from Neutral Zone,50%,110%,63,28.64,66.7%,42.93,TRUE,Intake from Neutral Zone,Score,60%,100%,33,19.80,33.3%,59.46,Pass,Intake from Neutral Zone,60%,70%,0,0.00,0%,0.00,Score,None,70%,110%,133,84.64,100%,84.64,Pass,Intake from Neutral Zone,0%,0%,0,0.00,0%,0.00,Score,None,60%,100%,41,24.60,100%,24.60,Score,None,70%,110%,84,53.45,100%,53.45,265.08,211.13,Not Attempted,None,Not Attempted,None,5,5,5,5,4,0,Great defense avoidance really good turret and intake was amazing and passing was really good.,FALSE
42,Red,3,1086,1,,Hub,Score,None,20%,110%,63,11.45,100%,11.45,TRUE,Score,None,10%,100%,33,3.30,100%,3.30,Score,None,10%,70%,0,0.00,100%,0.00,Score,None,10%,110%,133,12.09,100%,12.09,Score,None,0%,0%,0,0.00,100%,0.00,Score,None,10%,100%,41,4.10,100%,4.10,Score,None,10%,110%,84,7.64,100%,7.64,38.58,38.58,Not Attempted,None,Not Attempted,None,3,0,3,3,0,0,Actually scored ok but rest of their team was just really good.,FALSE
43,Blue,1,2421,1,,Hub,Score,None,10%,100%,117,11.70,100%,11.70,TRUE,Intake from Neutral Zone,None,0%,100%,42,0.00,0%,0.00,Defense,None,0%,100%,0,0.00,0%,0.00,Pass,None,0%,100%,105,0.00,0%,0.00,Defense,None,0%,100%,0,0.00,0%,0.00,Pass,None,0%,100%,92,0.00,0%,0.00,Intake from Neutral Zone,Score,30%,100%,94,28.20,33.3%,84.68,96.38,39.90,Not Attempted,None,Not Attempted,None,3,2,1,4,0,3,Not bad.,FALSE
43,Blue,2,686,1,,Left Trench,Intake from Neutral Zone,Score,70%,100%,117,81.90,33.3%,245.95,TRUE,Intake from Neutral Zone,Score,60%,100%,42,25.20,33.3%,75.68,Intake from Neutral Zone,Intake from Neutral Zone,0%,100%,0,0.00,0%,0.00,Score,Score,80%,100%,105,84.00,100%,84.00,Pass,Intake from Neutral Zone,0%,100%,0,0.00,0%,0.00,Score,Intake from Neutral Zone,70%,100%,92,64.40,66.7%,96.55,Intake from Neutral Zone,Score,90%,100%,94,84.60,33.3%,254.05,756.23,340.10,Not Attempted,None,Not Attempted,None,4,5,5,4,2,0,,TRUE
43,Blue,3,1731,0,,,,,0%,100%,117,0.00,0%,0.00,TRUE,,,0%,100%,42,0.00,0%,0.00,,,0%,100%,0,0.00,0%,0.00,,,0%,100%,105,0.00,0%,0.00,,,0%,100%,0,0.00,0%,0.00,,,0%,100%,92,0.00,0%,0.00,,,0%,100%,94,0.00,0%,0.00,0.00,0.00,,None,,None,,,,,,,,FALSE
43,Red,1,3939,1,,Right Trench,Intake from Neutral Zone,Score,20%,20%,32,32.00,33.3%,96.10,FALSE,Intake from Neutral Zone,Score,20%,40%,12,6.00,33.3%,18.02,Intake from Neutral Zone,Intake from Neutral Zone,0%,60%,52,0.00,0%,0.00,Score,Score,20%,80%,0,0.00,100%,0.00,Idle,Idle,0%,0%,35,11.67,0%,0.00,Idle,Idle,0%,30%,0,0.00,0%,0.00,Idle,Idle,0%,30%,28,0.00,0%,0.00,114.11,49.67,Not Attempted,None,Not Attempted,None,0,0,0,2,0,0,,FALSE
43,Red,2,401,1,,Left Trench,Intake from Neutral Zone,None,0%,20%,32,0.00,0%,0.00,FALSE,Score,None,20%,40%,12,6.00,100%,6.00,Score,None,30%,60%,52,26.00,100%,26.00,Pass,Intake from Neutral Zone,30%,80%,0,0.00,0%,0.00,Score,None,0%,0%,35,11.67,100%,11.67,Pass,Intake from Neutral Zone,0%,30%,0,0.00,0%,0.00,Idle,None,0%,30%,28,0.00,0%,0.00,43.67,43.67,Not Attempted,None,Not Attempted,None,2,3,3,3,0,0,Their shots were very inaccurate and they shot a lot but missed most of them mainly good only as a passing bot.,FALSE
43,Red,3,4472,1,,Hub,Idle,None,0%,20%,32,0.00,0%,0.00,FALSE,Pass,None,0%,40%,12,0.00,0%,0.00,Score,None,30%,60%,52,26.00,100%,26.00,Score,None,30%,80%,0,0.00,100%,0.00,Score,None,0%,0%,35,11.67,100%,11.67,Score,None,30%,30%,0,0.00,100%,0.00,Score,None,30%,30%,28,28.00,100%,28.00,65.67,65.67,Not Attempted,None,Not Attempted,None,4,0,3,3,0,0,Good i guess.,FALSE
44,Blue,1,9072,1,,Left Trench,Intake from Neutral Zone,Score,70%,100%,92,64.40,33.3%,193.39,TRUE,Score,None,60%,100%,61,36.60,100%,36.60,Intake from Neutral Zone,None,0%,100%,0,0.00,0%,0.00,Score,None,70%,100%,132,92.40,100%,92.40,Intake from Neutral Zone,None,0%,100%,0,0.00,0%,0.00,Score,None,70%,100%,131,91.70,100%,91.70,Intake from Neutral Zone,Score,60%,100%,61,36.60,33.3%,109.91,524.00,321.70,Not Attempted,None,Not Attempted,None,5,0,4,3,2,0,Amazing shooter. Great intake. Dosnt pass.,FALSE
44,Blue,2,1908,1,,Right Trench,Intake from Neutral Zone,Score,30%,100%,92,27.60,33.3%,82.88,TRUE,Score,Intake from Neutral Zone,30%,100%,61,18.30,66.7%,27.44,Intake from Neutral Zone,Intake from Neutral Zone,0%,100%,0,0.00,0%,0.00,Score,Score,40%,100%,132,52.80,100%,52.80,Intake from Neutral Zone,Intake from Neutral Zone,0%,100%,0,0.00,0%,0.00,Score,Intake from Neutral Zone,30%,100%,131,39.30,66.7%,58.92,Score,Pass,30%,100%,61,18.30,66.7%,27.44,249.48,156.30,Not Attempted,None,Not Attempted,None,3,3,3,3,0,0,single turret,FALSE
44,Blue,3,3258,0,,,,,0%,100%,92,0.00,0%,0.00,TRUE,,,0%,100%,61,0.00,0%,0.00,,,0%,100%,0,0.00,0%,0.00,,,0%,100%,132,0.00,0%,0.00,,,0%,100%,0,0.00,0%,0.00,,,0%,100%,131,0.00,0%,0.00,,,0%,100%,61,0.00,0%,0.00,0.00,0.00,,None,,None,,,,,,,,FALSE
44,Red,1,5549,1,,Left Trench,Intake from Neutral Zone,Intake from Neutral Zone,0%,10%,23,0.00,0%,0.00,FALSE,Intake from Neutral Zone,Intake from Neutral Zone,0%,20%,0,0.00,0%,0.00,Score,Score,80%,90%,65,57.78,100%,57.78,Intake from Neutral Zone,Intake from Neutral Zone,0%,10%,0,0.00,0%,0.00,Score,Score,0%,0%,74,24.67,100%,24.67,Score,Score,50%,50%,0,0.00,100%,0.00,Score,Score,50%,50%,73,73.00,100%,73.00,155.44,155.44,Not Attempted,None,Not Attempted,None,4,0,4,4,0,0,,FALSE
44,Red,2,5724,1,,Right Trench,Idle,None,0%,10%,23,0.00,0%,0.00,FALSE,Intake from Neutral Zone,Score,10%,20%,0,0.00,33.3%,0.00,Idle,None,10%,90%,65,7.22,0%,0.00,Intake from Neutral Zone,None,10%,10%,0,0.00,0%,0.00,Idle,None,0%,0%,74,24.67,0%,0.00,Pass,None,0%,50%,0,0.00,0%,0.00,Pass,Idle,0%,50%,73,0.00,0%,0.00,0.00,31.89,Not Attempted,None,Not Attempted,None,1,2,1,1,0,0,Over or under shots almost every ball and intake was really not that good it is only usefull on passing to human players and pushing teammates of balls. ,FALSE
44,Red,3,11425,1,,Hub,Score,None,10%,10%,23,23.00,100%,23.00,FALSE,Score,None,10%,20%,0,0.00,100%,0.00,Idle,None,0%,90%,65,0.00,0%,0.00,Idle,None,0%,10%,0,0.00,0%,0.00,Idle,None,0%,0%,74,24.67,0%,0.00,Idle,None,0%,50%,0,0.00,0%,0.00,Idle,None,0%,50%,73,0.00,0%,0.00,23.00,47.67,Not Attempted,None,Not Attempted,None,2,0,1,3,0,0,Okay but don't pick.,FALSE
45,Blue,1,8590,1,,Hub,Score,None,10%,100%,64,6.40,100%,6.40,TRUE,Score,None,10%,100%,26,2.60,100%,2.60,Defense,None,0%,100%,0,0.00,0%,0.00,Pass,None,0%,100%,89,0.00,0%,0.00,Pass,None,0%,100%,0,0.00,0%,0.00,Pass,None,0%,100%,56,0.00,0%,0.00,Pass,None,0%,100%,51,0.00,0%,0.00,9.00,9.00,Not Attempted,None,Not Attempted,None,2,3,1,3,0,2,Bad overall. ,FALSE
45,Blue,2,5587,1,,Left Trench,Idle,Idle,0%,100%,64,0.00,0%,0.00,TRUE,Score,Score,0%,100%,26,0.00,100%,0.00,Intake from Neutral Zone,Pass,0%,100%,0,0.00,0%,0.00,Score,Score,0%,100%,89,0.00,100%,0.00,Pass,Pass,0%,100%,0,0.00,0%,0.00,Pass,Pass,0%,100%,56,0.00,0%,0.00,Defense,Pass,0%,100%,51,0.00,0%,0.00,0.00,0.00,Not Attempted,None,Not Attempted,None,1,2,1,2,1,1,,FALSE
45,Blue,3,2106,0,,,,,0%,100%,64,0.00,0%,0.00,TRUE,,,0%,100%,26,0.00,0%,0.00,,,0%,100%,0,0.00,0%,0.00,,,0%,100%,89,0.00,0%,0.00,,,0%,100%,0,0.00,0%,0.00,,,0%,100%,56,0.00,0%,0.00,,,0%,100%,51,0.00,0%,0.00,0.00,0.00,,None,,None,,,,,,,,FALSE
45,Red,1,339,1,,Right Trench,Intake from Neutral Zone,Score,10%,90%,53,5.89,33.3%,17.68,FALSE,Pass,Defense,0%,90%,3,0.00,0%,0.00,Defense,Defense,0%,90%,75,0.00,0%,0.00,Defense,Defense,0%,90%,0,0.00,0%,0.00,Pass,Defense,0%,0%,105,35.00,0%,0.00,Defense,Defense,0%,120%,0,0.00,0%,0.00,Defense,Pass,0%,120%,88,0.00,0%,0.00,17.68,40.89,Not Attempted,None,Not Attempted,None,0,0,0,2,0,0,,FALSE
45,Red,2,346,1,,Right Bump,Intake from Neutral Zone,Score,60%,90%,53,35.33,33.3%,106.11,FALSE,Intake from Neutral Zone,None,70%,90%,3,2.33,0%,0.00,Score,None,70%,90%,75,58.33,100%,58.33,Intake from Neutral Zone,None,70%,90%,0,0.00,0%,0.00,Score,None,0%,0%,105,35.00,100%,35.00,Intake from Neutral Zone,None,80%,120%,0,0.00,0%,0.00,Score,None,80%,120%,88,58.67,100%,58.67,258.11,189.67,Not Attempted,None,Not Attempted,None,4,0,4,4,0,0,It intakes a large amount of balls and when their hub activates they unload the entire hopper and repeated the process the entire game.,FALSE
45,Red,3,10004,1,,Hub,Score,None,20%,90%,53,11.78,100%,11.78,FALSE,Score,None,20%,90%,3,0.67,100%,0.67,Score,None,20%,90%,75,16.67,100%,16.67,Score,None,20%,90%,0,0.00,100%,0.00,Score,None,0%,0%,105,35.00,100%,35.00,Score,None,40%,120%,0,0.00,100%,0.00,Score,None,40%,120%,88,29.33,100%,29.33,93.44,93.44,Not Attempted,None,Not Attempted,None,3,0,3,3,0,0,Decent.,FALSE
46,Blue,1,122,1,,Left Trench,Intake from Neutral Zone,Score,40%,100%,90,36.00,33.3%,108.11,TRUE,Score,None,90%,100%,14,12.60,100%,12.60,Intake from Neutral Zone,Pass,0%,100%,0,0.00,0%,0.00,Score,None,50%,100%,102,51.00,100%,51.00,Intake from Neutral Zone,Pass,0%,100%,0,0.00,0%,0.00,Score,None,50%,100%,107,53.50,100%,53.50,Score,Intake from Neutral Zone,50%,100%,75,37.50,66.7%,56.22,281.43,190.60,Not Attempted,None,Not Attempted,None,4,2,4,4,0,0,"Great robot. Great shooter, great intake. Great strategy.",FALSE
46,Blue,2,2890,1,,Hub,Score,Score,0%,100%,90,0.00,100%,0.00,TRUE,Intake from Neutral Zone,Intake from Neutral Zone,0%,100%,14,0.00,0%,0.00,Intake from Neutral Zone,Pass,0%,100%,0,0.00,0%,0.00,Score,Idle,20%,100%,102,20.40,66.7%,30.58,Intake from Neutral Zone,Intake from Neutral Zone,0%,100%,0,0.00,0%,0.00,Pass,Score,10%,100%,107,10.70,33.3%,32.13,Score,Score,20%,100%,75,15.00,100%,15.00,77.72,46.10,L1 Attempted,None,L1 Attempted,Level1,3,2,3,4,3,0,"not too shabby, got their alliance a climb ranking point in endgame",FALSE
46,Blue,3,4099,0,,,,,0%,100%,90,0.00,0%,0.00,TRUE,,,0%,100%,14,0.00,0%,0.00,,,0%,100%,0,0.00,0%,0.00,,,0%,100%,102,0.00,0%,0.00,,,0%,100%,0,0.00,0%,0.00,,,0%,100%,107,0.00,0%,0.00,,,0%,100%,75,0.00,0%,0.00,0.00,0.00,,None,,None,,,,,,,,TRUE
46,Red,1,1629,1,,Hub,Intake from Neutral Zone,Score,50%,70%,43,30.71,33.3%,92.24,FALSE,Score,Score,70%,70%,7,7.00,100%,7.00,Score,Score,80%,110%,46,33.45,100%,33.45,Intake from Neutral Zone,Pass,0%,30%,0,0.00,0%,0.00,Score,Score,0%,0%,39,13.00,100%,13.00,Intake from Neutral Zone,Pass,0%,10%,0,0.00,0%,0.00,Score,Score,100%,110%,39,35.45,100%,35.45,181.14,119.62,Not Attempted,None,Not Attempted,None,4,0,4,4,0,0,Only working robot in that alliance so good,FALSE
46,Red,2,1895,1,,Hub,Score,None,20%,70%,43,12.29,100%,12.29,FALSE,Idle,None,0%,70%,7,0.00,0%,0.00,Score,None,30%,110%,46,12.55,100%,12.55,Idle,None,30%,30%,0,0.00,0%,0.00,Idle,None,0%,0%,39,13.00,0%,0.00,Idle,None,10%,10%,0,0.00,0%,0.00,Idle,None,10%,110%,39,3.55,0%,0.00,24.83,41.38,Not Attempted,None,Not Attempted,None,2,0,3,1,0,0,They went idle after the 2 transition so their wasn’t much they did this game.,FALSE
46,Red,3,10679,1,true,Right Bump,Idle,None,0%,70%,43,0.00,0%,0.00,FALSE,Defense,None,0%,70%,7,0.00,0%,0.00,Defense,None,0%,110%,46,0.00,0%,0.00,Idle,None,0%,30%,0,0.00,0%,0.00,Idle,None,0%,0%,39,13.00,0%,0.00,Idle,None,0%,10%,0,0.00,0%,0.00,Idle,None,0%,110%,39,0.00,0%,0.00,0.00,13.00,Not Attempted,None,Not Attempted,None,0,0,0,3,0,2,They suck don't pick.,FALSE
47,Blue,1,1262,1,,Left Trench,Intake from Neutral Zone,Score,50%,100%,49,24.50,33.3%,73.57,TRUE,Intake from Neutral Zone,None,0%,100%,3,0.00,0%,0.00,Pass,Idle,0%,100%,0,0.00,0%,0.00,Score,None,50%,100%,89,44.50,100%,44.50,Intake from Neutral Zone,Pass,0%,100%,0,0.00,0%,0.00,Score,None,40%,100%,77,30.80,100%,30.80,Score,None,50%,100%,66,33.00,100%,33.00,181.87,132.80,Not Attempted,None,Not Attempted,None,4,3,4,3,0,0,Good shooter and intake. Bad strategy. ,TRUE
47,Blue,2,9033,1,,Hub,Idle,Idle,0%,100%,49,0.00,0%,0.00,TRUE,Idle,Idle,0%,100%,3,0.00,0%,0.00,Pass,Defense,0%,100%,0,0.00,0%,0.00,Idle,Idle,0%,100%,89,0.00,0%,0.00,Idle,Idle,0%,100%,0,0.00,0%,0.00,Idle,Idle,0%,100%,77,0.00,0%,0.00,Idle,Idle,0%,100%,66,0.00,0%,0.00,0.00,0.00,Not Attempted,None,Not Attempted,None,1,1,1,1,0,1,yikes,FALSE
47,Blue,3,619,0,,,,,0%,100%,49,0.00,0%,0.00,TRUE,,,0%,100%,3,0.00,0%,0.00,,,0%,100%,0,0.00,0%,0.00,,,0%,100%,89,0.00,0%,0.00,,,0%,100%,0,0.00,0%,0.00,,,0%,100%,77,0.00,0%,0.00,,,0%,100%,66,0.00,0%,0.00,0.00,0.00,,None,,None,,,,,,,,FALSE
47,Red,1,3748,1,,Right Trench,Intake from Neutral Zone,Score,10%,10%,21,21.00,33.3%,63.06,FALSE,Intake from Neutral Zone,Score,100%,140%,0,0.00,33.3%,0.00,Score,Score,30%,80%,97,36.37,100%,36.37,Intake from Neutral Zone,Intake from Neutral Zone,0%,50%,0,0.00,0%,0.00,Score,Score,0%,0%,94,31.33,100%,31.33,Intake from Neutral Zone,Intake from Neutral Zone,0%,0%,0,0.00,0%,0.00,Score,Score,40%,100%,93,37.20,100%,37.20,167.97,125.91,Not Attempted,None,Not Attempted,None,4,0,3,3,0,0,,FALSE
47,Red,2,8592,1,,Left Bump,Intake from Neutral Zone,Idle,0%,10%,21,0.00,0%,0.00,FALSE,Intake from Neutral Zone,Score,20%,140%,0,0.00,33.3%,0.00,Score,Intake from Neutral Zone,30%,80%,97,36.37,66.7%,54.54,Intake from Neutral Zone,None,30%,50%,0,0.00,0%,0.00,Score,Intake from Neutral Zone,0%,0%,94,31.33,66.7%,46.98,Intake from Neutral Zone,Pass,0%,0%,0,0.00,0%,0.00,Score,Intake from Neutral Zone,40%,100%,93,37.20,66.7%,55.77,157.28,104.91,Not Attempted,None,Not Attempted,None,5,4,4,4,0,0,Good robot they just need a lot better autos so they actually score the balls they shoot in auto.,FALSE
47,Red,3,620,1,,Hub,Idle,None,0%,10%,21,0.00,0%,0.00,FALSE,Score,None,20%,140%,0,0.00,100%,0.00,Score,None,20%,80%,97,24.25,100%,24.25,Score,None,20%,50%,0,0.00,100%,0.00,Idle,None,0%,0%,94,31.33,0%,0.00,Idle,None,0%,0%,0,0.00,0%,0.00,Score,None,20%,100%,93,18.60,100%,18.60,42.85,74.18,Not Attempted,None,Not Attempted,None,2,0,4,3,0,0,Good intake bad shooter. Don't pick.,TRUE
48,Blue,1,11415,1,,Hub,Intake from Neutral Zone,Score,50%,100%,55,27.50,33.3%,82.58,FALSE,Score,None,80%,100%,1,0.80,100%,0.80,Score,None,20%,100%,112,22.40,100%,22.40,Intake from Neutral Zone,None,0%,100%,0,0.00,0%,0.00,Score,None,0%,100%,79,0.00,100%,0.00,Intake from Neutral Zone,Pass,0%,100%,0,0.00,0%,0.00,Score,Intake from Neutral Zone,40%,100%,146,58.40,66.7%,87.56,193.34,109.10,Not Attempted,None,Not Attempted,None,3,3,3,3,0,0,Average. Slow shooter. ,FALSE
48,Blue,2,1086,1,,Left Bump,Intake from Neutral Zone,Score,10%,100%,55,5.50,33.3%,16.52,FALSE,Intake from Neutral Zone,Score,40%,100%,1,0.40,33.3%,1.20,Score,Intake from Neutral Zone,60%,100%,112,67.20,66.7%,100.75,Intake from Neutral Zone,Score,0%,100%,0,0.00,33.3%,0.00,Score,Score,0%,100%,79,0.00,100%,0.00,Intake from Neutral Zone,Intake from Neutral Zone,0%,100%,0,0.00,0%,0.00,Score,Score,50%,100%,146,73.00,100%,73.00,191.47,146.10,Not Attempted,None,Not Attempted,None,4,0,4,4,0,0,clutched up at the end,TRUE
48,Blue,3,10224,0,,,,,0%,100%,55,0.00,0%,0.00,FALSE,,,0%,100%,1,0.00,0%,0.00,,,0%,100%,112,0.00,0%,0.00,,,0%,100%,0,0.00,0%,0.00,,,0%,100%,79,0.00,0%,0.00,,,0%,100%,0,0.00,0%,0.00,,,0%,100%,146,0.00,0%,0.00,0.00,0.00,,None,,None,,,,,,,,TRUE
48,Red,1,2537,1,,Left Trench,Idle,Idle,0%,100%,69,0.00,0%,0.00,TRUE,Idle,Idle,0%,90%,20,0.00,0%,0.00,Idle,Pass,0%,90%,0,0.00,0%,0.00,Pass,Defense,0%,110%,96,0.00,0%,0.00,Defense,Defense,0%,0%,0,0.00,0%,0.00,Defense,Defense,0%,110%,106,0.00,0%,0.00,Pass,Pass,0%,100%,92,0.00,0%,0.00,0.00,0.00,Not Attempted,None,Not Attempted,None,0,4,0,4,0,4,Good defense ,FALSE
48,Red,2,4541,1,,Hub,Score,None,20%,100%,69,13.80,100%,13.80,TRUE,Idle,None,20%,90%,20,4.44,0%,0.00,Intake from Neutral Zone,None,20%,90%,0,0.00,0%,0.00,Score,None,30%,110%,96,26.18,100%,26.18,Intake from Neutral Zone,None,0%,0%,0,0.00,0%,0.00,Score,None,30%,110%,106,28.91,100%,28.91,Score,None,30%,100%,92,27.60,100%,27.60,96.49,100.94,Not Attempted,None,Not Attempted,None,2,0,1,1,0,0,Slow intaking and shooting accuracy was high kind of but requires to be refilled a lot because of the small hopper size.,FALSE
48,Red,3,5338,1,true,Right Trench,Score,None,80%,100%,69,55.20,100%,55.20,TRUE,Score,None,70%,90%,20,15.56,100%,15.56,Intake from Neutral Zone,None,70%,90%,0,0.00,0%,0.00,Score,None,80%,110%,96,69.82,100%,69.82,Intake from Neutral Zone,None,0%,0%,0,0.00,0%,0.00,Score,None,80%,110%,106,77.09,100%,77.09,Score,None,70%,100%,92,64.40,100%,64.40,282.06,282.06,Not Attempted,None,Not Attempted,None,5,0,5,5,0,0,,FALSE
49,Blue,1,4472,1,,Hub,Score,None,30%,100%,84,25.20,100%,25.20,FALSE,Intake from Neutral Zone,None,0%,100%,16,0.00,0%,0.00,Pass,Intake from Neutral Zone,0%,100%,56,0.00,0%,0.00,Pass,Defense,0%,100%,0,0.00,0%,0.00,Pass,None,0%,100%,45,0.00,0%,0.00,Defense,None,0%,100%,0,0.00,0%,0.00,Pass,Defense,0%,100%,16,0.00,0%,0.00,25.20,25.20,Not Attempted,None,Not Attempted,None,3,5,3,3,0,2,Great passing. Shooter is pretty good.,FALSE
49,Blue,2,1731,1,,Right Trench,Intake from Neutral Zone,Score,60%,100%,84,50.40,33.3%,151.35,FALSE,Intake from Neutral Zone,Score,50%,100%,16,8.00,33.3%,24.02,Intake from Neutral Zone,Score,40%,100%,56,22.40,33.3%,67.27,Intake from Neutral Zone,Pass,0%,100%,0,0.00,0%,0.00,Intake from Neutral Zone,Score,0%,100%,45,0.00,33.3%,0.00,Intake from Neutral Zone,Intake from Neutral Zone,0%,100%,0,0.00,0%,0.00,Score,Pass,30%,100%,16,4.80,66.7%,7.20,249.84,85.60,Not Attempted,None,Not Attempted,None,4,4,4,4,3,0,"got their intake smashed and kept cooking, shooter didnt work at  end though",FALSE
49,Blue,3,888,0,,,,,0%,100%,84,0.00,0%,0.00,FALSE,,,0%,100%,16,0.00,0%,0.00,,,0%,100%,56,0.00,0%,0.00,,,0%,100%,0,0.00,0%,0.00,,,0%,100%,45,0.00,0%,0.00,,,0%,100%,0,0.00,0%,0.00,,,0%,100%,16,0.00,0%,0.00,0.00,0.00,,None,,None,,,,,,,,TRUE
49,Red,1,836,1,,Right Trench,Intake from Neutral Zone,Score,40%,90%,112,49.78,33.3%,149.48,TRUE,Score,Score,50%,100%,64,32.00,100%,32.00,Intake from Neutral Zone,Pass,0%,50%,0,0.00,0%,0.00,Score,Score,50%,100%,96,48.00,100%,48.00,Intake from Neutral Zone,Pass,0%,0%,0,0.00,0%,0.00,Score,Score,60%,70%,80,68.57,100%,68.57,Score,Intake from Neutral Zone,100%,140%,65,46.43,66.7%,69.61,367.66,244.78,Not Attempted,None,Not Attempted,None,5,5,5,5,5,0,"I love this robot, this robot is the goat, never challenge the bee, they will cook anyone in their way ",FALSE
49,Red,2,11318,1,,Hub,Score,None,10%,90%,112,12.44,100%,12.44,TRUE,Intake from Neutral Zone,None,10%,100%,64,6.40,0%,0.00,Intake from Neutral Zone,Idle,10%,50%,0,0.00,0%,0.00,Score,None,10%,100%,96,9.60,100%,9.60,Intake from Neutral Zone,None,0%,0%,0,0.00,0%,0.00,Score,None,10%,70%,80,11.43,100%,11.43,Pass,None,0%,140%,65,0.00,0%,0.00,33.47,39.87,Not Attempted,None,Not Attempted,None,3,2,3,3,0,0,Didn’t have to do much just got hard carried by Robot bees and Blair.,FALSE
49,Red,3,449,1,,Left Trench,Score,None,40%,90%,112,49.78,100%,49.78,TRUE,Score,None,40%,100%,64,25.60,100%,25.60,Score,None,40%,50%,0,0.00,100%,0.00,Score,None,40%,100%,96,38.40,100%,38.40,Score,None,0%,0%,0,0.00,100%,0.00,Idle,None,0%,70%,80,0.00,0%,0.00,Score,None,40%,140%,65,18.57,100%,18.57,132.35,132.35,Not Attempted,None,Not Attempted,None,5,0,5,5,0,0,Blair. Need i say more.,FALSE
50,Blue,1,422,1,,Left Trench,Intake from Neutral Zone,Score,50%,100%,28,14.00,33.3%,42.04,FALSE,Idle,None,0%,100%,1,0.00,0%,0.00,Defense,None,0%,100%,15,0.00,0%,0.00,Defense,None,0%,100%,0,0.00,0%,0.00,Pass,Defense,0%,100%,47,0.00,0%,0.00,Defense,None,0%,100%,0,0.00,0%,0.00,Pass,None,0%,100%,42,0.00,0%,0.00,42.04,14.00,Not Attempted,None,Not Attempted,None,3,3,0,4,0,5,Amazing defence. Intake broken. ,FALSE
50,Blue,2,5243,1,,Hub,Score,None,10%,100%,28,2.80,100%,2.80,FALSE,Pass,Pass,0%,100%,1,0.00,0%,0.00,Score,Intake from Neutral Zone,30%,100%,15,4.50,66.7%,6.75,Intake from Neutral Zone,Intake from Neutral Zone,0%,100%,0,0.00,0%,0.00,Score,Score,0%,100%,47,0.00,100%,0.00,Intake from Neutral Zone,Intake from Neutral Zone,0%,100%,0,0.00,0%,0.00,Score,Score,80%,100%,42,33.60,100%,33.60,43.15,40.90,L1 Attempted,None,Not Attempted,None,2,0,1,2,0,0,,FALSE
50,Blue,3,2068,0,,,,,0%,100%,28,0.00,0%,0.00,FALSE,,,0%,100%,1,0.00,0%,0.00,,,0%,100%,15,0.00,0%,0.00,,,0%,100%,0,0.00,0%,0.00,,,0%,100%,47,0.00,0%,0.00,,,0%,100%,0,0.00,0%,0.00,,,0%,100%,42,0.00,0%,0.00,0.00,0.00,,None,,None,,,,,,,,FALSE
50,Red,1,3258,1,,Hub,Idle,Idle,0%,90%,68,0.00,0%,0.00,TRUE,Intake from Neutral Zone,Intake from Neutral Zone,0%,90%,23,0.00,0%,0.00,Intake from Neutral Zone,Intake from Neutral Zone,0%,90%,0,0.00,0%,0.00,Idle,Idle,0%,70%,29,0.00,0%,0.00,Idle,Idle,0%,0%,0,0.00,0%,0.00,Idle,Idle,0%,100%,29,0.00,0%,0.00,Idle,Idle,0%,100%,22,0.00,0%,0.00,0.00,0.00,Not Attempted,None,Not Attempted,None,0,0,0,1,0,0,Stayed idle and doesn’t have auto,FALSE
50,Red,2,3136,1,,Right Trench,Intake from Neutral Zone,Score,40%,90%,68,30.22,33.3%,90.76,TRUE,Score,None,50%,90%,23,12.78,100%,12.78,Intake from Neutral Zone,None,50%,90%,0,0.00,0%,0.00,Score,None,40%,70%,29,16.57,100%,16.57,Intake from Neutral Zone,None,0%,0%,0,0.00,0%,0.00,Score,None,60%,100%,29,17.40,100%,17.40,Score,None,70%,100%,22,15.40,100%,15.40,152.91,92.37,Not Attempted,None,Not Attempted,None,3,0,3,3,1,0,It was kinda like our original robot but 0 defense avoidance and can be defended very easily.,TRUE
50,Red,3,401,1,,Left Bump,Score,None,50%,90%,68,37.78,100%,37.78,TRUE,Score,None,40%,90%,23,10.22,100%,10.22,Score,None,40%,90%,0,0.00,100%,0.00,Score,None,30%,70%,29,12.43,100%,12.43,Score,None,0%,0%,0,0.00,100%,0.00,Score,None,40%,100%,29,11.60,100%,11.60,Idle,None,30%,100%,22,6.60,0%,0.00,72.03,78.63,Not Attempted,None,Not Attempted,None,4,0,3,3,0,0,,FALSE
51,Blue,1,5587,1,,Hub,Score,None,40%,100%,25,10.00,100%,10.00,FALSE,Idle,None,0%,100%,17,0.00,0%,0.00,Score,Pass,40%,100%,62,24.80,66.7%,37.18,Defense,None,0%,100%,0,0.00,0%,0.00,Score,Defense,0%,100%,39,0.00,66.7%,0.00,Defense,Intake from Neutral Zone,0%,100%,0,0.00,0%,0.00,Score,None,40%,100%,43,17.20,100%,17.20,64.38,52.00,Not Attempted,None,Not Attempted,None,2,3,1,4,0,5,Put tiger bots on lockdown. Great defence. Great strategy.,FALSE
51,Blue,2,2377,1,,Left Trench,Pass,Score,20%,100%,25,5.00,33.3%,15.02,FALSE,Pass,Score,70%,100%,17,11.90,33.3%,35.74,Intake from Neutral Zone,Score,60%,100%,62,37.20,33.3%,111.71,Intake from Neutral Zone,Pass,0%,100%,0,0.00,0%,0.00,Score,Score,0%,100%,39,0.00,100%,0.00,Pass,Pass,0%,100%,0,0.00,0%,0.00,Score,Score,80%,100%,43,34.40,100%,34.40,196.86,88.50,Not Attempted,None,Not Attempted,None,2,4,3,3,0,0,slow jittery robot,FALSE
51,Blue,3,10004,0,,,,,0%,100%,25,0.00,0%,0.00,FALSE,,,0%,100%,17,0.00,0%,0.00,,,0%,100%,62,0.00,0%,0.00,,,0%,100%,0,0.00,0%,0.00,,,0%,100%,39,0.00,0%,0.00,,,0%,100%,0,0.00,0%,0.00,,,0%,100%,43,0.00,0%,0.00,0.00,0.00,,None,,None,,,,,,,,FALSE
51,Red,1,3361,1,,Hub,Idle,Idle,0%,90%,59,0.00,0%,0.00,TRUE,Score,Score,20%,110%,15,2.73,100%,2.73,Defense,Defense,0%,90%,0,0.00,0%,0.00,Defense,Defense,0%,90%,32,0.00,0%,0.00,Defense,Defense,0%,0%,0,0.00,0%,0.00,Intake from Neutral Zone,Intake from Neutral Zone,0%,80%,20,0.00,0%,0.00,Score,Score,10%,90%,19,2.11,100%,2.11,4.84,4.84,Not Attempted,None,Not Attempted,None,0,0,0,1,0,0,Can barely intake and shoot and so slow it looks like it has tank drive ,TRUE
51,Red,2,9072,1,,Right Trench,Intake from Neutral Zone,Score,90%,90%,59,59.00,33.3%,177.18,TRUE,Score,None,90%,110%,15,12.27,100%,12.27,Intake from Neutral Zone,None,90%,90%,0,0.00,0%,0.00,Score,None,90%,90%,32,32.00,100%,32.00,Pass,None,0%,0%,0,0.00,0%,0.00,Pass,None,80%,80%,20,20.00,0%,0.00,Idle,None,80%,90%,19,16.89,0%,0.00,221.45,140.16,Not Attempted,None,Not Attempted,None,5,0,3,5,1,0,Their intake broke when the got pushed into a wall while intake it was great until that happened.,FALSE
51,Red,3,2421,1,,Hub,Idle,None,0%,90%,59,0.00,0%,0.00,TRUE,Idle,None,0%,110%,15,0.00,0%,0.00,Idle,None,0%,90%,0,0.00,0%,0.00,Pass,None,0%,90%,32,0.00,0%,0.00,Defense,None,0%,0%,0,0.00,0%,0.00,Idle,None,0%,80%,20,0.00,0%,0.00,Idle,None,0%,90%,19,0.00,0%,0.00,0.00,0.00,Not Attempted,None,Not Attempted,None,0,0,0,2,0,2,Bad defense and didn't i take or shoot sucks.,FALSE
52,Blue,1,1727,1,,Hub,Score,Idle,50%,100%,72,36.00,66.7%,53.97,TRUE,Intake from Neutral Zone,None,0%,100%,70,0.00,0%,0.00,Intake from Neutral Zone,Pass,0%,100%,0,0.00,0%,0.00,Score,None,40%,100%,182,72.80,100%,72.80,Intake from Neutral Zone,None,0%,100%,0,0.00,0%,0.00,Score,None,50%,100%,161,80.50,100%,80.50,Intake from Neutral Zone,Score,40%,100%,109,43.60,33.3%,130.93,338.20,232.90,Not Attempted,None,Not Attempted,None,4,0,3,4,0,0,Good shooter and intake. Great strategy. ,FALSE
52,Blue,2,2106,1,,Left Trench,Intake from Neutral Zone,Score,70%,100%,72,50.40,33.3%,151.35,TRUE,Intake from Neutral Zone,Score,20%,100%,70,14.00,33.3%,42.04,Pass,Intake from Neutral Zone,0%,100%,0,0.00,0%,0.00,Score,Score,20%,100%,182,36.40,100%,36.40,Pass,Intake from Neutral Zone,0%,100%,0,0.00,0%,0.00,Score,Score,20%,100%,161,32.20,100%,32.20,Score,Score,30%,100%,109,32.70,100%,32.70,294.69,165.70,Not Attempted,None,Not Attempted,None,3,5,4,4,0,0,"Great team for cleaning up 
 the corners and scoring at the same time",FALSE
52,Blue,3,346,0,,,,,0%,100%,72,0.00,0%,0.00,TRUE,,,0%,100%,70,0.00,0%,0.00,,,0%,100%,0,0.00,0%,0.00,,,0%,100%,182,0.00,0%,0.00,,,0%,100%,0,0.00,0%,0.00,,,0%,100%,161,0.00,0%,0.00,,,0%,100%,109,0.00,0%,0.00,0.00,0.00,,None,,None,,,,,,,,FALSE
52,Red,1,614,1,,Left Bump,Intake from Neutral Zone,Score,80%,80%,42,42.00,33.3%,126.13,FALSE,Intake from Neutral Zone,Intake from Neutral Zone,0%,0%,0,0.00,0%,0.00,Score,Score,100%,100%,33,33.00,100%,33.00,Defense,Pass,0%,0%,0,0.00,0%,0.00,Score,Score,0%,0%,62,20.67,100%,20.67,Intake from Neutral Zone,Intake from Neutral Zone,0%,0%,0,0.00,0%,0.00,Score,Score,100%,100%,5,5.00,100%,5.00,184.79,100.67,Not Attempted,None,L1 Attempted,Level1,0,0,0,3,0,0,,FALSE
52,Red,2,5724,1,true,Hub,None,None,0%,80%,42,0.00,0%,0.00,FALSE,None,None,0%,0%,0,0.00,0%,0.00,None,None,0%,100%,33,0.00,0%,0.00,None,None,0%,0%,0,0.00,0%,0.00,None,None,0%,0%,62,20.67,0%,0.00,None,None,0%,0%,0,0.00,0%,0.00,None,None,0%,100%,5,0.00,0%,0.00,0.00,20.67,Not Attempted,None,Not Attempted,None,0,0,0,0,0,0,,FALSE
52,Red,3,1719,1,,Right Trench,Idle,None,0%,80%,42,0.00,0%,0.00,FALSE,Idle,None,0%,0%,0,0.00,0%,0.00,Idle,None,0%,100%,33,0.00,0%,0.00,Idle,None,0%,0%,0,0.00,0%,0.00,Defense,None,0%,0%,62,20.67,0%,0.00,Idle,None,0%,0%,0,0.00,0%,0.00,Idle,None,0%,100%,5,0.00,0%,0.00,0.00,20.67,Not Attempted,None,Not Attempted,None,0,0,0,1,0,1,God awful.,FALSE
53,Blue,1,5549,1,,Hub,Intake from Neutral Zone,Score,50%,100%,52,26.00,33.3%,78.08,FALSE,Intake from Neutral Zone,Score,80%,100%,23,18.40,33.3%,55.26,Intake from Neutral Zone,Score,40%,100%,50,20.00,33.3%,60.06,Intake from Neutral Zone,None,0%,100%,0,0.00,0%,0.00,Score,None,0%,100%,67,0.00,100%,0.00,Intake from Neutral Zone,None,0%,100%,0,0.00,0%,0.00,Score,None,40%,100%,144,57.60,100%,57.60,250.99,122.00,Not Attempted,None,Not Attempted,None,4,0,3,4,0,0,Good shooter and intake. Great strategy. ,FALSE
53,Blue,2,1908,1,,Hub,Score,Idle,30%,100%,52,15.60,66.7%,23.39,FALSE,Pass,Intake from Neutral Zone,0%,100%,23,0.00,0%,0.00,Intake from Neutral Zone,Pass,0%,100%,50,0.00,0%,0.00,Pass,Pass,0%,100%,0,0.00,0%,0.00,Pass,Pass,0%,100%,67,0.00,0%,0.00,Pass,Pass,0%,100%,0,0.00,0%,0.00,Score,Score,30%,100%,144,43.20,100%,43.20,66.59,58.80,Not Attempted,None,Not Attempted,None,3,4,4,4,0,0,,FALSE
53,Blue,3,339,0,,,,,0%,100%,52,0.00,0%,0.00,FALSE,,,0%,100%,23,0.00,0%,0.00,,,0%,100%,50,0.00,0%,0.00,,,0%,100%,0,0.00,0%,0.00,,,0%,100%,67,0.00,0%,0.00,,,0%,100%,0,0.00,0%,0.00,,,0%,100%,144,0.00,0%,0.00,0.00,0.00,,None,,None,,,,,,,,TRUE
53,Red,1,540,1,,Right Trench,Intake from Neutral Zone,Score,40%,130%,76,23.38,33.3%,70.22,TRUE,Intake from Neutral Zone,Score,50%,130%,15,5.77,33.3%,17.33,Intake from Neutral Zone,Score,50%,120%,0,0.00,33.3%,0.00,Intake from Neutral Zone,Pass,0%,70%,90,0.00,0%,0.00,Score,Score,0%,0%,0,0.00,100%,0.00,Intake from Neutral Zone,Intake from Neutral Zone,0%,80%,76,0.00,0%,0.00,Score,Score,30%,110%,108,29.45,100%,29.45,117.00,58.61,Not Attempted,None,Not Attempted,None,4,0,4,4,0,0,,FALSE
53,Red,2,5804,1,,Hub,Score,Idle,10%,130%,76,5.85,66.7%,8.76,TRUE,Defense,Pass,10%,130%,15,1.15,0%,0.00,Defense,Pass,0%,120%,0,0.00,0%,0.00,Defense,None,0%,70%,90,0.00,0%,0.00,Defense,None,0%,0%,0,0.00,0%,0.00,Defense,None,0%,80%,76,0.00,0%,0.00,Defense,None,0%,110%,108,0.00,0%,0.00,8.76,7.00,Not Attempted,None,Not Attempted,None,1,0,2,3,0,4,Good defense helped quite a bit preventing the other alliance scoring.,FALSE
53,Red,3,686,1,,Left Trench,Score,None,80%,130%,76,46.77,100%,46.77,TRUE,Score,None,70%,130%,15,8.08,100%,8.08,Intake from Neutral Zone,None,70%,120%,0,0.00,0%,0.00,Score,None,70%,70%,90,90.00,100%,90.00,Intake from Neutral Zone,None,0%,0%,0,0.00,0%,0.00,Score,None,80%,80%,76,76.00,100%,76.00,Score,None,80%,110%,108,78.55,100%,78.55,299.39,299.39,Not Attempted,None,Not Attempted,None,5,0,5,5,0,0,Great job Ben. That was tuff.,TRUE
54,Blue,1,3939,1,,Hub,Score,None,30%,100%,53,15.90,100%,15.90,TRUE,Pass,Intake from Neutral Zone,0%,100%,7,0.00,0%,0.00,Pass,None,0%,100%,0,0.00,0%,0.00,Score,None,20%,100%,55,11.00,100%,11.00,Intake from Neutral Zone,Pass,0%,100%,0,0.00,0%,0.00,Score,None,30%,100%,45,13.50,100%,13.50,Score,None,30%,100%,77,23.10,100%,23.10,63.50,63.50,Not Attempted,None,Not Attempted,None,3,4,2,3,0,0,Mid robot. Good shooter and great passing. ,FALSE
54,Blue,2,2199,1,,Right Trench,Intake from Neutral Zone,Score,60%,100%,53,31.80,33.3%,95.50,TRUE,Intake from Neutral Zone,Score,100%,100%,7,7.00,33.3%,21.02,Pass,Intake from Neutral Zone,0%,100%,0,0.00,0%,0.00,Score,Score,70%,100%,55,38.50,100%,38.50,Intake from Neutral Zone,Pass,0%,100%,0,0.00,0%,0.00,Score,Score,60%,100%,45,27.00,100%,27.00,Score,None,70%,100%,77,53.90,100%,53.90,235.92,158.20,Not Attempted,None,Not Attempted,None,4,4,4,5,0,0,,FALSE
54,Blue,3,1389,0,,,,,0%,100%,53,0.00,0%,0.00,TRUE,,,0%,100%,7,0.00,0%,0.00,,,0%,100%,0,0.00,0%,0.00,,,0%,100%,55,0.00,0%,0.00,,,0%,100%,0,0.00,0%,0.00,,,0%,100%,45,0.00,0%,0.00,,,0%,100%,77,0.00,0%,0.00,0.00,0.00,,None,,None,,,,,,,,TRUE
54,Red,1,1111,1,,Right Bump,Score,Score,0%,0%,15,5.00,100%,5.00,FALSE,Idle,Idle,0%,0%,3,1.00,0%,0.00,Idle,Idle,0%,10%,3,0.00,0%,0.00,Idle,Idle,0%,10%,0,0.00,0%,0.00,Idle,Idle,0%,0%,24,8.00,0%,0.00,Idle,Idle,0%,10%,0,0.00,0%,0.00,Idle,Idle,0%,10%,17,0.00,0%,0.00,5.00,14.00,Not Attempted,None,Not Attempted,None,0,0,0,1,0,0,Idle the entire match ,FALSE
54,Red,2,11425,1,,Hub,Idle,None,0%,0%,15,5.00,0%,0.00,FALSE,Pass,None,0%,0%,3,1.00,0%,0.00,Pass,None,0%,10%,3,0.00,0%,0.00,Pass,None,0%,10%,0,0.00,0%,0.00,Pass,None,0%,0%,24,8.00,0%,0.00,Pass,None,0%,10%,0,0.00,0%,0.00,Pass,None,0%,10%,17,0.00,0%,0.00,0.00,14.00,Not Attempted,None,Not Attempted,None,0,3,0,3,0,0,Just pushes balls into alliance zone very slowly.  ,FALSE
54,Red,3,8590,1,,Hub,Idle,None,0%,0%,15,5.00,0%,0.00,FALSE,Idle,None,0%,0%,3,1.00,0%,0.00,Score,None,10%,10%,3,3.00,100%,3.00,Score,None,10%,10%,0,0.00,100%,0.00,Score,None,0%,0%,24,8.00,100%,8.00,Score,None,10%,10%,0,0.00,100%,0.00,Score,None,10%,10%,17,17.00,100%,17.00,28.00,34.00,Not Attempted,None,Not Attempted,None,2,0,2,3,0,0,Pretty bad don't pick.,FALSE
55,Blue,1,1629,1,,Hub,Intake from Neutral Zone,Score,40%,50%,60,48.00,33.3%,144.14,FALSE,Intake from Neutral Zone,Score,30%,100%,13,3.90,33.3%,11.71,Score,None,30%,110%,127,34.64,100%,34.64,Intake from Neutral Zone,None,0%,0%,0,0.00,0%,0.00,Score,None,0%,0%,120,40.00,100%,40.00,Intake from Neutral Zone,None,40%,40%,0,0.00,0%,0.00,Score,None,40%,120%,63,21.00,100%,21.00,251.49,147.54,Not Attempted,None,Not Attempted,None,4,0,4,4,2,0,Good shooter. Good intake. Good strategy.,TRUE
55,Blue,2,449,1,,Right Trench,Intake from Neutral Zone,Idle,0%,50%,60,0.00,0%,0.00,FALSE,Pass,Score,60%,100%,13,7.80,33.3%,23.42,Intake from Neutral Zone,Score,60%,110%,127,69.27,33.3%,208.03,Intake from Neutral Zone,Pass,0%,0%,0,0.00,0%,0.00,Score,Intake from Neutral Zone,0%,0%,120,40.00,66.7%,59.97,Intake from Neutral Zone,Defense,0%,40%,0,0.00,0%,0.00,Score,Score,70%,120%,63,36.75,100%,36.75,328.17,153.82,Not Attempted,None,Not Attempted,None,5,5,5,4,2,1,"auto got stuck and driver crashed few times, toward end drivetrain became jittery probably wiring",FALSE
55,Blue,3,4541,1,,Hub,Score,None,10%,50%,60,12.00,100%,12.00,FALSE,Score,None,10%,100%,13,1.30,100%,1.30,Score,None,20%,110%,127,23.09,100%,23.09,Pass,None,0%,0%,0,0.00,0%,0.00,Score,None,0%,0%,120,40.00,100%,40.00,Score,None,0%,40%,0,0.00,100%,0.00,Score,None,10%,120%,63,5.25,100%,5.25,81.64,81.64,Not Attempted,None,Not Attempted,None,2,2,2,3,0,0,"slow shooting, bad accuracy, driver was a bit clueless ",TRUE
55,Red,1,3748,1,,Left Bump,Score,Score,30%,100%,98,29.40,100%,29.40,TRUE,Intake from Neutral Zone,Idle,0%,90%,16,0.00,0%,0.00,Pass,Defense,0%,30%,0,0.00,0%,0.00,Defense,Defense,0%,80%,99,0.00,0%,0.00,Defense,Defense,0%,0%,0,0.00,0%,0.00,Intake from Neutral Zone,Intake from Neutral Zone,0%,100%,76,0.00,0%,0.00,Score,Score,70%,160%,42,18.37,100%,18.37,47.78,47.78,Not Attempted,None,Not Attempted,None,3,2,0,3,0,0,,TRUE
55,Red,2,5338,1,,Right Trench,Intake from Neutral Zone,Score,40%,100%,98,39.20,33.3%,117.72,TRUE,Intake from Neutral Zone,Score,50%,90%,16,8.89,33.3%,26.69,Intake from Neutral Zone,Pass,0%,30%,0,0.00,0%,0.00,Score,None,50%,80%,99,61.87,100%,61.87,Intake from Neutral Zone,None,0%,0%,0,0.00,0%,0.00,Score,None,60%,100%,76,45.60,100%,45.60,Idle,None,60%,160%,42,15.75,0%,0.00,251.89,171.31,Not Attempted,None,Not Attempted,None,4,4,4,4,0,0,Ver good overall then at the end game it randomly stoped for some reason.,TRUE
55,Red,3,888,1,true,Left Trench,Score,None,30%,100%,98,29.40,100%,29.40,TRUE,Score,None,40%,90%,16,7.11,100%,7.11,Score,None,30%,30%,0,0.00,100%,0.00,Score,None,30%,80%,99,37.12,100%,37.12,Intake from Neutral Zone,None,0%,0%,0,0.00,0%,0.00,Score,None,40%,100%,76,30.40,100%,30.40,Score,None,30%,160%,42,7.88,100%,7.88,111.91,111.91,Not Attempted,None,Not Attempted,None,4,0,4,3,0,0,,TRUE
56,Blue,1,8592,1,,Hub,Idle,None,0%,100%,59,0.00,0%,0.00,TRUE,Score,None,70%,100%,54,37.80,100%,37.80,Pass,None,0%,100%,0,0.00,0%,0.00,Score,None,50%,100%,133,66.50,100%,66.50,Pass,None,0%,100%,0,0.00,0%,0.00,Score,None,50%,100%,105,52.50,100%,52.50,Intake from Neutral Zone,Score,50%,100%,63,31.50,33.3%,94.59,251.39,188.30,Not Attempted,None,Not Attempted,None,5,4,3,3,0,0,Great shooter and strategy. ,TRUE
56,Blue,2,836,1,,Left Trench,Intake from Neutral Zone,Score,50%,100%,59,29.50,33.3%,88.59,TRUE,Intake from Neutral Zone,Score,40%,100%,54,21.60,33.3%,64.86,Intake from Neutral Zone,Pass,0%,100%,0,0.00,0%,0.00,Score,Score,60%,100%,133,79.80,100%,79.80,Idle,Pass,0%,100%,0,0.00,0%,0.00,Score,Score,70%,100%,105,73.50,100%,73.50,Score,Intake from Neutral Zone,60%,100%,63,37.80,66.7%,56.67,363.43,242.20,Not Attempted,None,Not Attempted,None,4,5,5,5,2,0,tuff,TRUE
56,Blue,3,3136,0,,,,,0%,100%,59,0.00,0%,0.00,TRUE,,,0%,100%,54,0.00,0%,0.00,,,0%,100%,0,0.00,0%,0.00,,,0%,100%,133,0.00,0%,0.00,,,0%,100%,0,0.00,0%,0.00,,,0%,100%,105,0.00,0%,0.00,,,0%,100%,63,0.00,0%,0.00,0.00,0.00,,None,,None,,,,,,,,TRUE
56,Red,1,3258,0,,,,,0%,100%,47,0.00,0%,0.00,FALSE,,,0%,100%,11,0.00,0%,0.00,,,0%,100%,24,0.00,0%,0.00,,,0%,100%,0,0.00,0%,0.00,,,0%,100%,36,0.00,0%,0.00,,,0%,100%,0,0.00,0%,0.00,,,0%,100%,83,0.00,0%,0.00,0.00,0.00,,None,,None,,,,,,,,TRUE
56,Red,2,122,1,,Left Trench,Intake from Neutral Zone,Score,60%,100%,47,28.20,33.3%,84.68,FALSE,Score,None,80%,100%,11,8.80,100%,8.80,Intake from Neutral Zone,Score,80%,100%,24,19.20,33.3%,57.66,Intake from Neutral Zone,Pass,80%,100%,0,0.00,0%,0.00,Score,None,0%,100%,36,0.00,100%,0.00,Intake from Neutral Zone,Pass,80%,100%,0,0.00,0%,0.00,Score,Intake from Neutral Zone,80%,100%,83,66.40,66.7%,99.55,250.69,122.60,Not Attempted,None,Not Attempted,None,4,4,4,4,0,0,Only robot on alliance actually shooting.,FALSE
56,Red,3,2537,1,,Right Trench,Score,None,30%,100%,47,14.10,100%,14.10,FALSE,Score,None,30%,100%,11,3.30,100%,3.30,Score,None,30%,100%,24,7.20,100%,7.20,Score,None,30%,100%,0,0.00,100%,0.00,Score,None,0%,100%,36,0.00,100%,0.00,Score,None,30%,100%,0,0.00,100%,0.00,Score,None,30%,100%,83,24.90,100%,24.90,49.50,49.50,Not Attempted,None,Not Attempted,None,3,0,2,3,0,0,,TRUE
57,Blue,1,620,1,,Hub,Score,None,0%,90%,19,0.00,100%,0.00,FALSE,Intake from Neutral Zone,None,0%,80%,5,0.00,0%,0.00,Intake from Neutral Zone,None,0%,0%,3,1.00,0%,0.00,Idle,None,0%,0%,0,0.00,0%,0.00,Idle,None,0%,0%,10,3.33,0%,0.00,Defense,None,0%,0%,0,0.00,0%,0.00,Pass,None,0%,100%,43,0.00,0%,0.00,0.00,4.33,Not Attempted,None,Not Attempted,None,2,3,1,2,0,3,Very cluless at times. Bad feeder.,TRUE
57,Blue,2,2421,1,,Left Trench,Intake from Neutral Zone,Score,20%,90%,19,4.22,33.3%,12.68,FALSE,Score,Idle,80%,80%,5,5.00,66.7%,7.50,Intake from Neutral Zone,Pass,0%,0%,3,1.00,0%,0.00,Pass,Defense,0%,0%,0,0.00,0%,0.00,Pass,Pass,0%,0%,10,3.33,0%,0.00,Pass,Pass,0%,0%,0,0.00,0%,0.00,Pass,Defense,0%,100%,43,0.00,0%,0.00,20.18,13.56,Not Attempted,None,Not Attempted,None,1,3,3,3,1,1,only passed with exception of auto,TRUE
57,Blue,3,2890,1,,Right Trench,Score,None,70%,90%,19,14.78,100%,14.78,FALSE,Score,None,0%,80%,5,0.00,100%,0.00,Score,None,0%,0%,3,1.00,100%,1.00,Score,None,0%,0%,0,0.00,100%,0.00,Score,None,0%,0%,10,3.33,100%,3.33,Score,Pass,0%,0%,0,0.00,66.7%,0.00,Score,None,100%,100%,43,43.00,100%,43.00,62.11,62.11,L1 Attempted,Level1,L1 Attempted,Level1,3,0,3,4,2,0,,FALSE
57,Red,1,2068,1,,Hub,Score,Score,20%,130%,77,11.85,100%,11.85,TRUE,Intake from Neutral Zone,None,0%,110%,18,0.00,0%,0.00,Pass,Pass,0%,110%,0,0.00,0%,0.00,Defense,Defense,0%,110%,158,0.00,0%,0.00,Defense,Defense,0%,0%,0,0.00,0%,0.00,Pass,Pass,0%,120%,111,0.00,0%,0.00,Score,Pass,10%,140%,88,6.29,66.7%,9.42,21.27,18.13,Not Attempted,None,Not Attempted,None,0,0,0,3,0,4,Good defense when done but only did for 5 seconds ,FALSE
57,Red,2,11415,1,,Right Trench,Intake from Neutral Zone,Score,40%,130%,77,23.69,33.3%,71.15,TRUE,Score,None,40%,110%,18,6.55,100%,6.55,Intake from Neutral Zone,Pass,40%,110%,0,0.00,0%,0.00,Score,None,40%,110%,158,57.45,100%,57.45,Pass,Intake from Neutral Zone,0%,0%,0,0.00,0%,0.00,Score,Intake from Neutral Zone,40%,120%,111,37.00,66.7%,55.47,Score,Intake from Neutral Zone,50%,140%,88,31.43,66.7%,47.12,237.74,156.12,Not Attempted,None,Not Attempted,None,5,5,4,5,0,0,Really good at everything and with help it is a really good robot.,TRUE
57,Red,3,1731,1,,Left Trench,Score,None,70%,130%,77,41.46,100%,41.46,TRUE,Score,None,70%,110%,18,11.45,100%,11.45,Pass,None,70%,110%,0,0.00,0%,0.00,Score,None,70%,110%,158,100.55,100%,100.55,Intake from Neutral Zone,None,0%,0%,0,0.00,0%,0.00,Score,None,80%,120%,111,74.00,100%,74.00,Score,None,80%,140%,88,50.29,100%,50.29,277.75,277.75,Not Attempted,None,Not Attempted,None,4,3,4,3,0,0,,TRUE
58,Blue,1,5724,1,,Hub,Idle,None,0%,130%,57,0.00,0%,0.00,FALSE,Idle,None,0%,120%,22,0.00,0%,0.00,Pass,None,0%,100%,86,0.00,0%,0.00,Idle,None,0%,0%,0,0.00,0%,0.00,Idle,None,0%,0%,58,19.33,0%,0.00,Idle,None,0%,10%,0,0.00,0%,0.00,Idle,None,0%,130%,106,0.00,0%,0.00,0.00,19.33,Not Attempted,None,Not Attempted,None,0,3,1,4,0,0,Passed the ball only. ,FALSE
58,Blue,2,346,1,,Right Trench,Intake from Neutral Zone,Score,80%,130%,57,35.08,33.3%,105.34,FALSE,Intake from Neutral Zone,Score,70%,120%,22,12.83,33.3%,38.54,Intake from Neutral Zone,Score,60%,100%,86,51.60,33.3%,154.95,Intake from Neutral Zone,Intake from Neutral Zone,0%,0%,0,0.00,0%,0.00,Score,Intake from Neutral Zone,0%,0%,58,19.33,66.7%,28.99,Intake from Neutral Zone,Pass,0%,10%,0,0.00,0%,0.00,Score,Score,70%,130%,106,57.08,100%,57.08,384.89,175.92,Not Attempted,None,Not Attempted,None,5,0,4,3,0,0,great shooter,FALSE
58,Blue,3,10224,1,,Left Trench,Score,None,50%,130%,57,21.92,100%,21.92,FALSE,Score,None,50%,120%,22,9.17,100%,9.17,Intake from Neutral Zone,None,40%,100%,86,34.40,0%,0.00,Intake from Neutral Zone,None,0%,0%,0,0.00,0%,0.00,Score,Intake from Neutral Zone,0%,0%,58,19.33,66.7%,28.99,Intake from Neutral Zone,None,10%,10%,0,0.00,0%,0.00,Score,None,60%,130%,106,48.92,100%,48.92,109.00,133.75,Not Attempted,None,Not Attempted,None,4,0,4,4,3,0,,TRUE
58,Red,1,11318,1,,Hub,Intake from Neutral Zone,Score,10%,80%,69,8.63,33.3%,25.90,TRUE,Intake from Neutral Zone,Intake from Neutral Zone,0%,60%,1,0.00,0%,0.00,Intake from Neutral Zone,Intake from Neutral Zone,0%,80%,0,0.00,0%,0.00,Score,Score,10%,90%,95,10.56,100%,10.56,Defense,Defense,0%,0%,0,0.00,0%,0.00,Defense,Defense,0%,90%,89,0.00,0%,0.00,Defense,Defense,0%,90%,66,0.00,0%,0.00,36.46,19.18,Not Attempted,None,Not Attempted,None,0,0,0,2,0,0,,TRUE
58,Red,2,5243,1,,Right Bump,Score,None,20%,80%,69,17.25,100%,17.25,TRUE,Intake from Neutral Zone,None,0%,60%,1,0.00,0%,0.00,Score,None,30%,80%,0,0.00,100%,0.00,Intake from Neutral Zone,None,30%,90%,95,31.67,0%,0.00,Score,None,0%,0%,0,0.00,100%,0.00,Idle,None,30%,90%,89,29.67,0%,0.00,Score,None,30%,90%,66,22.00,100%,22.00,39.25,100.58,Not Attempted,Level1,Not Attempted,None,2,0,1,2,0,0,Intake was a hole in their robot it worked but not well and they had a slow turret.,TRUE
58,Red,3,4099,1,,Left Trench,Score,None,50%,80%,69,43.12,100%,43.12,TRUE,Score,None,60%,60%,1,1.00,100%,1.00,Intake from Neutral Zone,None,50%,80%,0,0.00,0%,0.00,Score,None,50%,90%,95,52.78,100%,52.78,Intake from Neutral Zone,None,0%,0%,0,0.00,0%,0.00,Score,None,60%,90%,89,59.33,100%,59.33,Score,None,60%,90%,66,44.00,100%,44.00,200.24,200.24,Not Attempted,None,Not Attempted,None,4,0,3,4,0,0,Pretty good,TRUE
59,Blue,1,3361,1,,Hub,Idle,None,0%,60%,35,0.00,0%,0.00,TRUE,Intake from Neutral Zone,None,0%,40%,16,0.00,0%,0.00,Pass,None,0%,0%,0,0.00,0%,0.00,Score,None,10%,100%,79,7.90,100%,7.90,Pass,None,0%,0%,0,0.00,0%,0.00,Score,None,10%,80%,67,8.38,100%,8.38,Defense,None,0%,100%,68,0.00,0%,0.00,16.28,16.28,Not Attempted,None,Not Attempted,None,1,3,1,2,0,1,👎,TRUE
59,Blue,2,540,1,,Right Trench,Intake from Neutral Zone,Score,40%,60%,35,23.33,33.3%,70.07,TRUE,Score,Intake from Neutral Zone,40%,40%,16,16.00,66.7%,23.99,Defense,Defense,0%,0%,0,0.00,0%,0.00,Score,Score,50%,100%,79,39.50,100%,39.50,Defense,Defense,0%,0%,0,0.00,0%,0.00,Score,Score,30%,80%,67,25.12,100%,25.12,Score,Intake from Neutral Zone,60%,100%,68,40.80,66.7%,61.17,219.85,144.76,Not Attempted,None,Not Attempted,None,3,0,4,4,0,4,locking us down,TRUE
59,Blue,3,1262,1,true,Left Trench,Score,None,20%,60%,35,11.67,100%,11.67,TRUE,Score,None,0%,40%,16,0.00,100%,0.00,Intake from Neutral Zone,None,0%,0%,0,0.00,0%,0.00,Score,None,40%,100%,79,31.60,100%,31.60,Intake from Neutral Zone,Score,0%,0%,0,0.00,33.3%,0.00,Score,None,40%,80%,67,33.50,100%,33.50,Intake from Neutral Zone,None,40%,100%,68,27.20,0%,0.00,76.77,103.97,Not Attempted,None,Not Attempted,None,3,0,3,4,2,0,,TRUE
59,Red,1,9072,1,,Left Bump,Intake from Neutral Zone,Score,0%,20%,27,0.00,33.3%,0.00,FALSE,Intake from Neutral Zone,Score,30%,80%,2,0.75,33.3%,2.25,Intake from Neutral Zone,Intake from Neutral Zone,0%,50%,59,0.00,0%,0.00,Score,Score,50%,70%,0,0.00,100%,0.00,Intake from Neutral Zone,Intake from Neutral Zone,0%,0%,86,28.67,0%,0.00,Score,Score,50%,60%,0,0.00,100%,0.00,Score,Score,50%,110%,112,50.91,100%,50.91,53.16,80.33,Not Attempted,None,Not Attempted,None,5,0,5,5,0,0,Auto broke lol,TRUE
59,Red,2,686,1,,Right Trench,Intake from Neutral Zone,Score,10%,20%,27,13.50,33.3%,40.54,FALSE,Intake from Neutral Zone,Score,40%,80%,2,1.00,33.3%,3.00,Intake from Neutral Zone,Score,40%,50%,59,47.20,33.3%,141.74,Intake from Neutral Zone,None,0%,70%,0,0.00,0%,0.00,Score,Intake from Neutral Zone,0%,0%,86,28.67,66.7%,42.98,Intake from Neutral Zone,None,0%,60%,0,0.00,0%,0.00,Score,None,60%,110%,112,61.09,100%,61.09,289.35,151.46,Not Attempted,None,Not Attempted,None,5,0,5,5,0,0,Really good at the beginning it wasn’t shooting to many and at the end it started getting a lot of balls in fast.,TRUE
59,Red,3,5587,1,,Hub,Score,None,10%,20%,27,13.50,100%,13.50,FALSE,Score,None,10%,80%,2,0.25,100%,0.25,Score,None,10%,50%,59,11.80,100%,11.80,Score,None,20%,70%,0,0.00,100%,0.00,Idle,None,0%,0%,86,28.67,0%,0.00,Idle,None,10%,60%,0,0.00,0%,0.00,Idle,None,0%,110%,112,0.00,0%,0.00,25.55,54.22,Not Attempted,None,Not Attempted,None,2,0,0,2,0,0,Mid,TRUE
60,Blue,1,5549,1,,Left Trench,Intake from Neutral Zone,Score,50%,100%,57,28.50,33.3%,85.59,TRUE,Score,None,90%,110%,42,34.36,100%,34.36,Intake from Neutral Zone,Pass,0%,0%,0,0.00,0%,0.00,Score,None,50%,90%,91,50.56,100%,50.56,Intake from Neutral Zone,Pass,0%,0%,0,0.00,0%,0.00,Score,None,50%,90%,99,55.00,100%,55.00,Score,Intake from Neutral Zone,50%,90%,83,46.11,66.7%,69.13,294.64,214.53,Not Attempted,None,Not Attempted,None,4,4,3,4,0,0,"👍shooter, 👍passing, mid intake. 👍 strategy.",TRUE
60,Blue,2,619,1,,Right Trench,Intake from Neutral Zone,Score,40%,100%,57,22.80,33.3%,68.47,TRUE,Score,Score,20%,110%,42,7.64,100%,7.64,Intake from Neutral Zone,Pass,0%,0%,0,0.00,0%,0.00,Score,Score,40%,90%,91,40.44,100%,40.44,Intake from Neutral Zone,Intake from Neutral Zone,0%,0%,0,0.00,0%,0.00,Score,Score,40%,90%,99,44.00,100%,44.00,Intake from Neutral Zone,Score,40%,90%,83,36.89,33.3%,110.78,271.33,151.77,Not Attempted,None,Not Attempted,None,3,5,4,3,3,0,,FALSE
60,Blue,3,10679,1,,Hub,Score,None,10%,100%,57,5.70,100%,5.70,TRUE,Defense,Score,0%,110%,42,0.00,33.3%,0.00,Defense,Defense,0%,0%,0,0.00,0%,0.00,Defense,Defense,0%,90%,91,0.00,0%,0.00,Defense,Defense,0%,0%,0,0.00,0%,0.00,Defense,Defense,0%,90%,99,0.00,0%,0.00,Defense,Defense,0%,90%,83,0.00,0%,0.00,5.70,5.70,Not Attempted,None,Not Attempted,None,1,0,0,2,0,2,Slow drivetrain ,TRUE
60,Red,1,1389,1,,Right Bump,Intake from Neutral Zone,Score,10%,60%,43,7.17,33.3%,21.52,FALSE,Score,Score,10%,10%,8,8.00,100%,8.00,Score,Score,20%,80%,51,12.75,100%,12.75,Intake from Neutral Zone,None,0%,0%,0,0.00,0%,0.00,Score,Score,0%,0%,64,21.33,100%,21.33,Intake from Neutral Zone,Intake from Neutral Zone,0%,60%,0,0.00,0%,0.00,Score,Score,80%,130%,34,20.92,100%,20.92,84.53,70.17,Not Attempted,None,Not Attempted,None,0,0,0,3,0,0,They are pretty slow and mid ,TRUE
60,Red,2,8590,1,,Hub,Idle,None,0%,60%,43,0.00,0%,0.00,FALSE,Idle,None,0%,10%,8,0.00,0%,0.00,Score,None,10%,80%,51,6.38,100%,6.38,Defense,None,0%,0%,0,0.00,0%,0.00,Intake from Neutral Zone,None,0%,0%,64,21.33,0%,0.00,Defense,None,0%,60%,0,0.00,0%,0.00,Defense,None,0%,130%,34,0.00,0%,0.00,6.38,27.71,Not Attempted,None,Not Attempted,None,1,0,1,1,1,1,Can be defended very easily defense from it doesn’t do much shooting is slow and if moved will be unable to shoot.,TRUE
60,Red,3,401,1,,Left Trench,Score,None,50%,60%,43,35.83,100%,35.83,FALSE,Pass,None,0%,10%,8,0.00,0%,0.00,Score,None,50%,80%,51,31.87,100%,31.87,Intake from Neutral Zone,None,0%,0%,0,0.00,0%,0.00,Score,None,0%,0%,64,21.33,100%,21.33,Intake from Neutral Zone,None,60%,60%,0,0.00,0%,0.00,Score,None,50%,130%,34,13.08,100%,13.08,102.12,102.12,Not Attempted,None,Not Attempted,None,4,0,4,4,0,0,Pretty good lowk. ,TRUE
61,Blue,1,2106,1,,Right Trench,Intake from Neutral Zone,Score,40%,60%,51,34.00,33.3%,102.10,TRUE,Intake from Neutral Zone,Score,30%,130%,31,7.15,33.3%,21.48,Intake from Neutral Zone,None,0%,0%,0,0.00,0%,0.00,Score,None,40%,110%,119,43.27,100%,43.27,Score,None,0%,0%,0,0.00,100%,0.00,Intake from Neutral Zone,None,0%,60%,124,0.00,0%,0.00,Score,None,60%,110%,116,63.27,100%,63.27,230.13,147.70,Not Attempted,None,Not Attempted,None,5,2,4,4,1,0,Amazing shooter and intake. Good strategy.,TRUE
61,Blue,2,1111,1,,Hub,Idle,Idle,0%,60%,51,0.00,0%,0.00,TRUE,Idle,Score,0%,130%,31,0.00,33.3%,0.00,Defense,Idle,0%,0%,0,0.00,0%,0.00,Idle,Defense,0%,110%,119,0.00,0%,0.00,Defense,Defense,0%,0%,0,0.00,0%,0.00,Defense,Defense,0%,60%,124,0.00,0%,0.00,Defense,Pass,0%,110%,116,0.00,0%,0.00,0.00,0.00,Not Attempted,None,Not Attempted,None,1,2,0,2,0,2, got penalties worth 20 points,TRUE
61,Blue,3,422,1,,Left Trench,Score,None,20%,60%,51,17.00,100%,17.00,TRUE,Score,None,100%,130%,31,23.85,100%,23.85,Score,Pass,0%,0%,0,0.00,66.7%,0.00,Score,None,70%,110%,119,75.73,100%,75.73,Score,Pass,0%,0%,0,0.00,66.7%,0.00,Score,None,60%,60%,124,124.00,100%,124.00,Score,Intake from Neutral Zone,50%,110%,116,52.73,66.7%,79.05,319.62,293.30,Not Attempted,None,Not Attempted,None,5,4,5,5,3,0,Wastes almost no time on anything,TRUE
61,Red,1,2377,1,,Left Trench,Intake from Neutral Zone,Pass,0%,0%,23,7.67,0%,0.00,FALSE,Intake from Neutral Zone,Score,40%,40%,1,1.00,33.3%,3.00,Score,Score,50%,70%,41,29.29,100%,29.29,Intake from Neutral Zone,Intake from Neutral Zone,0%,0%,0,0.00,0%,0.00,Score,Score,0%,0%,46,15.33,100%,15.33,Intake from Neutral Zone,Intake from Neutral Zone,0%,0%,0,0.00,0%,0.00,Idle,Idle,0%,40%,33,0.00,0%,0.00,47.62,53.29,Not Attempted,None,Not Attempted,None,0,0,0,2,0,0,Shut downed ,TRUE
61,Red,2,1727,1,,Right Trench,Intake from Neutral Zone,None,0%,0%,23,7.67,0%,0.00,FALSE,Intake from Neutral Zone,None,0%,40%,1,0.00,0%,0.00,Intake from Neutral Zone,Score,20%,70%,41,11.71,33.3%,35.18,Intake from Neutral Zone,Pass,0%,0%,0,0.00,0%,0.00,Score,None,0%,0%,46,15.33,100%,15.33,Intake from Neutral Zone,Pass,0%,0%,0,0.00,0%,0.00,Score,Defense,40%,40%,33,33.00,66.7%,49.48,99.99,67.71,Not Attempted,None,Not Attempted,None,4,5,4,4,1,0,Can’t do much about getting defended so if you have a good defense they can’t do much.,TRUE
61,Red,3,11425,1,,Hub,Idle,None,0%,0%,23,7.67,0%,0.00,FALSE,Idle,None,0%,40%,1,0.00,0%,0.00,Idle,None,0%,70%,41,0.00,0%,0.00,Idle,None,0%,0%,0,0.00,0%,0.00,Idle,None,0%,0%,46,15.33,0%,0.00,Idle,None,0%,0%,0,0.00,0%,0.00,Idle,None,0%,40%,33,0.00,0%,0.00,0.00,23.00,Not Attempted,None,Not Attempted,None,0,0,1,1,0,0,Terrible.,TRUE
62,Blue,1,1908,1,,Right Trench,Intake from Neutral Zone,Score,70%,120%,67,39.08,33.3%,117.37,FALSE,Score,None,50%,90%,18,10.00,100%,10.00,Pass,Score,50%,80%,57,35.62,33.3%,106.98,Intake from Neutral Zone,Pass,0%,0%,0,0.00,0%,0.00,Score,None,0%,0%,118,39.33,100%,39.33,Pass,None,0%,0%,0,0.00,0%,0.00,Score,None,70%,100%,85,59.50,100%,59.50,333.18,183.54,Not Attempted,None,Not Attempted,None,5,4,4,4,3,0,Amazing robot. Amazing shooter. Amazing intake. Great strategy.,TRUE
62,Blue,2,4472,1,,Left Trench,Intake from Neutral Zone,Score,50%,120%,67,27.92,33.3%,83.83,FALSE,Score,Intake from Neutral Zone,40%,90%,18,8.00,66.7%,11.99,Score,Score,30%,80%,57,21.37,100%,21.37,Intake from Neutral Zone,Pass,0%,0%,0,0.00,0%,0.00,Score,Score,0%,0%,118,39.33,100%,39.33,Pass,Pass,0%,0%,0,0.00,0%,0.00,Score,Score,30%,100%,85,25.50,100%,25.50,182.04,122.12,Not Attempted,None,Not Attempted,None,3,4,4,3,0,1,,FALSE
62,Blue,3,1719,1,,Hub,Score,None,0%,120%,67,0.00,100%,0.00,FALSE,Pass,None,0%,90%,18,0.00,0%,0.00,Defense,None,0%,80%,57,0.00,0%,0.00,Defense,Pass,0%,0%,0,0.00,0%,0.00,Defense,Pass,0%,0%,118,39.33,0%,0.00,Pass,Defense,0%,0%,0,0.00,0%,0.00,Pass,Defense,0%,100%,85,0.00,0%,0.00,0.00,39.33,Not Attempted,None,Not Attempted,None,1,2,0,3,0,3,,TRUE
62,Red,1,339,1,,Hub,Score,Score,10%,100%,82,8.20,100%,8.20,TRUE,Intake from Neutral Zone,Pass,0%,100%,14,0.00,0%,0.00,Intake from Neutral Zone,None,0%,100%,0,0.00,0%,0.00,Intake from Neutral Zone,Intake from Neutral Zone,0%,100%,48,0.00,0%,0.00,Defense,Defense,0%,0%,0,0.00,0%,0.00,Idle,None,0%,90%,35,0.00,0%,0.00,Defense,Idle,0%,90%,61,0.00,0%,0.00,8.20,8.20,Not Attempted,None,Not Attempted,None,0,0,0,2,0,0,,TRUE
62,Red,2,614,1,,Left Bump,Intake from Neutral Zone,Score,30%,100%,82,24.60,33.3%,73.87,TRUE,Intake from Neutral Zone,None,30%,100%,14,4.20,0%,0.00,Intake from Neutral Zone,Pass,30%,100%,0,0.00,0%,0.00,Score,None,40%,100%,48,19.20,100%,19.20,Intake from Neutral Zone,None,0%,0%,0,0.00,0%,0.00,Score,None,40%,90%,35,15.56,100%,15.56,Intake from Neutral Zone,Score,40%,90%,61,27.11,33.3%,81.41,190.04,90.67,Not Attempted,None,Not Attempted,None,4,4,3,4,0,0,How it was the every time nothing changed.,TRUE
62,Red,3,2199,1,,Right Bump,Score,None,60%,100%,82,49.20,100%,49.20,TRUE,Score,None,70%,100%,14,9.80,100%,9.80,Intake from Neutral Zone,None,70%,100%,0,0.00,0%,0.00,Score,None,60%,100%,48,28.80,100%,28.80,Intake from Neutral Zone,None,0%,0%,0,0.00,0%,0.00,Score,None,50%,90%,35,19.44,100%,19.44,Score,None,50%,90%,61,33.89,100%,33.89,141.13,141.13,Not Attempted,None,Not Attempted,None,4,0,4,4,0,0,,TRUE
63,Blue,1,3939,1,,Hub,Score,None,90%,100%,28,25.20,100%,25.20,TRUE,Intake from Neutral Zone,None,0%,100%,11,0.00,0%,0.00,Pass,None,0%,100%,0,0.00,0%,0.00,Score,None,40%,100%,78,31.20,100%,31.20,Defense,None,0%,100%,0,0.00,0%,0.00,Score,None,60%,100%,43,25.80,100%,25.80,Intake from Neutral Zone,Score,60%,100%,40,24.00,33.3%,72.07,154.27,106.20,Not Attempted,None,Not Attempted,None,4,4,3,3,0,2,Above average. Great shooter. Ok intake.,FALSE
63,Blue,2,10004,1,,Right Trench,Intake from Neutral Zone,Score,0%,100%,28,0.00,33.3%,0.00,TRUE,Score,Intake from Neutral Zone,0%,100%,11,0.00,66.7%,0.00,Intake from Neutral Zone,Pass,0%,100%,0,0.00,0%,0.00,Score,Intake from Neutral Zone,30%,100%,78,23.40,66.7%,35.08,Intake from Neutral Zone,Pass,0%,100%,0,0.00,0%,0.00,Score,Score,10%,100%,43,4.30,100%,4.30,Idle,Intake from Neutral Zone,0%,100%,40,0.00,0%,0.00,39.38,27.70,Not Attempted,None,Not Attempted,None,2,3,3,2,0,1,,FALSE
63,Blue,3,1086,0,,,,,0%,100%,28,0.00,0%,0.00,TRUE,,,0%,100%,11,0.00,0%,0.00,,,0%,100%,0,0.00,0%,0.00,,,0%,100%,78,0.00,0%,0.00,,,0%,100%,0,0.00,0%,0.00,,,0%,100%,43,0.00,0%,0.00,,,0%,100%,40,0.00,0%,0.00,0.00,0.00,,None,,None,,,,,,,,TRUE
63,Red,1,5804,1,,Right Bump,Intake from Neutral Zone,Idle,0%,0%,20,6.67,0%,0.00,FALSE,Intake from Neutral Zone,Intake from Neutral Zone,0%,0%,12,4.00,0%,0.00,Score,Score,20%,70%,16,4.57,100%,4.57,Idle,Idle,0%,30%,0,0.00,0%,0.00,Idle,Idle,0%,0%,20,6.67,0%,0.00,Idle,Idle,0%,0%,0,0.00,0%,0.00,Idle,Idle,0%,60%,3,0.00,0%,0.00,4.57,21.90,Not Attempted,None,Not Attempted,None,0,0,0,1,0,0,Shut downed ,TRUE
63,Red,2,9033,1,,Left Trench,Intake from Neutral Zone,None,0%,0%,20,6.67,0%,0.00,FALSE,Idle,None,0%,0%,12,4.00,0%,0.00,Score,None,30%,70%,16,6.86,100%,6.86,Intake from Neutral Zone,Pass,30%,30%,0,0.00,0%,0.00,Score,None,0%,0%,20,6.67,100%,6.67,Intake from Neutral Zone,None,0%,0%,0,0.00,0%,0.00,Score,None,40%,60%,3,2.00,100%,2.00,15.52,26.19,Not Attempted,None,Not Attempted,None,3,0,3,3,0,0,Did a lot compared to the rest of it’s teammates.,TRUE
63,Red,3,1895,1,,Hub,Idle,None,0%,0%,20,6.67,0%,0.00,FALSE,Intake from Neutral Zone,None,0%,0%,12,4.00,0%,0.00,Score,None,20%,70%,16,4.57,100%,4.57,Intake from Neutral Zone,None,0%,30%,0,0.00,0%,0.00,Score,None,0%,0%,20,6.67,100%,6.67,Intake from Neutral Zone,None,0%,0%,0,0.00,0%,0.00,Score,None,20%,60%,3,1.00,100%,1.00,12.24,22.90,Not Attempted,None,Not Attempted,None,3,0,2,3,0,0,,FALSE
64,Blue,1,8592,1,,Right Bump,Idle,None,0%,50%,20,0.00,0%,0.00,FALSE,Intake from Neutral Zone,None,0%,0%,0,0.00,0%,0.00,Score,Intake from Neutral Zone,100%,150%,40,26.67,66.7%,39.98,Pass,None,0%,0%,0,0.00,0%,0.00,Score,None,0%,0%,43,14.33,100%,14.33,Pass,None,0%,0%,0,0.00,0%,0.00,Score,None,80%,90%,53,47.11,100%,47.11,101.42,88.11,Not Attempted,None,Not Attempted,None,5,5,4,4,0,0,"Amazing, carried the team. ",TRUE
64,Blue,2,2068,1,,Left Bump,Score,Score,40%,50%,20,16.00,100%,16.00,FALSE,Intake from Neutral Zone,Idle,0%,0%,0,0.00,0%,0.00,Score,Score,50%,150%,40,13.33,100%,13.33,Defense,Pass,0%,0%,0,0.00,0%,0.00,Score,Score,0%,0%,43,14.33,100%,14.33,Defense,Defense,0%,0%,0,0.00,0%,0.00,Score,Score,10%,90%,53,5.89,100%,5.89,49.56,49.56,Not Attempted,None,Not Attempted,None,1,0,2,3,0,3,,TRUE
64,Blue,3,11318,1,,Hub,Score,None,10%,50%,20,4.00,100%,4.00,FALSE,Defense,Defense,0%,0%,0,0.00,0%,0.00,Defense,Defense,0%,150%,40,0.00,0%,0.00,Defense,Defense,0%,0%,0,0.00,0%,0.00,Defense,None,0%,0%,43,14.33,0%,0.00,Defense,Defense,0%,0%,0,0.00,0%,0.00,Pass,Defense,0%,90%,53,0.00,0%,0.00,4.00,18.33,Not Attempted,None,Not Attempted,None,0,1,0,2,0,2,,TRUE
64,Red,1,4099,1,,Hub,Intake from Neutral Zone,Score,50%,130%,84,32.31,33.3%,97.02,TRUE,Intake from Neutral Zone,Score,50%,120%,52,21.67,33.3%,65.07,Intake from Neutral Zone,Intake from Neutral Zone,0%,70%,0,0.00,0%,0.00,Score,Score,40%,120%,128,42.67,100%,42.67,Intake from Neutral Zone,Intake from Neutral Zone,0%,0%,0,0.00,0%,0.00,Score,Score,40%,120%,126,42.00,100%,42.00,Intake from Neutral Zone,Score,30%,90%,107,35.67,33.3%,107.11,353.86,174.31,Not Attempted,None,Not Attempted,None,5,0,4,4,0,0,,TRUE
64,Red,2,1629,1,,Right Bump,Score,Intake from Neutral Zone,40%,130%,84,25.85,66.7%,38.75,TRUE,Intake from Neutral Zone,None,40%,120%,52,17.33,0%,0.00,Intake from Neutral Zone,None,40%,70%,0,0.00,0%,0.00,Score,None,40%,120%,128,42.67,100%,42.67,Intake from Neutral Zone,None,0%,0%,0,0.00,0%,0.00,Score,Intake from Neutral Zone,40%,120%,126,42.00,66.7%,62.97,Intake from Neutral Zone,Score,30%,90%,107,35.67,33.3%,107.11,251.49,163.51,Not Attempted,None,Not Attempted,None,4,0,4,4,0,0,Good they are good but can’t shoot when their under the tower or it hits the tower.,TRUE
64,Red,3,11415,1,,Right Trench,Score,None,40%,130%,84,25.85,100%,25.85,TRUE,Score,None,30%,120%,52,13.00,100%,13.00,Intake from Neutral Zone,None,30%,70%,0,0.00,0%,0.00,Score,None,40%,120%,128,42.67,100%,42.67,Intake from Neutral Zone,None,0%,0%,0,0.00,0%,0.00,Score,None,40%,120%,126,42.00,100%,42.00,Score,None,30%,90%,107,35.67,100%,35.67,159.18,159.18,Not Attempted,None,Not Attempted,None,4,0,3,3,0,0,,TRUE
65,Blue,1,5338,1,,Hub,Intake from Neutral Zone,Score,60%,120%,78,39.00,33.3%,117.12,TRUE,Intake from Neutral Zone,Score,60%,130%,22,10.15,33.3%,30.49,Pass,None,0%,0%,0,0.00,0%,0.00,Score,None,50%,130%,142,54.62,100%,54.62,Pass,Intake from Neutral Zone,0%,0%,0,0.00,0%,0.00,Score,None,30%,90%,149,49.67,100%,49.67,Score,None,30%,110%,162,44.18,100%,44.18,296.07,197.62,Not Attempted,None,Not Attempted,None,4,5,3,4,0,0,Great passing and shooter. Mid intake.,TRUE
65,Blue,2,122,1,,Hub,Score,Score,20%,120%,78,13.00,100%,13.00,TRUE,Intake from Neutral Zone,Intake from Neutral Zone,0%,130%,22,0.00,0%,0.00,Idle,Idle,0%,0%,0,0.00,0%,0.00,Score,Score,30%,130%,142,32.77,100%,32.77,Intake from Neutral Zone,Intake from Neutral Zone,0%,0%,0,0.00,0%,0.00,Score,Pass,10%,90%,149,16.56,66.7%,24.82,Intake from Neutral Zone,Score,20%,110%,162,29.45,33.3%,88.45,159.04,91.78,Not Attempted,None,Not Attempted,None,3,0,4,4,0,0,,TRUE
65,Blue,3,449,1,,Left Trench,Score,None,40%,120%,78,26.00,100%,26.00,TRUE,Score,None,70%,130%,22,11.85,100%,11.85,Score,Pass,0%,0%,0,0.00,66.7%,0.00,Score,None,50%,130%,142,54.62,100%,54.62,Intake from Neutral Zone,Intake from Neutral Zone,0%,0%,0,0.00,0%,0.00,Score,None,50%,90%,149,82.78,100%,82.78,Score,Intake from Neutral Zone,60%,110%,162,88.36,66.7%,132.48,307.72,263.60,Not Attempted,None,Not Attempted,None,5,3,4,5,3,0,,TRUE
65,Red,1,3258,1,,Hub,Idle,Idle,0%,30%,21,0.00,0%,0.00,FALSE,Idle,Idle,0%,0%,0,0.00,0%,0.00,Idle,Idle,0%,0%,2,0.67,0%,0.00,Defense,Defense,0%,0%,0,0.00,0%,0.00,Defense,Defense,0%,0%,27,9.00,0%,0.00,Defense,Defense,0%,0%,0,0.00,0%,0.00,Idle,Idle,0%,70%,33,0.00,0%,0.00,0.00,9.67,Not Attempted,None,Not Attempted,None,0,0,0,1,0,0,Sucks ,TRUE
65,Red,2,3361,1,,Left Trench,Idle,None,0%,30%,21,0.00,0%,0.00,FALSE,Intake from Neutral Zone,None,0%,0%,0,0.00,0%,0.00,Intake from Neutral Zone,None,0%,0%,2,0.67,0%,0.00,Idle,None,0%,0%,0,0.00,0%,0.00,Idle,None,0%,0%,27,9.00,0%,0.00,Intake from Neutral Zone,None,0%,0%,0,0.00,0%,0.00,Pass,None,0%,70%,33,0.00,0%,0.00,0.00,9.67,Not Attempted,None,Not Attempted,None,1,0,2,1,0,0,Can only shoot really high but it never gets in to the hub.,TRUE
65,Red,3,620,1,,Hub,Score,None,30%,30%,21,21.00,100%,21.00,FALSE,Idle,None,0%,0%,0,0.00,0%,0.00,Idle,None,0%,0%,2,0.67,0%,0.00,Intake from Neutral Zone,None,0%,0%,0,0.00,0%,0.00,Score,None,0%,0%,27,9.00,100%,9.00,Intake from Neutral Zone,None,0%,0%,0,0.00,0%,0.00,Score,None,70%,70%,33,33.00,100%,33.00,63.00,63.67,Not Attempted,None,Not Attempted,None,3,0,3,3,0,0,,TRUE
66,Blue,1,8590,1,,Hub,Idle,None,0%,0%,9,3.00,0%,0.00,FALSE,Score,None,0%,0%,0,0.00,100%,0.00,Score,None,50%,120%,58,24.17,100%,24.17,Defense,None,0%,0%,0,0.00,0%,0.00,Score,None,0%,0%,50,16.67,100%,16.67,Intake from Neutral Zone,Defense,0%,0%,0,0.00,0%,0.00,Defense,Score,40%,110%,51,18.55,33.3%,55.69,96.53,62.38,Not Attempted,None,Not Attempted,None,3,0,2,4,0,4,"Good defence, ik shooter and intake.",TRUE
66,Blue,2,1262,1,,Right Trench,Intake from Neutral Zone,Score,0%,0%,9,3.00,33.3%,9.01,FALSE,Intake from Neutral Zone,Pass,0%,0%,0,0.00,0%,0.00,Score,Score,70%,120%,58,33.83,100%,33.83,Intake from Neutral Zone,Intake from Neutral Zone,0%,0%,0,0.00,0%,0.00,Score,Score,0%,0%,50,16.67,100%,16.67,Intake from Neutral Zone,Intake from Neutral Zone,0%,0%,0,0.00,0%,0.00,Score,Score,70%,110%,51,32.45,100%,32.45,91.96,85.95,Not Attempted,None,Not Attempted,None,2,0,4,4,0,0,need a net on intakr,TRUE
66,Blue,3,2421,1,,Left Trench,Idle,None,0%,0%,9,3.00,0%,0.00,FALSE,Pass,None,0%,0%,0,0.00,0%,0.00,Pass,None,0%,120%,58,0.00,0%,0.00,Pass,None,0%,0%,0,0.00,0%,0.00,Pass,None,0%,0%,50,16.67,0%,0.00,Pass,Pass,0%,0%,0,0.00,0%,0.00,Pass,None,0%,110%,51,0.00,0%,0.00,0.00,19.67,Not Attempted,None,Not Attempted,None,0,4,0,4,0,3,Fed hp all match,TRUE
66,Red,1,3136,1,,Hub,Intake from Neutral Zone,Score,60%,130%,59,27.23,33.3%,81.77,TRUE,Intake from Neutral Zone,Pass,0%,30%,26,0.00,0%,0.00,Intake from Neutral Zone,Pass,0%,0%,0,0.00,0%,0.00,Score,Score,60%,130%,92,42.46,100%,42.46,Intake from Neutral Zone,Intake from Neutral Zone,0%,0%,0,0.00,0%,0.00,Score,Score,30%,100%,113,33.90,100%,33.90,Score,Score,20%,80%,58,14.50,100%,14.50,172.64,118.09,Not Attempted,None,Not Attempted,None,0,0,0,3,0,0,,TRUE
66,Red,2,2537,1,,Hub,Score,None,20%,130%,59,9.08,100%,9.08,TRUE,Pass,None,0%,30%,26,0.00,0%,0.00,Intake from Neutral Zone,None,0%,0%,0,0.00,0%,0.00,Score,None,40%,130%,92,28.31,100%,28.31,Intake from Neutral Zone,None,0%,0%,0,0.00,0%,0.00,Score,None,40%,100%,113,45.20,100%,45.20,Score,None,30%,80%,58,21.75,100%,21.75,104.33,104.33,Not Attempted,None,Not Attempted,None,3,4,3,4,0,0,Auto was not the best the rest of it went well,TRUE
66,Red,3,346,1,,Hub,Score,None,50%,130%,59,22.69,100%,22.69,TRUE,Score,None,30%,30%,26,26.00,100%,26.00,Intake from Neutral Zone,None,0%,0%,0,0.00,0%,0.00,Score,None,30%,130%,92,21.23,100%,21.23,Score,None,0%,0%,0,0.00,100%,0.00,Score,None,30%,100%,113,33.90,100%,33.90,Score,None,30%,80%,58,21.75,100%,21.75,125.57,125.57,Not Attempted,None,Not Attempted,None,4,0,4,4,0,0,,TRUE
67,Blue,1,1727,1,,Left Trench,Intake from Neutral Zone,Score,50%,90%,58,32.22,33.3%,96.76,FALSE,Score,None,100%,110%,11,10.00,100%,10.00,Score,None,80%,160%,70,35.00,100%,35.00,Pass,None,0%,0%,0,0.00,0%,0.00,Score,None,0%,0%,63,21.00,100%,21.00,Pass,Intake from Neutral Zone,0%,70%,0,0.00,0%,0.00,Score,None,70%,120%,87,50.75,100%,50.75,213.51,148.97,Not Attempted,None,Not Attempted,None,4,4,3,3,0,0,Good shooter and passing. ,TRUE
67,Blue,2,5724,1,,Hub,Idle,Idle,0%,90%,58,0.00,0%,0.00,FALSE,Score,Score,10%,110%,11,1.00,100%,1.00,Pass,Pass,0%,160%,70,0.00,0%,0.00,Pass,Pass,0%,0%,0,0.00,0%,0.00,Defense,Pass,0%,0%,63,21.00,0%,0.00,Pass,Defense,0%,70%,0,0.00,0%,0.00,Pass,Pass,0%,120%,87,0.00,0%,0.00,1.00,22.00,Not Attempted,None,Not Attempted,None,1,2,0,2,0,2,,TRUE
67,Blue,3,888,1,,Right Trench,Score,None,40%,90%,58,25.78,100%,25.78,FALSE,Score,None,0%,110%,11,0.00,100%,0.00,Score,None,80%,160%,70,35.00,100%,35.00,Intake from Neutral Zone,None,0%,0%,0,0.00,0%,0.00,Score,None,0%,0%,63,21.00,100%,21.00,Score,None,70%,70%,0,0.00,100%,0.00,Score,None,50%,120%,87,36.25,100%,36.25,118.03,118.03,Not Attempted,None,Not Attempted,None,3,0,3,4,2,0,,TRUE
67,Red,1,1731,1,,Right Trench,Intake from Neutral Zone,Score,20%,20%,60,60.00,33.3%,180.18,TRUE,Intake from Neutral Zone,Intake from Neutral Zone,0%,40%,16,0.00,0%,0.00,Intake from Neutral Zone,Pass,0%,20%,0,0.00,0%,0.00,Score,Score,50%,90%,104,57.78,100%,57.78,Intake from Neutral Zone,Pass,0%,0%,0,0.00,0%,0.00,Score,Score,40%,90%,109,48.44,100%,48.44,Score,Score,50%,100%,83,41.50,100%,41.50,327.90,207.72,Not Attempted,None,Not Attempted,None,4,3,4,3,0,0,,TRUE
67,Red,2,5549,1,,Hub,Intake from Neutral Zone,None,0%,20%,60,0.00,0%,0.00,TRUE,Score,None,20%,40%,16,8.00,100%,8.00,Pass,Intake from Neutral Zone,20%,20%,0,0.00,0%,0.00,Score,None,40%,90%,104,46.22,100%,46.22,Intake from Neutral Zone,Pass,0%,0%,0,0.00,0%,0.00,Score,None,40%,90%,109,48.44,100%,48.44,Intake from Neutral Zone,Idle,40%,100%,83,33.20,0%,0.00,102.67,135.87,Not Attempted,None,Not Attempted,None,4,4,4,4,0,0,Did well it can pass intake and shoot well at the end it went idle for some reason.,TRUE
67,Red,3,540,1,,Hub,Intake from Neutral Zone,None,0%,20%,60,0.00,0%,0.00,TRUE,Score,None,20%,40%,16,8.00,100%,8.00,Idle,None,0%,20%,0,0.00,0%,0.00,Idle,None,0%,90%,104,0.00,0%,0.00,Defense,None,0%,0%,0,0.00,0%,0.00,Score,None,10%,90%,109,12.11,100%,12.11,Score,None,10%,100%,83,8.30,100%,8.30,28.41,28.41,Not Attempted,None,Not Attempted,None,2,0,2,4,0,0,,TRUE
68,Blue,1,686,1,,Left Trench,Intake from Neutral Zone,Score,60%,120%,61,30.50,33.3%,91.59,FALSE,Score,None,100%,110%,23,20.91,100%,20.91,Score,None,70%,110%,81,51.55,100%,51.55,Intake from Neutral Zone,Pass,0%,0%,0,0.00,0%,0.00,Score,None,0%,0%,121,40.33,100%,40.33,Pass,None,0%,0%,0,0.00,0%,0.00,Score,Pass,40%,80%,90,45.00,66.7%,67.47,271.85,188.29,Not Attempted,None,Not Attempted,None,5,4,4,5,0,4,"Great shooter, intake, and passing. Good defense and great strategy.",TRUE
68,Blue,2,2199,1,,Right Trench,Intake from Neutral Zone,Score,40%,120%,61,20.33,33.3%,61.06,FALSE,Intake from Neutral Zone,Intake from Neutral Zone,0%,110%,23,0.00,0%,0.00,Pass,Score,20%,110%,81,14.73,33.3%,44.23,Intake from Neutral Zone,Intake from Neutral Zone,0%,0%,0,0.00,0%,0.00,Score,Score,0%,0%,121,40.33,100%,40.33,Score,Intake from Neutral Zone,0%,0%,0,0.00,66.7%,0.00,Score,Score,40%,80%,90,45.00,100%,45.00,190.62,120.39,Not Attempted,None,Not Attempted,None,3,4,4,5,0,2,,TRUE
68,Blue,3,619,1,true,Hub,Intake from Neutral Zone,Score,20%,120%,61,10.17,33.3%,30.53,FALSE,Intake from Neutral Zone,Score,10%,110%,23,2.09,33.3%,6.28,Score,None,20%,110%,81,14.73,100%,14.73,Intake from Neutral Zone,None,0%,0%,0,0.00,0%,0.00,Idle,Idle,0%,0%,121,40.33,0%,0.00,Idle,None,0%,0%,0,0.00,0%,0.00,Defense,None,0%,80%,90,0.00,0%,0.00,51.54,67.32,Not Attempted,None,Not Attempted,None,2,2,2,3,0,3,,TRUE
68,Red,1,4541,1,,Hub,Intake from Neutral Zone,Score,10%,90%,65,7.22,33.3%,21.69,TRUE,Idle,Idle,0%,80%,15,0.00,0%,0.00,Intake from Neutral Zone,Intake from Neutral Zone,0%,0%,0,0.00,0%,0.00,Score,Score,30%,120%,100,25.00,100%,25.00,Intake from Neutral Zone,Intake from Neutral Zone,0%,0%,0,0.00,0%,0.00,Score,Score,30%,30%,53,53.00,100%,53.00,Score,Score,20%,100%,23,4.60,100%,4.60,104.29,89.82,Not Attempted,None,Not Attempted,None,0,0,0,2,0,0,,TRUE
68,Red,2,339,1,,Hub,Idle,None,0%,90%,65,0.00,0%,0.00,TRUE,Intake from Neutral Zone,None,0%,80%,15,0.00,0%,0.00,Intake from Neutral Zone,None,0%,0%,0,0.00,0%,0.00,Pass,Score,10%,120%,100,8.33,33.3%,25.03,Intake from Neutral Zone,None,0%,0%,0,0.00,0%,0.00,Pass,Intake from Neutral Zone,0%,30%,53,0.00,0%,0.00,Defense,Score,0%,100%,23,0.00,33.3%,0.00,25.03,8.33,Not Attempted,None,Not Attempted,None,1,2,1,1,0,1,Horrible could shoot but it was very insignificant the only useful thing is did was pass.,TRUE
68,Red,3,2106,1,,Hub,Score,None,80%,90%,65,57.78,100%,57.78,TRUE,Score,None,80%,80%,15,15.00,100%,15.00,Intake from Neutral Zone,None,0%,0%,0,0.00,0%,0.00,Score,None,80%,120%,100,66.67,100%,66.67,Intake from Neutral Zone,None,0%,0%,0,0.00,0%,0.00,Intake from Neutral Zone,None,0%,30%,53,0.00,0%,0.00,Score,None,80%,100%,23,18.40,100%,18.40,157.84,157.84,Not Attempted,None,Not Attempted,None,5,4,5,5,0,0,Junkyard dogs are good bro.,TRUE
69,Blue,1,1908,1,,Left Trench,Intake from Neutral Zone,Score,30%,90%,38,12.67,33.3%,38.04,TRUE,Score,None,100%,100%,12,12.00,100%,12.00,Intake from Neutral Zone,Pass,0%,20%,0,0.00,0%,0.00,Score,None,70%,100%,143,100.10,100%,100.10,Pass,Intake from Neutral Zone,0%,0%,0,0.00,0%,0.00,Score,None,100%,130%,31,23.85,100%,23.85,Intake from Neutral Zone,Score,100%,110%,67,60.91,33.3%,182.91,356.89,209.52,Not Attempted,None,Not Attempted,None,5,5,4,3,0,0,Amazing shooter and strategy. Great passing.,TRUE
69,Blue,2,10224,1,,Hub,Score,None,40%,90%,38,16.89,100%,16.89,TRUE,Intake from Neutral Zone,Intake from Neutral Zone,0%,100%,12,0.00,0%,0.00,Intake from Neutral Zone,Pass,0%,20%,0,0.00,0%,0.00,Score,Score,10%,100%,143,14.30,100%,14.30,Intake from Neutral Zone,Intake from Neutral Zone,0%,0%,0,0.00,0%,0.00,Pass,Pass,0%,130%,31,0.00,0%,0.00,Intake from Neutral Zone,Pass,0%,110%,67,0.00,0%,0.00,31.19,31.19,Not Attempted,None,Not Attempted,None,2,3,3,3,0,1,,TRUE
69,Blue,3,3748,1,,Right Trench,Intake from Neutral Zone,Score,20%,90%,38,8.44,33.3%,25.36,TRUE,Intake from Neutral Zone,None,0%,100%,12,0.00,0%,0.00,Pass,None,20%,20%,0,0.00,0%,0.00,Score,Intake from Neutral Zone,20%,100%,143,28.60,66.7%,42.88,Score,None,0%,0%,0,0.00,100%,0.00,Score,Intake from Neutral Zone,30%,130%,31,7.15,66.7%,10.73,Score,Intake from Neutral Zone,10%,110%,67,6.09,66.7%,9.13,88.09,50.29,Not Attempted,None,Not Attempted,None,2,3,3,3,0,0,,TRUE
69,Red,1,1895,1,,Hub,Idle,Idle,0%,0%,29,9.67,0%,0.00,FALSE,Idle,Idle,0%,0%,0,0.00,0%,0.00,Idle,Idle,0%,60%,74,0.00,0%,0.00,Idle,Idle,0%,40%,0,0.00,0%,0.00,Idle,Idle,0%,0%,32,10.67,0%,0.00,Idle,Idle,0%,30%,0,0.00,0%,0.00,Idle,Idle,0%,50%,51,0.00,0%,0.00,0.00,20.33,Not Attempted,None,Not Attempted,None,0,0,0,1,0,0,Terrible,TRUE
69,Red,2,422,1,,Left Trench,Idle,None,0%,0%,29,9.67,0%,0.00,FALSE,Pass,None,0%,0%,0,0.00,0%,0.00,Intake from Neutral Zone,Score,40%,60%,74,49.33,33.3%,148.15,Intake from Neutral Zone,None,40%,40%,0,0.00,0%,0.00,Score,None,0%,0%,32,10.67,100%,10.67,Pass,Defense,30%,30%,0,0.00,0%,0.00,Pass,None,30%,50%,51,30.60,0%,0.00,158.81,100.27,Not Attempted,None,Not Attempted,None,4,0,2,4,0,0,Intake breaks very easily and then all it can do is pass.,TRUE
69,Red,3,3939,1,,Right Trench,Idle,None,0%,0%,29,9.67,0%,0.00,FALSE,Idle,None,0%,0%,0,0.00,0%,0.00,Score,None,20%,60%,74,24.67,100%,24.67,Intake from Neutral Zone,None,0%,40%,0,0.00,0%,0.00,Score,None,0%,0%,32,10.67,100%,10.67,Intake from Neutral Zone,None,0%,30%,0,0.00,0%,0.00,Score,None,20%,50%,51,20.40,100%,20.40,55.73,65.40,Not Attempted,None,Not Attempted,None,3,0,3,3,0,0,Ok,TRUE
70,Blue,1,1086,1,,Hub,Intake from Neutral Zone,Score,40%,100%,98,39.20,33.3%,117.72,TRUE,Intake from Neutral Zone,None,0%,100%,2,0.00,0%,0.00,Pass,None,0%,10%,0,0.00,0%,0.00,Score,None,70%,70%,62,62.00,100%,62.00,Intake from Neutral Zone,None,0%,0%,0,0.00,0%,0.00,Score,None,80%,110%,69,50.18,100%,50.18,Score,None,80%,100%,74,59.20,100%,59.20,289.10,210.58,Not Attempted,None,Not Attempted,None,5,4,3,4,0,0,👍,TRUE
70,Blue,2,2890,1,,Hub,Score,Score,20%,100%,98,19.60,100%,19.60,TRUE,Intake from Neutral Zone,Defense,0%,100%,2,0.00,0%,0.00,Score,Score,10%,10%,0,0.00,100%,0.00,Intake from Neutral Zone,Intake from Neutral Zone,0%,70%,62,0.00,0%,0.00,Intake from Neutral Zone,Pass,0%,0%,0,0.00,0%,0.00,Score,Score,30%,110%,69,18.82,100%,18.82,Pass,Score,20%,100%,74,14.80,33.3%,44.44,82.86,53.22,L1 Attempted,Level1,L1 Attempted,Level1,3,4,3,3,0,0,"climbed twice successfully, good robot but slow",TRUE
70,Blue,3,401,1,,Left Trench,Intake from Neutral Zone,None,40%,100%,98,39.20,0%,0.00,TRUE,Score,None,100%,100%,2,2.00,100%,2.00,Intake from Neutral Zone,Pass,0%,10%,0,0.00,0%,0.00,Idle,None,0%,70%,62,0.00,0%,0.00,Idle,None,0%,0%,0,0.00,0%,0.00,Idle,None,0%,110%,69,0.00,0%,0.00,Idle,None,0%,100%,74,0.00,0%,0.00,2.00,41.20,Not Attempted,None,Not Attempted,None,4,4,3,4,0,0,DCed and never came back,TRUE
70,Red,1,1389,1,,Hub,Intake from Neutral Zone,Idle,0%,110%,44,0.00,0%,0.00,FALSE,Intake from Neutral Zone,Intake from Neutral Zone,0%,30%,0,0.00,0%,0.00,Score,Score,20%,130%,20,3.08,100%,3.08,Intake from Neutral Zone,Intake from Neutral Zone,0%,40%,0,0.00,0%,0.00,Score,Score,0%,0%,82,27.33,100%,27.33,Intake from Neutral Zone,Intake from Neutral Zone,0%,30%,0,0.00,0%,0.00,Score,Score,20%,110%,14,2.55,100%,2.55,32.96,32.96,Not Attempted,None,Not Attempted,None,0,0,0,2,0,0,,TRUE
70,Red,2,2377,1,,Left Trench,Intake from Neutral Zone,Score,30%,110%,44,12.00,33.3%,36.04,FALSE,Intake from Neutral Zone,None,30%,30%,0,0.00,0%,0.00,Score,Intake from Neutral Zone,50%,130%,20,7.69,66.7%,11.53,Idle,Intake from Neutral Zone,40%,40%,0,0.00,0%,0.00,Idle,None,0%,0%,82,27.33,0%,0.00,Idle,None,30%,30%,0,0.00,0%,0.00,Idle,None,30%,110%,14,3.82,0%,0.00,47.57,50.84,Not Attempted,None,Not Attempted,None,4,0,3,3,0,0,Their robot died it was good for the first part.,TRUE
70,Red,3,614,1,,Right Trench,Score,None,80%,110%,44,32.00,100%,32.00,FALSE,Intake from Neutral Zone,None,0%,30%,0,0.00,0%,0.00,Score,None,60%,130%,20,9.23,100%,9.23,Intake from Neutral Zone,None,0%,40%,0,0.00,0%,0.00,Score,None,0%,0%,82,27.33,100%,27.33,Defense,None,0%,30%,0,0.00,0%,0.00,Score,None,60%,110%,14,7.64,100%,7.64,76.20,76.20,Not Attempted,None,Not Attempted,None,4,4,0,3,0,0,,TRUE
71,Blue,1,4472,1,,Left Trench,Intake from Neutral Zone,Score,60%,70%,42,36.00,33.3%,108.11,TRUE,Score,Pass,100%,100%,7,7.00,66.7%,10.49,Intake from Neutral Zone,Pass,0%,0%,0,0.00,0%,0.00,Score,None,50%,50%,26,26.00,100%,26.00,Intake from Neutral Zone,None,0%,0%,0,0.00,0%,0.00,Score,None,80%,80%,42,42.00,100%,42.00,Score,None,80%,80%,46,46.00,100%,46.00,232.60,157.00,Not Attempted,None,Not Attempted,None,4,2,3,4,0,0,Gread shooter.,TRUE
71,Blue,2,5587,1,,Right Trench,Score,Score,10%,70%,42,6.00,100%,6.00,TRUE,Intake from Neutral Zone,Intake from Neutral Zone,0%,100%,7,0.00,0%,0.00,Intake from Neutral Zone,Intake from Neutral Zone,0%,0%,0,0.00,0%,0.00,Pass,None,0%,50%,26,0.00,0%,0.00,Idle,Defense,0%,0%,0,0.00,0%,0.00,Pass,Idle,0%,80%,42,0.00,0%,0.00,Defense,Defense,0%,80%,46,0.00,0%,0.00,6.00,6.00,Not Attempted,None,Not Attempted,None,1,0,1,2,0,1,,TRUE
71,Blue,3,1111,1,,Hub,Score,None,0%,70%,42,0.00,100%,0.00,TRUE,Pass,None,0%,100%,7,0.00,0%,0.00,Pass,None,0%,0%,0,0.00,0%,0.00,Defense,None,0%,50%,26,0.00,0%,0.00,Defense,Pass,0%,0%,0,0.00,0%,0.00,Pass,None,0%,80%,42,0.00,0%,0.00,Idle,None,0%,80%,46,0.00,0%,0.00,0.00,0.00,Not Attempted,None,Not Attempted,None,0,3,0,4,0,4,Brown out at end,TRUE
71,Red,1,10004,1,,Left Trench,Intake from Neutral Zone,Score,20%,60%,26,8.67,33.3%,26.03,FALSE,Score,Score,100%,130%,8,6.15,100%,6.15,Score,Score,60%,90%,43,28.67,100%,28.67,Intake from Neutral Zone,Pass,0%,0%,0,0.00,0%,0.00,Score,Score,0%,0%,22,7.33,100%,7.33,Intake from Neutral Zone,Intake from Neutral Zone,0%,0%,0,0.00,0%,0.00,Score,Score,0%,30%,17,0.00,100%,0.00,68.18,50.82,Not Attempted,None,Not Attempted,None,0,0,0,3,0,0,Shooter broke ,TRUE
71,Red,2,1719,1,,Right Trench,Score,Idle,10%,60%,26,4.33,66.7%,6.50,FALSE,Idle,None,0%,130%,8,0.00,0%,0.00,Defense,Idle,0%,90%,43,0.00,0%,0.00,Defense,None,0%,0%,0,0.00,0%,0.00,Defense,None,0%,0%,22,7.33,0%,0.00,Pass,None,0%,0%,0,0.00,0%,0.00,Idle,None,0%,30%,17,0.00,0%,0.00,6.50,11.67,Not Attempted,None,Not Attempted,None,1,1,0,1,0,2,Bumpers were falling after their attempt to defend.,TRUE
71,Red,3,9033,1,,Right Trench,Score,None,30%,60%,26,13.00,100%,13.00,FALSE,Score,None,30%,130%,8,1.85,100%,1.85,Score,None,30%,90%,43,14.33,100%,14.33,Defense,None,0%,0%,0,0.00,0%,0.00,Score,None,0%,0%,22,7.33,100%,7.33,Defense,None,0%,0%,0,0.00,0%,0.00,Score,None,30%,30%,17,17.00,100%,17.00,53.51,53.51,Not Attempted,None,Not Attempted,None,3,0,3,4,0,4,,TRUE
72,Blue,1,11425,1,,Hub,Score,None,0%,90%,91,0.00,100%,0.00,TRUE,Idle,None,0%,100%,28,0.00,0%,0.00,Intake from Neutral Zone,None,0%,0%,0,0.00,0%,0.00,Defense,None,0%,130%,99,0.00,0%,0.00,Defense,None,0%,0%,0,0.00,0%,0.00,Defense,None,0%,100%,40,0.00,0%,0.00,Pass,None,0%,100%,58,0.00,0%,0.00,0.00,0.00,Not Attempted,None,Not Attempted,None,0,4,0,3,0,3,Great passing and good defence.,TRUE
72,Blue,2,836,1,,Right Trench,Intake from Neutral Zone,Score,40%,90%,91,40.44,33.3%,121.45,TRUE,Intake from Neutral Zone,Score,100%,100%,28,28.00,33.3%,84.08,Intake from Neutral Zone,Pass,0%,0%,0,0.00,0%,0.00,Score,Score,50%,130%,99,38.08,100%,38.08,Intake from Neutral Zone,Pass,0%,0%,0,0.00,0%,0.00,Score,Score,100%,100%,40,40.00,100%,40.00,Score,Score,100%,100%,58,58.00,100%,58.00,341.62,204.52,Not Attempted,None,Not Attempted,None,5,5,4,5,3,0,,TRUE
72,Blue,3,9072,1,,Left Trench,Score,None,50%,90%,91,50.56,100%,50.56,TRUE,Intake from Neutral Zone,None,0%,100%,28,0.00,0%,0.00,Intake from Neutral Zone,None,0%,0%,0,0.00,0%,0.00,Score,None,80%,130%,99,60.92,100%,60.92,Intake from Neutral Zone,None,0%,0%,0,0.00,0%,0.00,Intake from Neutral Zone,None,0%,100%,40,0.00,0%,0.00,Intake from Neutral Zone,None,0%,100%,58,0.00,0%,0.00,111.48,111.48,Not Attempted,None,Not Attempted,None,3,0,3,3,2,0,torch blocked tigerbots into the blue zone for half the match,TRUE
72,Red,1,10679,1,,Hub,Idle,Idle,0%,30%,43,0.00,0%,0.00,FALSE,Score,Score,0%,30%,0,0.00,100%,0.00,Defense,Defense,0%,40%,16,0.00,0%,0.00,Defense,Defense,0%,0%,0,0.00,0%,0.00,Defense,Defense,0%,0%,20,6.67,0%,0.00,Defense,Defense,0%,20%,0,0.00,0%,0.00,Defense,Defense,0%,20%,20,0.00,0%,0.00,0.00,6.67,Not Attempted,None,Not Attempted,None,0,0,0,2,0,2,,TRUE
72,Red,2,5804,1,,Left Trench,Intake from Neutral Zone,Score,20%,30%,43,28.67,33.3%,86.09,FALSE,Idle,None,0%,30%,0,0.00,0%,0.00,Intake from Neutral Zone,Defense,0%,40%,16,0.00,0%,0.00,Defense,Pass,0%,0%,0,0.00,0%,0.00,Defense,None,0%,0%,20,6.67,0%,0.00,Defense,None,0%,20%,0,0.00,0%,0.00,Defense,None,0%,20%,20,0.00,0%,0.00,86.09,35.33,Not Attempted,None,Not Attempted,None,1,3,1,4,0,5,Great defense and passing trapped tiger bots permanently in the red alienate. ,TRUE
72,Red,3,5243,1,,Right Bump,Score,None,10%,30%,43,14.33,100%,14.33,FALSE,Score,None,30%,30%,0,0.00,100%,0.00,Score,None,40%,40%,16,16.00,100%,16.00,Intake from Neutral Zone,None,0%,0%,0,0.00,0%,0.00,Score,None,0%,0%,20,6.67,100%,6.67,Score,None,20%,20%,0,0.00,100%,0.00,Score,None,20%,20%,20,20.00,100%,20.00,57.00,57.00,Not Attempted,None,Not Attempted,None,3,0,3,3,0,0,,TRUE
73,Blue,1,346,1,,Hub,Intake from Neutral Zone,Score,10%,90%,28,3.11,33.3%,9.34,FALSE,Score,None,50%,110%,44,20.00,100%,20.00,Intake from Neutral Zone,Score,50%,120%,72,30.00,33.3%,90.09,Intake from Neutral Zone,Pass,0%,0%,0,0.00,0%,0.00,Score,None,0%,0%,76,25.33,100%,25.33,Intake from Neutral Zone,Pass,0%,0%,0,0.00,0%,0.00,Score,None,70%,100%,31,21.70,100%,21.70,166.47,100.14,Not Attempted,None,Not Attempted,None,5,3,3,4,0,0,"Big hopper. Good shooter, great strategy.",TRUE
73,Blue,2,8592,1,,Left Bump,Intake from Neutral Zone,Score,80%,90%,28,24.89,33.3%,74.74,FALSE,Intake from Neutral Zone,Score,60%,110%,44,24.00,33.3%,72.07,Intake from Neutral Zone,Score,70%,120%,72,42.00,33.3%,126.13,Intake from Neutral Zone,Pass,0%,0%,0,0.00,0%,0.00,Score,Score,0%,0%,76,25.33,100%,25.33,Intake from Neutral Zone,Pass,0%,0%,0,0.00,0%,0.00,Score,Score,30%,100%,31,9.30,100%,9.30,307.57,125.52,Not Attempted,None,Not Attempted,None,3,4,4,4,0,0,,TRUE
73,Blue,3,3361,1,,Left Trench,Idle,None,0%,90%,28,0.00,0%,0.00,FALSE,Idle,None,0%,110%,44,0.00,0%,0.00,Idle,None,0%,120%,72,0.00,0%,0.00,Idle,None,0%,0%,0,0.00,0%,0.00,Idle,None,0%,0%,76,25.33,0%,0.00,Idle,Idle,0%,0%,0,0.00,0%,0.00,Idle,None,0%,100%,31,0.00,0%,0.00,0.00,25.33,Not Attempted,None,Not Attempted,None,0,0,0,2,0,0,,TRUE
73,Red,1,888,1,,Hub,Intake from Neutral Zone,Score,30%,30%,43,43.00,33.3%,129.13,TRUE,Intake from Neutral Zone,Intake from Neutral Zone,0%,0%,0,0.00,0%,0.00,Intake from Neutral Zone,Intake from Neutral Zone,0%,0%,0,0.00,0%,0.00,Score,Score,70%,80%,57,49.87,100%,49.87,Intake from Neutral Zone,Intake from Neutral Zone,0%,0%,0,0.00,0%,0.00,Score,Score,60%,70%,52,44.57,100%,44.57,Score,Score,30%,40%,38,28.50,100%,28.50,252.08,165.95,Not Attempted,None,Not Attempted,None,0,0,0,3,0,0,,TRUE
73,Red,2,3258,1,,Left Trench,Idle,None,0%,30%,43,0.00,0%,0.00,TRUE,Idle,None,0%,0%,0,0.00,0%,0.00,Defense,None,0%,0%,0,0.00,0%,0.00,Defense,None,0%,80%,57,0.00,0%,0.00,Pass,None,0%,0%,0,0.00,0%,0.00,Defense,None,0%,70%,52,0.00,0%,0.00,Pass,None,0%,40%,38,0.00,0%,0.00,0.00,0.00,Not Attempted,None,Not Attempted,None,1,2,0,1,0,1,Their defense was horrible the only good thing they did was get stuck stop newton for like a second.,TRUE
73,Red,3,2068,1,,Left Bump,Idle,None,0%,30%,43,0.00,0%,0.00,TRUE,Intake from Neutral Zone,None,0%,0%,0,0.00,0%,0.00,Defense,None,0%,0%,0,0.00,0%,0.00,Score,None,10%,80%,57,7.13,100%,7.13,Defense,None,0%,0%,0,0.00,0%,0.00,Score,None,10%,70%,52,7.43,100%,7.43,Intake from Neutral Zone,None,10%,40%,38,9.50,0%,0.00,14.55,24.05,Not Attempted,None,Not Attempted,None,2,0,2,3,0,0,,TRUE
74,Blue,1,3136,1,,Right Trench,Intake from Neutral Zone,Score,0%,80%,50,0.00,33.3%,0.00,FALSE,Intake from Neutral Zone,None,0%,100%,10,0.00,0%,0.00,Score,None,40%,130%,109,33.54,100%,33.54,Intake from Neutral Zone,None,0%,40%,0,0.00,0%,0.00,Score,None,0%,0%,142,47.33,100%,47.33,Intake from Neutral Zone,None,0%,30%,0,0.00,0%,0.00,Score,None,60%,150%,174,69.60,100%,69.60,150.47,150.47,Not Attempted,None,Not Attempted,None,4,0,3,4,0,0,Not bad,TRUE
74,Blue,2,1629,1,,Left Trench,Intake from Neutral Zone,Score,80%,80%,50,50.00,33.3%,150.15,FALSE,Intake from Neutral Zone,Score,100%,100%,10,10.00,33.3%,30.03,Score,Intake from Neutral Zone,60%,130%,109,50.31,66.7%,75.42,Intake from Neutral Zone,Pass,0%,40%,0,0.00,0%,0.00,Intake from Neutral Zone,Pass,0%,0%,142,47.33,0%,0.00,Pass,Idle,0%,30%,0,0.00,0%,0.00,Score,Score,40%,150%,174,46.40,100%,46.40,302.00,204.04,Not Attempted,None,Not Attempted,None,3,0,3,4,0,0,,TRUE
74,Blue,3,2199,1,,Hub,Idle,None,0%,80%,50,0.00,0%,0.00,FALSE,Intake from Neutral Zone,None,0%,100%,10,0.00,0%,0.00,Score,None,30%,130%,109,25.15,100%,25.15,Score,None,40%,40%,0,0.00,100%,0.00,Intake from Neutral Zone,None,0%,0%,142,47.33,0%,0.00,Score,None,30%,30%,0,0.00,100%,0.00,Score,None,50%,150%,174,58.00,100%,58.00,83.15,130.49,Not Attempted,None,Not Attempted,None,3,0,3,4,0,0,,TRUE
74,Red,1,619,1,,Hub,Intake from Neutral Zone,Score,40%,80%,71,35.50,33.3%,106.61,TRUE,Intake from Neutral Zone,Intake from Neutral Zone,0%,40%,48,0.00,0%,0.00,Intake from Neutral Zone,Intake from Neutral Zone,0%,40%,0,0.00,0%,0.00,Score,Score,20%,60%,105,35.00,100%,35.00,Intake from Neutral Zone,Intake from Neutral Zone,0%,0%,0,0.00,0%,0.00,Score,Score,50%,100%,106,53.00,100%,53.00,Score,Intake from Neutral Zone,50%,120%,68,28.33,66.7%,42.48,237.09,151.83,Not Attempted,None,Not Attempted,None,3,0,4,4,0,0,,TRUE
74,Red,2,1731,1,,Left Trench,Intake from Neutral Zone,Score,40%,80%,71,35.50,33.3%,106.61,TRUE,Intake from Neutral Zone,Score,40%,40%,48,48.00,33.3%,144.14,Pass,Intake from Neutral Zone,40%,40%,0,0.00,0%,0.00,Score,None,40%,60%,105,70.00,100%,70.00,Intake from Neutral Zone,Pass,0%,0%,0,0.00,0%,0.00,Score,None,50%,100%,106,53.00,100%,53.00,Score,None,70%,120%,68,39.67,100%,39.67,413.42,246.17,Not Attempted,None,Not Attempted,None,5,5,5,5,0,0,Really good double turret and grate passing and intake.,TRUE
74,Red,3,5724,1,,Hub,Idle,None,0%,80%,71,0.00,0%,0.00,TRUE,Intake from Neutral Zone,None,0%,40%,48,0.00,0%,0.00,Defense,Intake from Neutral Zone,0%,40%,0,0.00,0%,0.00,Idle,None,0%,60%,105,0.00,0%,0.00,Defense,None,0%,0%,0,0.00,0%,0.00,Idle,None,0%,100%,106,0.00,0%,0.00,Idle,None,0%,120%,68,0.00,0%,0.00,0.00,0.00,Not Attempted,None,Not Attempted,None,0,0,0,4,0,3,,TRUE
75,Blue,1,1262,1,,Left Trench,Intake from Neutral Zone,Score,20%,70%,33,9.43,33.3%,28.31,FALSE,Intake from Neutral Zone,None,0%,10%,5,0.00,0%,0.00,Score,None,60%,130%,65,30.00,100%,30.00,Intake from Neutral Zone,None,0%,0%,0,0.00,0%,0.00,Score,None,0%,0%,84,28.00,100%,28.00,Defense,None,0%,0%,0,0.00,0%,0.00,Score,None,40%,100%,77,30.80,100%,30.80,117.11,98.23,Not Attempted,None,Not Attempted,None,3,0,2,3,0,2,Average,TRUE
75,Blue,2,3748,1,,Left Trench,Idle,Idle,0%,70%,33,0.00,0%,0.00,FALSE,Intake from Neutral Zone,Score,10%,10%,5,5.00,33.3%,15.02,Score,Score,20%,130%,65,10.00,100%,10.00,Intake from Neutral Zone,Intake from Neutral Zone,0%,0%,0,0.00,0%,0.00,Score,Score,0%,0%,84,28.00,100%,28.00,Pass,Defense,0%,0%,0,0.00,0%,0.00,Idle,Score,10%,100%,77,7.70,33.3%,23.12,76.14,50.70,Not Attempted,None,Not Attempted,None,2,0,3,2,1,1,,TRUE
75,Blue,3,3939,1,,Hub,Score,None,50%,70%,33,23.57,100%,23.57,FALSE,Idle,None,0%,10%,5,0.00,0%,0.00,Intake from Neutral Zone,Score,50%,130%,65,25.00,33.3%,75.08,Defense,Intake from Neutral Zone,0%,0%,0,0.00,0%,0.00,Score,None,0%,0%,84,28.00,100%,28.00,Intake from Neutral Zone,None,0%,0%,0,0.00,0%,0.00,Score,Score,50%,100%,77,38.50,100%,38.50,165.15,115.07,Not Attempted,None,Not Attempted,None,4,0,3,3,0,0,,TRUE
75,Red,1,2106,1,,Left Trench,Intake from Neutral Zone,Score,70%,140%,87,43.50,33.3%,130.63,TRUE,Intake from Neutral Zone,Score,60%,140%,32,13.71,33.3%,41.18,Intake from Neutral Zone,Pass,0%,0%,0,0.00,0%,0.00,Score,Intake from Neutral Zone,60%,140%,125,53.57,66.7%,80.32,Intake from Neutral Zone,Intake from Neutral Zone,0%,0%,0,0.00,0%,0.00,Score,Score,60%,120%,133,66.50,100%,66.50,Score,Score,100%,150%,40,26.67,100%,26.67,345.30,203.95,Not Attempted,None,Not Attempted,None,5,5,5,5,0,0,,TRUE
75,Red,2,5549,1,,Right Trench,Intake from Neutral Zone,Score,50%,140%,87,31.07,33.3%,93.31,TRUE,Intake from Neutral Zone,Score,60%,140%,32,13.71,33.3%,41.18,Intake from Neutral Zone,None,0%,0%,0,0.00,0%,0.00,Score,Intake from Neutral Zone,60%,140%,125,53.57,66.7%,80.32,Pass,Intake from Neutral Zone,0%,0%,0,0.00,0%,0.00,Idle,None,50%,120%,133,55.42,0%,0.00,Idle,None,40%,150%,40,10.67,0%,0.00,214.81,164.44,Not Attempted,None,Not Attempted,None,4,5,3,4,0,0,Good but they did an e stop or something for some reason near the end.,TRUE
75,Red,3,11318,1,,Hub,Score,None,20%,140%,87,12.43,100%,12.43,TRUE,Score,None,20%,140%,32,4.57,100%,4.57,Intake from Neutral Zone,None,0%,0%,0,0.00,0%,0.00,Score,None,20%,140%,125,17.86,100%,17.86,Intake from Neutral Zone,None,0%,0%,0,0.00,0%,0.00,Score,None,10%,120%,133,11.08,100%,11.08,Score,None,10%,150%,40,2.67,100%,2.67,48.61,48.61,Not Attempted,None,Not Attempted,None,3,0,3,3,0,0,,TRUE
76,Blue,1,1389,1,,Hub,Idle,None,0%,90%,45,0.00,0%,0.00,FALSE,Score,None,100%,240%,21,8.75,100%,8.75,Score,None,50%,130%,67,25.77,100%,25.77,Intake from Neutral Zone,None,0%,0%,0,0.00,0%,0.00,Score,None,0%,0%,118,39.33,100%,39.33,Intake from Neutral Zone,None,0%,0%,0,0.00,0%,0.00,Score,None,30%,100%,111,33.30,100%,33.30,107.15,107.15,Not Attempted,None,Not Attempted,None,4,0,3,3,0,0,Average,TRUE
76,Blue,2,540,1,,Right Trench,Intake from Neutral Zone,Score,50%,90%,45,25.00,33.3%,75.08,FALSE,Score,Intake from Neutral Zone,70%,240%,21,6.13,66.7%,9.18,Score,Intake from Neutral Zone,40%,130%,67,20.62,66.7%,30.91,Defense,Pass,0%,0%,0,0.00,0%,0.00,Intake from Neutral Zone,Score,0%,0%,118,39.33,33.3%,118.12,Defense,Defense,0%,0%,0,0.00,0%,0.00,Score,Intake from Neutral Zone,20%,100%,111,22.20,66.7%,33.28,266.57,113.27,Not Attempted,None,Not Attempted,None,2,0,3,3,1,2,,TRUE
76,Blue,3,1908,1,,Left Trench,Score,None,40%,90%,45,20.00,100%,20.00,FALSE,Score,None,70%,240%,21,6.13,100%,6.13,Score,None,40%,130%,67,20.62,100%,20.62,Intake from Neutral Zone,None,0%,0%,0,0.00,0%,0.00,Score,Score,0%,0%,118,39.33,100%,39.33,Intake from Neutral Zone,None,0%,0%,0,0.00,0%,0.00,Score,None,50%,100%,111,55.50,100%,55.50,141.57,141.57,Not Attempted,None,Not Attempted,None,4,3,4,4,0,0,,TRUE
76,Red,1,449,1,,Left Trench,Intake from Neutral Zone,Score,60%,80%,69,51.75,33.3%,155.41,TRUE,Score,Score,100%,100%,25,25.00,100%,25.00,Intake from Neutral Zone,Pass,0%,0%,0,0.00,0%,0.00,Score,Score,60%,70%,97,83.14,100%,83.14,Intake from Neutral Zone,Intake from Neutral Zone,0%,0%,0,0.00,0%,0.00,Score,Score,60%,80%,102,76.50,100%,76.50,Intake from Neutral Zone,Score,70%,80%,102,89.25,33.3%,268.02,608.07,325.64,Not Attempted,None,Not Attempted,None,5,0,5,5,0,0,,TRUE
76,Red,2,10224,1,,Hub,Idle,None,0%,80%,69,0.00,0%,0.00,TRUE,Intake from Neutral Zone,None,0%,100%,25,0.00,0%,0.00,Intake from Neutral Zone,None,0%,0%,0,0.00,0%,0.00,Idle,None,0%,70%,97,0.00,0%,0.00,Intake from Neutral Zone,None,0%,0%,0,0.00,0%,0.00,Idle,None,0%,80%,102,0.00,0%,0.00,Score,None,0%,80%,102,0.00,100%,0.00,0.00,0.00,Not Attempted,None,Not Attempted,None,1,0,2,1,0,0,Takes all the balls it can and fails to shoot in the hub it got at most 10 shots total.,TRUE
76,Red,3,2537,1,,Right Trench,Score,None,20%,80%,69,17.25,100%,17.25,TRUE,Intake from Neutral Zone,None,0%,100%,25,0.00,0%,0.00,Intake from Neutral Zone,None,0%,0%,0,0.00,0%,0.00,Score,None,10%,70%,97,13.86,100%,13.86,Score,None,0%,0%,0,0.00,100%,0.00,Score,None,20%,80%,102,25.50,100%,25.50,Score,None,10%,80%,102,12.75,100%,12.75,69.36,69.36,Not Attempted,None,Not Attempted,None,4,0,4,3,0,0,,TRUE
77,Blue,1,4541,1,,Hub,Score,None,30%,100%,46,13.80,100%,13.80,TRUE,Intake from Neutral Zone,None,0%,100%,0,0.00,0%,0.00,Pass,None,0%,100%,0,0.00,0%,0.00,Score,None,30%,100%,103,30.90,100%,30.90,Intake from Neutral Zone,Pass,0%,100%,0,0.00,0%,0.00,Score,None,30%,100%,57,17.10,100%,17.10,Score,None,40%,100%,61,24.40,100%,24.40,86.20,86.20,Not Attempted,None,Not Attempted,None,3,4,3,3,0,0,"Great passing, slow slow shooter.",TRUE
77,Blue,2,686,0,,,,,0%,100%,46,0.00,0%,0.00,TRUE,,,0%,100%,0,0.00,0%,0.00,,,0%,100%,0,0.00,0%,0.00,,,0%,100%,103,0.00,0%,0.00,,,0%,100%,0,0.00,0%,0.00,,,0%,100%,57,0.00,0%,0.00,,,0%,100%,61,0.00,0%,0.00,0.00,0.00,,None,,None,,,,,,,,TRUE
77,Blue,3,1719,1,,Left Trench,Score,None,10%,100%,46,4.60,100%,4.60,TRUE,Defense,None,0%,100%,0,0.00,0%,0.00,Defense,None,0%,100%,0,0.00,0%,0.00,Defense,None,0%,100%,103,0.00,0%,0.00,Defense,None,0%,100%,0,0.00,0%,0.00,Defense,None,0%,100%,57,0.00,0%,0.00,Defense,None,0%,100%,61,0.00,0%,0.00,4.60,4.60,Not Attempted,None,Not Attempted,None,2,2,0,3,0,3,,TRUE
77,Red,1,8590,1,,Hub,Idle,Idle,0%,70%,25,0.00,0%,0.00,FALSE,Idle,Idle,0%,40%,0,0.00,0%,0.00,Idle,Idle,0%,20%,40,0.00,0%,0.00,Idle,Idle,0%,50%,0,0.00,0%,0.00,Defense,Defense,0%,0%,43,14.33,0%,0.00,Intake from Neutral Zone,Intake from Neutral Zone,0%,30%,0,0.00,0%,0.00,Defense,Defense,0%,50%,32,0.00,0%,0.00,0.00,14.33,Not Attempted,None,Not Attempted,None,0,0,0,2,0,0,,TRUE
77,Red,2,2890,1,,Right Trench,Score,None,20%,70%,25,7.14,100%,7.14,FALSE,Pass,None,20%,40%,0,0.00,0%,0.00,Pass,Intake from Neutral Zone,20%,20%,40,40.00,0%,0.00,Intake from Neutral Zone,None,20%,50%,0,0.00,0%,0.00,Score,None,0%,0%,43,14.33,100%,14.33,Idle,None,0%,30%,0,0.00,0%,0.00,Score,None,30%,50%,32,19.20,100%,19.20,40.68,80.68,Not Attempted,None,Not Attempted,Level1,3,0,1,2,0,0,,TRUE
77,Red,3,2377,1,,Left Trench,Score,None,50%,70%,25,17.86,100%,17.86,FALSE,Score,None,20%,40%,0,0.00,100%,0.00,Intake from Neutral Zone,None,0%,20%,40,0.00,0%,0.00,Score,None,30%,50%,0,0.00,100%,0.00,Score,None,0%,0%,43,14.33,100%,14.33,Score,None,30%,30%,0,0.00,100%,0.00,Score,None,20%,50%,32,12.80,100%,12.80,44.99,44.99,Not Attempted,None,Not Attempted,None,2,0,2,3,0,0,Ben was better.,TRUE
78,Blue,1,4472,1,,Hub,Score,None,30%,140%,61,13.07,100%,13.07,TRUE,Intake from Neutral Zone,Pass,0%,120%,43,0.00,0%,0.00,Pass,None,0%,0%,0,0.00,0%,0.00,Score,None,40%,130%,106,32.62,100%,32.62,Intake from Neutral Zone,None,0%,0%,0,0.00,0%,0.00,Score,None,20%,90%,81,18.00,100%,18.00,Score,None,30%,130%,80,18.46,100%,18.46,82.15,82.15,Not Attempted,None,Not Attempted,None,4,3,3,3,0,0,Good passer and shooter.,TRUE
78,Blue,2,10004,1,,Left Trench,Score,Intake from Neutral Zone,40%,140%,61,17.43,66.7%,26.13,TRUE,Score,Score,20%,120%,43,7.17,100%,7.17,Pass,Pass,0%,0%,0,0.00,0%,0.00,Score,Score,30%,130%,106,24.46,100%,24.46,Score,Intake from Neutral Zone,0%,0%,0,0.00,66.7%,0.00,Score,Score,20%,90%,81,18.00,100%,18.00,Intake from Neutral Zone,Score,30%,130%,80,18.46,33.3%,55.44,131.20,85.52,Not Attempted,None,Not Attempted,None,3,0,3,4,0,0,,TRUE
78,Blue,3,836,1,,Right Trench,Score,None,70%,140%,61,30.50,100%,30.50,TRUE,Score,None,100%,120%,43,35.83,100%,35.83,Intake from Neutral Zone,None,0%,0%,0,0.00,0%,0.00,Score,None,60%,130%,106,48.92,100%,48.92,Intake from Neutral Zone,None,0%,0%,0,0.00,0%,0.00,Score,Score,50%,90%,81,45.00,100%,45.00,Score,None,70%,130%,80,43.08,100%,43.08,203.33,203.33,Not Attempted,None,Not Attempted,None,4,4,5,4,4,0,,TRUE
78,Red,1,1895,1,,Right Bump,Idle,Intake from Neutral Zone,0%,60%,46,0.00,0%,0.00,FALSE,Pass,Pass,0%,70%,11,0.00,0%,0.00,Defense,Defense,0%,70%,70,0.00,0%,0.00,Defense,Defense,0%,60%,0,0.00,0%,0.00,Pass,Defense,0%,0%,125,41.67,0%,0.00,Defense,Pass,0%,80%,0,0.00,0%,0.00,Idle,Idle,0%,80%,112,0.00,0%,0.00,0.00,41.67,Not Attempted,None,Not Attempted,None,0,0,0,2,0,0,,TRUE
78,Red,2,620,1,,Hub,Score,None,10%,60%,46,7.67,100%,7.67,FALSE,Intake from Neutral Zone,None,10%,70%,11,1.57,0%,0.00,Intake from Neutral Zone,Score,20%,70%,70,20.00,33.3%,60.06,Intake from Neutral Zone,None,20%,60%,0,0.00,0%,0.00,Score,None,0%,0%,125,41.67,100%,41.67,Intake from Neutral Zone,None,40%,80%,0,0.00,0%,0.00,Score,None,40%,80%,112,56.00,100%,56.00,165.39,126.90,Not Attempted,None,Not Attempted,None,4,0,2,3,0,0,Last few seconds it shutdown really good for the teleport part.,TRUE
78,Red,3,1086,1,,Left Bump,Score,None,50%,60%,46,38.33,100%,38.33,FALSE,Score,None,60%,70%,11,9.43,100%,9.43,Score,None,50%,70%,70,50.00,100%,50.00,Score,None,40%,60%,0,0.00,100%,0.00,Score,None,0%,0%,125,41.67,100%,41.67,Score,None,40%,80%,0,0.00,100%,0.00,Score,None,40%,80%,112,56.00,100%,56.00,195.43,195.43,Not Attempted,None,Not Attempted,None,4,0,4,3,0,0,,TRUE
79,Blue,1,4099,1,,Hub,Intake from Neutral Zone,Score,70%,110%,52,33.09,33.3%,99.37,TRUE,Score,None,100%,100%,5,5.00,100%,5.00,Intake from Neutral Zone,None,0%,0%,0,0.00,0%,0.00,Score,None,50%,60%,57,47.50,100%,47.50,Intake from Neutral Zone,None,0%,0%,0,0.00,0%,0.00,Score,None,100%,100%,40,40.00,100%,40.00,Intake from Neutral Zone,Score,90%,100%,49,44.10,33.3%,132.43,324.30,169.69,Not Attempted,None,Not Attempted,None,5,3,4,5,3,0,Great shooter and strategy. Good 👍 intake.,TRUE
79,Blue,2,5587,1,,Right Trench,Score,Score,10%,110%,52,4.73,100%,4.73,TRUE,Idle,Score,0%,100%,5,0.00,33.3%,0.00,Idle,Intake from Neutral Zone,0%,0%,0,0.00,0%,0.00,Score,Pass,10%,60%,57,9.50,66.7%,14.24,Defense,Intake from Neutral Zone,0%,0%,0,0.00,0%,0.00,Pass,Intake from Neutral Zone,0%,100%,40,0.00,0%,0.00,Pass,Score,10%,100%,49,4.90,33.3%,14.71,33.68,19.13,Not Attempted,None,Not Attempted,None,1,2,1,2,0,2,,TRUE
79,Blue,3,9033,1,,Hub,Score,None,30%,110%,52,14.18,100%,14.18,TRUE,Intake from Neutral Zone,None,0%,100%,5,0.00,0%,0.00,Defense,None,0%,0%,0,0.00,0%,0.00,Pass,None,0%,60%,57,0.00,0%,0.00,Defense,None,0%,0%,0,0.00,0%,0.00,Defense,None,0%,100%,40,0.00,0%,0.00,Defense,None,0%,100%,49,0.00,0%,0.00,14.18,14.18,Not Attempted,None,Not Attempted,None,0,0,0,4,4,5,Generational defense ,TRUE
79,Red,1,11425,1,,Hub,Intake from Neutral Zone,Pass,0%,30%,47,0.00,0%,0.00,FALSE,Intake from Neutral Zone,Intake from Neutral Zone,0%,40%,14,0.00,0%,0.00,Defense,Defense,0%,80%,45,0.00,0%,0.00,Intake from Neutral Zone,Pass,0%,0%,0,0.00,0%,0.00,Defense,Defense,0%,0%,60,20.00,0%,0.00,Intake from Neutral Zone,Idle,0%,0%,0,0.00,0%,0.00,Defense,Defense,0%,90%,35,0.00,0%,0.00,0.00,20.00,Not Attempted,None,Not Attempted,None,0,0,0,2,0,0,,TRUE
79,Red,2,422,1,,Right Trench,Intake from Neutral Zone,Score,30%,30%,47,47.00,33.3%,141.14,FALSE,Score,None,40%,40%,14,14.00,100%,14.00,Score,Intake from Neutral Zone,80%,80%,45,45.00,66.7%,67.47,Pass,Intake from Neutral Zone,0%,0%,0,0.00,0%,0.00,Score,None,0%,0%,60,20.00,100%,20.00,Pass,Intake from Neutral Zone,0%,0%,0,0.00,0%,0.00,Score,Pass,90%,90%,35,35.00,66.7%,52.47,295.08,161.00,Not Attempted,None,Not Attempted,None,5,5,4,5,4,0,The first game the intake did’t break and they did well even while being defended.,TRUE
79,Red,3,10679,1,,Right Trench,Idle,None,0%,30%,47,0.00,0%,0.00,FALSE,Defense,None,0%,40%,14,0.00,0%,0.00,Defense,None,0%,80%,45,0.00,0%,0.00,Defense,None,0%,0%,0,0.00,0%,0.00,Defense,None,0%,0%,60,20.00,0%,0.00,Defense,None,0%,0%,0,0.00,0%,0.00,Defense,None,0%,90%,35,0.00,0%,0.00,0.00,20.00,Not Attempted,None,Not Attempted,None,0,0,0,4,0,4,,TRUE
80,Blue,1,401,1,,Right Trench,Intake from Neutral Zone,Score,30%,70%,42,18.00,33.3%,54.05,FALSE,Idle,None,0%,0%,0,0.00,0%,0.00,Score,None,20%,20%,30,30.00,100%,30.00,Pass,None,0%,0%,0,0.00,0%,0.00,Score,None,0%,0%,77,25.67,100%,25.67,Pass,Idle,0%,0%,0,0.00,0%,0.00,Idle,None,0%,0%,27,9.00,0%,0.00,109.72,82.67,Not Attempted,None,Not Attempted,None,5,5,3,4,0,0,Died half way. Amazing shooter and passing.,TRUE
80,Blue,2,1111,1,,Hub,Score,Idle,0%,70%,42,0.00,66.7%,0.00,FALSE,Pass,Pass,0%,0%,0,0.00,0%,0.00,Pass,Defense,0%,20%,30,0.00,0%,0.00,Defense,Defense,0%,0%,0,0.00,0%,0.00,Defense,Defense,0%,0%,77,25.67,0%,0.00,Defense,Defense,0%,0%,0,0.00,0%,0.00,Defense,Defense,0%,0%,27,9.00,0%,0.00,0.00,34.67,Not Attempted,None,Not Attempted,None,1,1,0,1,1,2,,TRUE
80,Blue,3,5804,1,,Left Trench,Score,None,40%,70%,42,24.00,100%,24.00,FALSE,Idle,None,0%,0%,0,0.00,0%,0.00,Idle,None,0%,20%,30,0.00,0%,0.00,Idle,Defense,0%,0%,0,0.00,0%,0.00,Pass,None,0%,0%,77,25.67,0%,0.00,Pass,Defense,0%,0%,0,0.00,0%,0.00,Pass,None,0%,0%,27,9.00,0%,0.00,24.00,58.67,Not Attempted,None,Not Attempted,None,2,3,0,3,0,3,,TRUE
80,Red,1,11415,1,,Right Trench,Intake from Neutral Zone,Score,50%,100%,81,40.50,33.3%,121.62,TRUE,Score,Score,50%,100%,31,15.50,100%,15.50,Pass,Intake from Neutral Zone,0%,50%,0,0.00,0%,0.00,Score,Score,60%,110%,120,65.45,100%,65.45,Intake from Neutral Zone,Pass,0%,0%,0,0.00,0%,0.00,Score,Score,60%,110%,111,60.55,100%,60.55,Score,Score,50%,100%,103,51.50,100%,51.50,314.62,233.50,Not Attempted,None,Not Attempted,None,4,4,4,5,0,0,,TRUE
80,Red,2,2421,1,,Hub,Idle,None,0%,100%,81,0.00,0%,0.00,TRUE,Score,None,0%,100%,31,0.00,100%,0.00,Defense,None,0%,50%,0,0.00,0%,0.00,Defense,None,0%,110%,120,0.00,0%,0.00,Defense,None,0%,0%,0,0.00,0%,0.00,Defense,None,0%,110%,111,0.00,0%,0.00,Pass,None,0%,100%,103,0.00,0%,0.00,0.00,0.00,Not Attempted,None,Not Attempted,None,1,3,0,1,0,1,Scored 2 points in total had extremely bad defense as well the only thing they can do okay is pass balls.,TRUE
80,Red,3,5338,1,,Left Trench,Score,None,50%,100%,81,40.50,100%,40.50,TRUE,Score,None,50%,100%,31,15.50,100%,15.50,Score,None,50%,50%,0,0.00,100%,0.00,Score,None,50%,110%,120,54.55,100%,54.55,Score,None,0%,0%,0,0.00,100%,0.00,Score,None,50%,110%,111,50.45,100%,50.45,Score,None,50%,100%,103,51.50,100%,51.50,212.50,212.50,Not Attempted,None,Not Attempted,None,5,0,4,5,0,0,,TRUE
81,Blue,1,5243,1,,Hub,Score,None,30%,110%,92,25.09,100%,25.09,TRUE,Idle,None,0%,100%,23,0.00,0%,0.00,Intake from Neutral Zone,None,0%,0%,0,0.00,0%,0.00,Score,None,30%,130%,93,21.46,100%,21.46,Intake from Neutral Zone,None,0%,0%,0,0.00,0%,0.00,Score,None,20%,110%,67,12.18,100%,12.18,Score,None,50%,120%,65,27.08,100%,27.08,85.82,85.82,L1 Attempted,None,Not Attempted,None,3,0,1,4,0,0,Slow drive train. Slow shooter. Small hopper.,TRUE
81,Blue,2,9072,1,,Left Trench,Intake from Neutral Zone,Score,80%,110%,92,66.91,33.3%,200.93,TRUE,Intake from Neutral Zone,Score,100%,100%,23,23.00,33.3%,69.07,Intake from Neutral Zone,Pass,0%,0%,0,0.00,0%,0.00,Score,Intake from Neutral Zone,70%,130%,93,50.08,66.7%,75.08,Intake from Neutral Zone,Defense,0%,0%,0,0.00,0%,0.00,Score,Intake from Neutral Zone,90%,110%,67,54.82,66.7%,82.19,Intake from Neutral Zone,Score,70%,120%,65,37.92,33.3%,113.86,541.13,232.72,Not Attempted,None,Not Attempted,None,5,0,4,5,1,2,,TRUE
81,Blue,3,339,1,,Hub,Idle,None,0%,110%,92,0.00,0%,0.00,TRUE,Intake from Neutral Zone,None,0%,100%,23,0.00,0%,0.00,Pass,Intake from Neutral Zone,0%,0%,0,0.00,0%,0.00,Score,None,30%,130%,93,21.46,100%,21.46,Intake from Neutral Zone,Defense,0%,0%,0,0.00,0%,0.00,Intake from Neutral Zone,Defense,0%,110%,67,0.00,0%,0.00,Pass,None,0%,120%,65,0.00,0%,0.00,21.46,21.46,Not Attempted,None,Not Attempted,None,2,2,2,1,0,2,,TRUE
81,Red,1,614,1,,Right Bump,Intake from Neutral Zone,Score,40%,160%,77,19.25,33.3%,57.81,FALSE,Intake from Neutral Zone,Intake from Neutral Zone,0%,120%,9,0.00,0%,0.00,Score,Score,30%,140%,72,15.43,100%,15.43,Intake from Neutral Zone,Intake from Neutral Zone,0%,100%,0,0.00,0%,0.00,Pass,Pass,0%,0%,77,25.67,0%,0.00,Defense,Defense,0%,60%,0,0.00,0%,0.00,Defense,Defense,0%,120%,72,0.00,0%,0.00,73.24,60.35,Not Attempted,None,Not Attempted,None,3,0,4,4,0,0,,TRUE
81,Red,2,122,1,,Left Trench,Intake from Neutral Zone,Score,50%,160%,77,24.06,33.3%,72.26,FALSE,Intake from Neutral Zone,Score,50%,120%,9,3.75,33.3%,11.26,Score,Intake from Neutral Zone,50%,140%,72,25.71,66.7%,38.55,Intake from Neutral Zone,Pass,50%,100%,0,0.00,0%,0.00,Score,None,0%,0%,77,25.67,100%,25.67,Intake from Neutral Zone,Pass,0%,60%,0,0.00,0%,0.00,Score,None,60%,120%,72,36.00,100%,36.00,183.74,115.19,Not Attempted,None,Not Attempted,None,4,4,3,4,0,0,Really good even though it lost.,TRUE
81,Red,3,1727,1,,Right Trench,Score,None,70%,160%,77,33.69,100%,33.69,FALSE,Score,None,70%,120%,9,5.25,100%,5.25,Score,None,60%,140%,72,30.86,100%,30.86,Score,None,50%,100%,0,0.00,100%,0.00,Score,None,0%,0%,77,25.67,100%,25.67,Score,None,60%,60%,0,0.00,100%,0.00,Score,None,60%,120%,72,36.00,100%,36.00,131.46,131.46,Not Attempted,None,Not Attempted,None,4,0,4,4,0,0,,TRUE
82,Blue,1,540,1,,Hub,Intake from Neutral Zone,Score,40%,110%,65,23.64,33.3%,70.98,FALSE,Score,None,50%,90%,24,13.33,100%,13.33,Intake from Neutral Zone,Score,40%,90%,100,44.44,33.3%,133.47,Defense,Intake from Neutral Zone,0%,0%,0,0.00,0%,0.00,Score,None,0%,0%,122,40.67,100%,40.67,Defense,None,0%,0%,0,0.00,0%,0.00,Intake from Neutral Zone,Score,40%,110%,131,47.64,33.3%,143.05,401.50,169.72,Not Attempted,None,Not Attempted,None,4,0,3,5,0,5,"Great defence, put junkyard on lockdown. Great shooter and strategy.",TRUE
82,Blue,2,10224,1,,Hub,Score,Score,10%,110%,65,5.91,100%,5.91,FALSE,Intake from Neutral Zone,Intake from Neutral Zone,0%,90%,24,0.00,0%,0.00,Score,Intake from Neutral Zone,0%,90%,100,0.00,66.7%,0.00,Intake from Neutral Zone,Intake from Neutral Zone,0%,0%,0,0.00,0%,0.00,Score,Score,0%,0%,122,40.67,100%,40.67,Intake from Neutral Zone,Intake from Neutral Zone,0%,0%,0,0.00,0%,0.00,Score,Intake from Neutral Zone,10%,110%,131,11.91,66.7%,17.85,64.43,58.48,Not Attempted,None,Not Attempted,None,2,0,3,3,0,0,,TRUE
82,Blue,3,1629,1,,Left Trench,Score,None,60%,110%,65,35.45,100%,35.45,FALSE,Score,None,40%,90%,24,10.67,100%,10.67,Pass,Score,50%,90%,100,55.56,33.3%,166.83,Pass,Intake from Neutral Zone,0%,0%,0,0.00,0%,0.00,Score,None,0%,0%,122,40.67,100%,40.67,Pass,Intake from Neutral Zone,0%,0%,0,0.00,0%,0.00,Score,Intake from Neutral Zone,60%,110%,131,71.45,66.7%,107.13,360.75,213.80,Not Attempted,None,Not Attempted,None,4,4,4,5,5,0,,TRUE
82,Red,1,3258,1,,Right Bump,Score,Score,20%,120%,67,11.17,100%,11.17,TRUE,Defense,Defense,0%,100%,20,0.00,0%,0.00,Defense,Pass,0%,100%,0,0.00,0%,0.00,Pass,Pass,0%,120%,65,0.00,0%,0.00,Defense,Defense,0%,0%,0,0.00,0%,0.00,Defense,Defense,0%,130%,65,0.00,0%,0.00,Defense,Defense,0%,130%,82,0.00,0%,0.00,11.17,11.17,Not Attempted,None,Not Attempted,None,0,0,0,2,0,0,No intake ,TRUE
82,Red,2,3939,1,,Hub,Score,None,10%,120%,67,5.58,100%,5.58,TRUE,Idle,None,10%,100%,20,2.00,0%,0.00,Intake from Neutral Zone,None,10%,100%,0,0.00,0%,0.00,Score,None,40%,120%,65,21.67,100%,21.67,Intake from Neutral Zone,None,0%,0%,0,0.00,0%,0.00,Score,None,50%,130%,65,25.00,100%,25.00,Score,None,50%,130%,82,31.54,100%,31.54,83.79,85.79,Not Attempted,None,Not Attempted,None,3,0,2,3,0,0,Okay robot nothing much.,TRUE
82,Red,3,2106,1,,Right Trench,Score,None,90%,120%,67,50.25,100%,50.25,TRUE,Score,None,90%,100%,20,18.00,100%,18.00,Score,None,90%,100%,0,0.00,100%,0.00,Score,None,80%,120%,65,43.33,100%,43.33,Score,None,0%,0%,0,0.00,100%,0.00,Score,None,80%,130%,65,40.00,100%,40.00,Score,None,80%,130%,82,50.46,100%,50.46,202.04,202.04,Not Attempted,None,Not Attempted,None,5,5,5,5,0,0,,TRUE
83,Blue,1,2377,1,,Hub,Defense,None,0%,70%,23,0.00,0%,0.00,FALSE,Defense,None,0%,80%,15,0.00,0%,0.00,Defense,None,0%,30%,58,0.00,0%,0.00,Defense,None,0%,0%,0,0.00,0%,0.00,Defense,None,0%,0%,99,33.00,0%,0.00,Idle,None,0%,0%,0,0.00,0%,0.00,Idle,None,0%,110%,69,0.00,0%,0.00,0.00,33.00,Not Attempted,None,Not Attempted,None,1,0,0,3,0,2,Defended blair ineffectively. Was idle for second half.,TRUE
83,Blue,2,8592,1,,Hub,Intake from Neutral Zone,Score,30%,70%,23,9.86,33.3%,29.60,FALSE,Score,Idle,10%,80%,15,1.88,66.7%,2.81,Pass,Pass,0%,30%,58,0.00,0%,0.00,Pass,Intake from Neutral Zone,0%,0%,0,0.00,0%,0.00,Score,Intake from Neutral Zone,0%,0%,99,33.00,66.7%,49.48,Intake from Neutral Zone,Pass,0%,0%,0,0.00,0%,0.00,Score,Score,80%,110%,69,50.18,100%,50.18,132.07,94.91,Not Attempted,None,Not Attempted,None,3,4,4,4,3,0,,TRUE
83,Blue,3,619,1,,Right Trench,Score,None,40%,70%,23,13.14,100%,13.14,FALSE,Score,None,70%,80%,15,13.12,100%,13.12,Score,None,30%,30%,58,58.00,100%,58.00,Pass,Intake from Neutral Zone,0%,0%,0,0.00,0%,0.00,Score,None,0%,0%,99,33.00,100%,33.00,Intake from Neutral Zone,Pass,0%,0%,0,0.00,0%,0.00,Score,None,30%,110%,69,18.82,100%,18.82,136.09,136.09,Not Attempted,None,Not Attempted,None,4,3,3,4,0,3,,TRUE
83,Red,1,449,1,,Left Bump,Intake from Neutral Zone,Score,70%,80%,79,69.12,33.3%,207.58,TRUE,Intake from Neutral Zone,Score,100%,120%,17,14.17,33.3%,42.54,Idle,Pass,0%,0%,0,0.00,0%,0.00,Score,Score,50%,70%,129,92.14,100%,92.14,Intake from Neutral Zone,Intake from Neutral Zone,0%,0%,0,0.00,0%,0.00,Score,Score,50%,90%,123,68.33,100%,68.33,Score,Score,50%,90%,75,41.67,100%,41.67,452.27,285.43,Not Attempted,None,Not Attempted,None,5,0,5,5,0,0,,TRUE
83,Red,2,5724,1,,Hub,Idle,None,0%,80%,79,0.00,0%,0.00,TRUE,Intake from Neutral Zone,None,0%,120%,17,0.00,0%,0.00,Intake from Neutral Zone,Pass,0%,0%,0,0.00,0%,0.00,Intake from Neutral Zone,Score,0%,70%,129,0.00,33.3%,0.00,Pass,Intake from Neutral Zone,0%,0%,0,0.00,0%,0.00,Intake from Neutral Zone,None,0%,90%,123,0.00,0%,0.00,Pass,None,0%,90%,75,0.00,0%,0.00,0.00,0.00,Not Attempted,None,Not Attempted,None,1,0,1,1,0,0,Stayed in the neutral zone most of the time.,TRUE
83,Red,3,1908,1,,Right Trench,Score,None,10%,80%,79,9.88,100%,9.88,TRUE,Score,None,20%,120%,17,2.83,100%,2.83,Intake from Neutral Zone,None,0%,0%,0,0.00,0%,0.00,Score,None,20%,70%,129,36.86,100%,36.86,Intake from Neutral Zone,None,0%,0%,0,0.00,0%,0.00,Score,None,40%,90%,123,54.67,100%,54.67,Score,None,40%,90%,75,33.33,100%,33.33,137.57,137.57,Not Attempted,None,Not Attempted,None,5,0,5,5,0,0,,TRUE
84,Blue,1,2199,1,,Hub,Intake from Neutral Zone,Score,70%,100%,82,57.40,33.3%,172.37,TRUE,Intake from Neutral Zone,None,0%,100%,8,0.00,0%,0.00,Pass,None,0%,100%,0,0.00,0%,0.00,Score,None,100%,100%,51,51.00,100%,51.00,Intake from Neutral Zone,None,0%,100%,0,0.00,0%,0.00,Score,None,80%,100%,51,40.80,100%,40.80,Score,None,100%,100%,50,50.00,100%,50.00,314.17,199.20,Not Attempted,None,Not Attempted,None,5,0,3,4,3,0,Great shooter and strategy. ,TRUE
84,Blue,2,1719,1,,Hub,Score,Score,10%,100%,82,8.20,100%,8.20,TRUE,Pass,Pass,0%,100%,8,0.00,0%,0.00,Pass,Pass,0%,100%,0,0.00,0%,0.00,Pass,Defense,0%,100%,51,0.00,0%,0.00,Pass,Pass,0%,100%,0,0.00,0%,0.00,Pass,Defense,0%,100%,51,0.00,0%,0.00,Pass,Defense,0%,100%,50,0.00,0%,0.00,8.20,8.20,Not Attempted,None,Not Attempted,None,1,2,0,2,1,1,,TRUE
84,Blue,3,2537,0,,,,,0%,100%,82,0.00,0%,0.00,TRUE,,,0%,100%,8,0.00,0%,0.00,,,0%,100%,0,0.00,0%,0.00,,,0%,100%,51,0.00,0%,0.00,,,0%,100%,0,0.00,0%,0.00,,,0%,100%,51,0.00,0%,0.00,,,0%,100%,50,0.00,0%,0.00,0.00,0.00,,None,,None,,,,,,,,TRUE
84,Red,1,2068,1,,Left Bump,Score,Score,10%,50%,28,5.60,100%,5.60,FALSE,Pass,None,0%,40%,1,0.00,0%,0.00,Intake from Neutral Zone,Score,10%,50%,34,6.80,33.3%,20.42,Defense,Defense,0%,0%,0,0.00,0%,0.00,Pass,None,0%,0%,17,5.67,0%,0.00,Defense,Defense,0%,0%,0,0.00,0%,0.00,Pass,Score,10%,50%,44,8.80,33.3%,26.43,52.45,26.87,Not Attempted,None,Not Attempted,None,0,0,0,2,0,0,,TRUE
84,Red,2,1895,1,,Hub,Idle,None,0%,50%,28,0.00,0%,0.00,FALSE,Idle,None,0%,40%,1,0.00,0%,0.00,Idle,None,0%,50%,34,0.00,0%,0.00,Defense,None,0%,0%,0,0.00,0%,0.00,Score,Idle,0%,0%,17,5.67,66.7%,8.50,Idle,None,0%,0%,0,0.00,0%,0.00,Idle,None,0%,50%,44,0.00,0%,0.00,8.50,5.67,Not Attempted,None,Not Attempted,None,3,0,3,3,0,3,Very mid and went idle many times.,TRUE
84,Red,3,3748,1,,Hub,Score,None,40%,50%,28,22.40,100%,22.40,FALSE,Score,None,40%,40%,1,1.00,100%,1.00,Score,None,40%,50%,34,27.20,100%,27.20,Intake from Neutral Zone,None,0%,0%,0,0.00,0%,0.00,Score,None,0%,0%,17,5.67,100%,5.67,Intake from Neutral Zone,None,0%,0%,0,0.00,0%,0.00,Score,None,40%,50%,44,35.20,100%,35.20,91.47,91.47,Not Attempted,None,Not Attempted,None,3,0,3,4,0,0,,TRUE
85,Blue,1,10004,1,,Hub,Intake from Neutral Zone,None,0%,100%,62,0.00,0%,0.00,TRUE,Intake from Neutral Zone,Score,50%,100%,16,8.00,33.3%,24.02,Pass,Intake from Neutral Zone,0%,100%,0,0.00,0%,0.00,Score,None,30%,100%,98,29.40,100%,29.40,Pass,None,0%,100%,0,0.00,0%,0.00,Score,None,30%,100%,57,17.10,100%,17.10,Pass,Score,10%,100%,64,6.40,33.3%,19.22,89.74,60.90,Not Attempted,None,Not Attempted,None,3,3,2,2,0,0,Bad,TRUE
85,Blue,2,422,1,,Left Trench,Intake from Neutral Zone,Score,80%,100%,62,49.60,33.3%,148.95,TRUE,Intake from Neutral Zone,Pass,0%,100%,16,0.00,0%,0.00,Intake from Neutral Zone,Intake from Neutral Zone,0%,100%,0,0.00,0%,0.00,Score,Score,60%,100%,98,58.80,100%,58.80,Intake from Neutral Zone,Pass,0%,100%,0,0.00,0%,0.00,Score,Score,70%,100%,57,39.90,100%,39.90,Intake from Neutral Zone,Score,70%,100%,64,44.80,33.3%,134.53,382.18,193.10,Not Attempted,None,Not Attempted,None,3,4,5,4,0,0,,TRUE
85,Blue,3,3361,0,,,,,0%,100%,62,0.00,0%,0.00,TRUE,,,0%,100%,16,0.00,0%,0.00,,,0%,100%,0,0.00,0%,0.00,,,0%,100%,98,0.00,0%,0.00,,,0%,100%,0,0.00,0%,0.00,,,0%,100%,57,0.00,0%,0.00,,,0%,100%,64,0.00,0%,0.00,0.00,0.00,,None,,None,,,,,,,,TRUE
85,Red,1,2890,1,,Right Bump,Score,Score,10%,50%,20,4.00,100%,4.00,FALSE,Intake from Neutral Zone,Intake from Neutral Zone,0%,0%,0,0.00,0%,0.00,Score,Score,50%,100%,44,22.00,100%,22.00,Intake from Neutral Zone,Intake from Neutral Zone,0%,0%,0,0.00,0%,0.00,Score,Score,0%,0%,69,23.00,100%,23.00,Intake from Neutral Zone,Intake from Neutral Zone,0%,0%,0,0.00,0%,0.00,Score,Score,60%,110%,80,43.64,100%,43.64,92.64,92.64,L1 Attempted,None,Not Attempted,None,3,0,3,4,0,0,,TRUE
85,Red,2,4541,1,,Hub,Score,None,40%,50%,20,16.00,100%,16.00,FALSE,Intake from Neutral Zone,None,0%,0%,0,0.00,0%,0.00,Pass,Score,50%,100%,44,22.00,33.3%,66.07,Intake from Neutral Zone,None,0%,0%,0,0.00,0%,0.00,Score,None,0%,0%,69,23.00,100%,23.00,Intake from Neutral Zone,Pass,0%,0%,0,0.00,0%,0.00,Score,None,50%,110%,80,36.36,100%,36.36,141.43,97.36,Not Attempted,None,Not Attempted,None,3,2,3,3,0,0,Average nothing special.,TRUE
85,Red,3,11425,1,,Left Bump,Idle,None,0%,50%,20,0.00,0%,0.00,FALSE,Idle,None,0%,0%,0,0.00,0%,0.00,Idle,None,0%,100%,44,0.00,0%,0.00,Defense,None,0%,0%,0,0.00,0%,0.00,Idle,None,0%,0%,69,23.00,0%,0.00,Defense,None,0%,0%,0,0.00,0%,0.00,Idle,None,0%,110%,80,0.00,0%,0.00,0.00,23.00,Not Attempted,None,Not Attempted,None,0,0,0,4,0,4,,TRUE
86,Blue,1,3136,1,,Hub,Score,Idle,40%,100%,27,10.80,66.7%,16.19,FALSE,Intake from Neutral Zone,None,0%,100%,0,0.00,0%,0.00,Score,None,70%,100%,69,48.30,100%,48.30,Intake from Neutral Zone,Defense,0%,100%,0,0.00,0%,0.00,Score,None,0%,100%,82,0.00,100%,0.00,Intake from Neutral Zone,None,0%,100%,0,0.00,0%,0.00,Score,None,40%,100%,150,60.00,100%,60.00,124.49,119.10,Not Attempted,None,Not Attempted,None,5,0,3,4,0,1,Slow drivetrain. ,TRUE
86,Blue,2,4472,1,,Hub,Score,Score,10%,100%,27,2.70,100%,2.70,FALSE,Intake from Neutral Zone,Intake from Neutral Zone,0%,100%,0,0.00,0%,0.00,Score,Score,20%,100%,69,13.80,100%,13.80,Intake from Neutral Zone,Intake from Neutral Zone,0%,100%,0,0.00,0%,0.00,Score,Score,0%,100%,82,0.00,100%,0.00,Intake from Neutral Zone,Intake from Neutral Zone,0%,100%,0,0.00,0%,0.00,Score,Score,20%,100%,150,30.00,100%,30.00,46.50,46.50,Not Attempted,None,Not Attempted,None,2,0,3,3,0,0,,TRUE
86,Blue,3,5549,0,,,,,0%,100%,27,0.00,0%,0.00,FALSE,,,0%,100%,0,0.00,0%,0.00,,,0%,100%,69,0.00,0%,0.00,,,0%,100%,0,0.00,0%,0.00,,,0%,100%,82,0.00,0%,0.00,,,0%,100%,0,0.00,0%,0.00,,,0%,100%,150,0.00,0%,0.00,0.00,0.00,,None,,None,,,,,,,,TRUE
86,Red,1,10679,1,,Hub,Score,Score,20%,120%,70,11.67,100%,11.67,TRUE,Intake from Neutral Zone,Pass,0%,120%,29,0.00,0%,0.00,Defense,Defense,0%,40%,0,0.00,0%,0.00,Defense,Defense,0%,120%,128,0.00,0%,0.00,Defense,Defense,0%,0%,0,0.00,0%,0.00,Defense,Defense,0%,110%,109,0.00,0%,0.00,Idle,Pass,0%,110%,127,0.00,0%,0.00,11.67,11.67,Not Attempted,None,Not Attempted,None,0,0,0,3,0,0,Basically heavy drive train ,TRUE
86,Red,2,11415,1,,Right Trench,Intake from Neutral Zone,Score,40%,120%,70,23.33,33.3%,70.07,TRUE,Idle,None,40%,120%,29,9.67,0%,0.00,Intake from Neutral Zone,Pass,40%,40%,0,0.00,0%,0.00,Score,None,40%,120%,128,42.67,100%,42.67,Intake from Neutral Zone,Pass,0%,0%,0,0.00,0%,0.00,Score,None,50%,110%,109,49.55,100%,49.55,Score,Intake from Neutral Zone,50%,110%,127,57.73,66.7%,86.55,248.83,182.94,Not Attempted,None,Not Attempted,None,4,4,4,4,0,0,Good robot with good team.,TRUE
86,Red,3,836,1,,Left Trench,Score,None,60%,120%,70,35.00,100%,35.00,TRUE,Score,None,80%,120%,29,19.33,100%,19.33,Pass,None,0%,40%,0,0.00,0%,0.00,Score,None,80%,120%,128,85.33,100%,85.33,Pass,None,0%,0%,0,0.00,0%,0.00,Score,None,60%,110%,109,59.45,100%,59.45,Score,None,60%,110%,127,69.27,100%,69.27,268.39,268.39,Not Attempted,None,Not Attempted,None,5,5,5,5,0,0,,TRUE
87,Blue,1,1727,1,,Hub,Score,None,30%,100%,57,17.10,100%,17.10,TRUE,Score,Intake from Neutral Zone,40%,100%,35,14.00,66.7%,20.99,Intake from Neutral Zone,None,0%,100%,0,0.00,0%,0.00,Score,None,40%,100%,155,62.00,100%,62.00,Pass,Intake from Neutral Zone,0%,100%,0,0.00,0%,0.00,Score,None,40%,100%,120,48.00,100%,48.00,Score,None,40%,100%,80,32.00,100%,32.00,180.09,173.10,Not Attempted,None,Not Attempted,None,4,4,3,4,0,0,Good shooter and passing.,TRUE
87,Blue,2,401,1,,Right Trench,Intake from Neutral Zone,Score,20%,100%,57,11.40,33.3%,34.23,TRUE,Intake from Neutral Zone,Score,20%,100%,35,7.00,33.3%,21.02,Intake from Neutral Zone,Score,30%,100%,0,0.00,33.3%,0.00,Score,Score,20%,100%,155,31.00,100%,31.00,Intake from Neutral Zone,Pass,0%,100%,0,0.00,0%,0.00,Score,Score,10%,100%,120,12.00,100%,12.00,Score,Score,10%,100%,80,8.00,100%,8.00,106.26,69.40,Not Attempted,None,Not Attempted,None,3,3,3,3,2,2,,TRUE
87,Blue,3,686,0,,,,,0%,100%,57,0.00,0%,0.00,TRUE,,,0%,100%,35,0.00,0%,0.00,,,0%,100%,0,0.00,0%,0.00,,,0%,100%,155,0.00,0%,0.00,,,0%,100%,0,0.00,0%,0.00,,,0%,100%,120,0.00,0%,0.00,,,0%,100%,80,0.00,0%,0.00,0.00,0.00,,None,,None,,,,,,,,TRUE
87,Red,1,122,1,,Hub,Intake from Neutral Zone,Score,40%,80%,34,17.00,33.3%,51.05,FALSE,Intake from Neutral Zone,Score,40%,80%,1,0.50,33.3%,1.50,Intake from Neutral Zone,Intake from Neutral Zone,0%,40%,74,0.00,0%,0.00,Score,Score,40%,40%,0,0.00,100%,0.00,Intake from Neutral Zone,Intake from Neutral Zone,0%,0%,132,44.00,0%,0.00,Score,Score,20%,20%,0,0.00,100%,0.00,Score,None,30%,80%,143,53.62,100%,53.62,106.18,115.13,Not Attempted,None,Not Attempted,None,0,0,0,3,0,0,,TRUE
87,Red,2,5804,1,,Hub,Idle,None,0%,80%,34,0.00,0%,0.00,FALSE,Intake from Neutral Zone,None,0%,80%,1,0.00,0%,0.00,Defense,None,0%,40%,74,0.00,0%,0.00,Defense,None,0%,40%,0,0.00,0%,0.00,Defense,None,0%,0%,132,44.00,0%,0.00,Idle,None,0%,20%,0,0.00,0%,0.00,Idle,None,0%,80%,143,0.00,0%,0.00,0.00,44.00,Not Attempted,None,Not Attempted,None,1,0,2,2,0,3,Good defense against shooters that are not turrets.,TRUE
87,Red,3,346,1,,Right Bump,Score,None,40%,80%,34,17.00,100%,17.00,FALSE,Score,None,40%,80%,1,0.50,100%,0.50,Score,None,40%,40%,74,74.00,100%,74.00,Intake from Neutral Zone,None,0%,40%,0,0.00,0%,0.00,Score,None,0%,0%,132,44.00,100%,44.00,Intake from Neutral Zone,None,0%,20%,0,0.00,0%,0.00,Score,None,50%,80%,143,89.37,100%,89.37,224.87,224.87,Not Attempted,None,Not Attempted,None,4,0,3,3,0,0,,TRUE
88,Blue,1,5338,1,,Left Trench,Intake from Neutral Zone,Score,40%,80%,53,26.50,33.3%,79.58,TRUE,Intake from Neutral Zone,None,0%,0%,7,2.33,0%,0.00,Pass,None,0%,20%,0,0.00,0%,0.00,Score,None,80%,90%,48,42.67,100%,42.67,Intake from Neutral Zone,Pass,0%,0%,0,0.00,0%,0.00,Score,None,40%,40%,52,52.00,100%,52.00,Score,None,50%,80%,85,53.12,100%,53.12,227.37,176.62,Not Attempted,None,Not Attempted,None,4,0,3,3,0,0,Good shooter and intake.,TRUE
88,Blue,2,11318,1,,Hub,Idle,Idle,0%,80%,53,0.00,0%,0.00,TRUE,Intake from Neutral Zone,Intake from Neutral Zone,0%,0%,7,2.33,0%,0.00,Pass,Intake from Neutral Zone,20%,20%,0,0.00,0%,0.00,Score,Score,10%,90%,48,5.33,100%,5.33,Intake from Neutral Zone,Intake from Neutral Zone,0%,0%,0,0.00,0%,0.00,Score,Score,0%,40%,52,0.00,100%,0.00,Pass,Idle,0%,80%,85,0.00,0%,0.00,5.33,7.67,Not Attempted,None,Not Attempted,None,1,2,1,3,1,1,,TRUE
88,Blue,3,614,1,,Right Bump,Score,Intake from Neutral Zone,40%,80%,53,26.50,66.7%,39.73,TRUE,Idle,None,0%,0%,7,2.33,0%,0.00,Intake from Neutral Zone,None,0%,20%,0,0.00,0%,0.00,Pass,Intake from Neutral Zone,0%,90%,48,0.00,0%,0.00,Intake from Neutral Zone,Pass,0%,0%,0,0.00,0%,0.00,Pass,Intake from Neutral Zone,0%,40%,52,0.00,0%,0.00,Score,None,30%,80%,85,31.87,100%,31.87,71.61,60.71,Not Attempted,None,Not Attempted,None,3,3,3,4,3,0,,TRUE
88,Red,1,9033,1,,Left Trench,Score,None,20%,70%,20,5.71,100%,5.71,FALSE,Defense,Defense,0%,60%,2,0.00,0%,0.00,Defense,Defense,0%,80%,14,0.00,0%,0.00,Defense,Defense,0%,70%,0,0.00,0%,0.00,Defense,Defense,0%,0%,9,3.00,0%,0.00,Defense,Defense,0%,80%,0,0.00,0%,0.00,Defense,Defense,0%,120%,10,0.00,0%,0.00,5.71,8.71,Not Attempted,None,Not Attempted,None,0,0,0,4,0,5,Pretty good at defense not gonna lie ,TRUE
88,Red,2,339,1,,Right Trench,Intake from Neutral Zone,Score,50%,70%,20,14.29,33.3%,42.90,FALSE,Intake from Neutral Zone,Score,60%,60%,2,2.00,33.3%,6.01,Score,Intake from Neutral Zone,70%,80%,14,12.25,66.7%,18.37,Intake from Neutral Zone,None,70%,70%,0,0.00,0%,0.00,Score,Intake from Neutral Zone,0%,0%,9,3.00,66.7%,4.50,Intake from Neutral Zone,None,80%,80%,0,0.00,0%,0.00,Intake from Neutral Zone,None,80%,120%,10,6.67,0%,0.00,71.77,38.20,Not Attempted,None,Not Attempted,None,2,2,4,3,0,0,Okay not very good and had bad teammates.,TRUE
88,Red,3,2421,1,,Hub,Idle,None,0%,70%,20,0.00,0%,0.00,FALSE,Idle,None,0%,60%,2,0.00,0%,0.00,Score,None,10%,80%,14,1.75,100%,1.75,Intake from Neutral Zone,None,0%,70%,0,0.00,0%,0.00,Idle,None,0%,0%,9,3.00,0%,0.00,Defense,None,0%,80%,0,0.00,0%,0.00,Score,None,40%,120%,10,3.33,100%,3.33,5.08,8.08,Not Attempted,None,Not Attempted,None,0,0,0,3,0,3,Mid,TRUE
89,Blue,1,1086,1,,Left Bump,Intake from Neutral Zone,Score,80%,100%,77,61.60,33.3%,184.98,TRUE,Intake from Neutral Zone,None,0%,100%,9,0.00,0%,0.00,Pass,None,0%,100%,0,0.00,0%,0.00,Defense,Pass,0%,100%,77,0.00,0%,0.00,Defense,None,0%,100%,0,0.00,0%,0.00,Pass,None,0%,100%,55,0.00,0%,0.00,Defense,None,0%,100%,57,0.00,0%,0.00,184.98,61.60,Not Attempted,None,Not Attempted,None,4,4,3,4,0,2,Intake broke mid-way.  Good shooter and passing.,TRUE
89,Blue,2,1731,1,,Right Trench,Intake from Neutral Zone,Intake from Neutral Zone,40%,100%,77,30.80,0%,0.00,TRUE,Intake from Neutral Zone,Pass,0%,100%,9,0.00,0%,0.00,Intake from Neutral Zone,Pass,0%,100%,0,0.00,0%,0.00,Score,Intake from Neutral Zone,50%,100%,77,38.50,66.7%,57.72,Intake from Neutral Zone,Intake from Neutral Zone,0%,100%,0,0.00,0%,0.00,Score,Score,70%,100%,55,38.50,100%,38.50,Score,Score,60%,100%,57,34.20,100%,34.20,130.42,142.00,Not Attempted,None,Not Attempted,None,4,4,3,3,0,0,,TRUE
89,Blue,3,1389,0,,,,,0%,100%,77,0.00,0%,0.00,TRUE,,,0%,100%,9,0.00,0%,0.00,,,0%,100%,0,0.00,0%,0.00,,,0%,100%,77,0.00,0%,0.00,,,0%,100%,0,0.00,0%,0.00,,,0%,100%,55,0.00,0%,0.00,,,0%,100%,57,0.00,0%,0.00,0.00,0.00,,None,,None,,,,,,,,TRUE
89,Red,1,1262,0,,,,,0%,100%,41,0.00,0%,0.00,FALSE,,,0%,100%,0,0.00,0%,0.00,,,0%,100%,54,0.00,0%,0.00,,,0%,100%,0,0.00,0%,0.00,,,0%,100%,45,0.00,0%,0.00,,,0%,100%,0,0.00,0%,0.00,,,0%,100%,16,0.00,0%,0.00,0.00,0.00,,None,,None,,,,,,,,TRUE
89,Red,2,5587,1,,Left Trench,Intake from Neutral Zone,Score,20%,100%,41,8.20,33.3%,24.62,FALSE,Intake from Neutral Zone,Score,20%,100%,0,0.00,33.3%,0.00,Intake from Neutral Zone,Intake from Neutral Zone,10%,100%,54,5.40,0%,0.00,Intake from Neutral Zone,Score,10%,100%,0,0.00,33.3%,0.00,Defense,Defense,0%,100%,45,0.00,0%,0.00,Defense,Defense,0%,100%,0,0.00,0%,0.00,Intake from Neutral Zone,Score,10%,100%,16,1.60,33.3%,4.80,29.43,15.20,Not Attempted,None,Not Attempted,None,0,0,0,2,0,0,,TRUE
89,Red,3,5243,1,,Right Bump,Score,None,20%,100%,41,8.20,100%,8.20,FALSE,Score,None,40%,100%,0,0.00,100%,0.00,Score,None,40%,100%,54,21.60,100%,21.60,Score,None,30%,100%,0,0.00,100%,0.00,Score,None,0%,100%,45,0.00,100%,0.00,Score,None,30%,100%,0,0.00,100%,0.00,Score,None,30%,100%,16,4.80,100%,4.80,34.60,34.60,Not Attempted,None,Not Attempted,None,3,0,3,3,0,0,,TRUE
90,Blue,1,888,1,,Left Trench,Intake from Neutral Zone,Score,90%,100%,55,49.50,33.3%,148.65,FALSE,Pass,None,0%,100%,0,0.00,0%,0.00,Score,None,70%,100%,23,16.10,100%,16.10,Intake from Neutral Zone,Pass,0%,100%,0,0.00,0%,0.00,Score,None,0%,100%,43,0.00,100%,0.00,Intake from Neutral Zone,Pass,0%,100%,0,0.00,0%,0.00,Score,None,60%,100%,104,62.40,100%,62.40,227.15,128.00,Not Attempted,None,Not Attempted,None,4,3,3,4,0,0,Good shooter and strategy,TRUE
90,Blue,2,8590,1,,Right Trench,Intake from Neutral Zone,Idle,10%,100%,55,5.50,0%,0.00,FALSE,Idle,Idle,0%,100%,0,0.00,0%,0.00,Idle,Pass,0%,100%,23,0.00,0%,0.00,Defense,Defense,0%,100%,0,0.00,0%,0.00,Defense,Defense,0%,100%,43,0.00,0%,0.00,Idle,Idle,0%,100%,0,0.00,0%,0.00,Idle,Defense,0%,100%,104,0.00,0%,0.00,0.00,5.50,Not Attempted,None,Not Attempted,None,0,2,0,3,0,2,,TRUE
90,Blue,3,620,0,,,,,0%,100%,55,0.00,0%,0.00,FALSE,,,0%,100%,0,0.00,0%,0.00,,,0%,100%,23,0.00,0%,0.00,,,0%,100%,0,0.00,0%,0.00,,,0%,100%,43,0.00,0%,0.00,,,0%,100%,0,0.00,0%,0.00,,,0%,100%,104,0.00,0%,0.00,0.00,0.00,,None,,None,,,,,,,,TRUE
90,Red,1,4099,1,,Right Trench,Intake from Neutral Zone,Score,50%,110%,107,48.64,33.3%,146.06,TRUE,Score,Score,100%,160%,11,6.87,100%,6.87,Intake from Neutral Zone,Intake from Neutral Zone,0%,50%,0,0.00,0%,0.00,Score,Intake from Neutral Zone,40%,90%,48,21.33,66.7%,31.98,Intake from Neutral Zone,None,0%,0%,0,0.00,0%,0.00,Score,Score,50%,50%,35,35.00,100%,35.00,Score,Score,50%,50%,64,64.00,100%,64.00,283.91,175.84,Not Attempted,None,Not Attempted,None,4,0,4,4,0,0,,TRUE
90,Red,2,9072,1,,Left Trench,Intake from Neutral Zone,Score,60%,110%,107,58.36,33.3%,175.27,TRUE,Intake from Neutral Zone,None,60%,160%,11,4.12,0%,0.00,Idle,None,50%,50%,0,0.00,0%,0.00,Idle,None,50%,90%,48,26.67,0%,0.00,Idle,None,0%,0%,0,0.00,0%,0.00,Defense,None,0%,50%,35,0.00,0%,0.00,Idle,None,0%,50%,64,0.00,0%,0.00,175.27,89.16,Not Attempted,None,Not Attempted,None,5,0,3,4,0,0,Something happened to their robot most likely their intake broke.,TRUE
90,Red,3,1111,1,,Hub,Idle,None,0%,110%,107,0.00,0%,0.00,TRUE,Defense,None,0%,160%,11,0.00,0%,0.00,Defense,None,0%,50%,0,0.00,0%,0.00,Defense,None,0%,90%,48,0.00,0%,0.00,Idle,None,0%,0%,0,0.00,0%,0.00,Pass,None,0%,50%,35,0.00,0%,0.00,Score,None,0%,50%,64,0.00,100%,0.00,0.00,0.00,Not Attempted,None,Not Attempted,None,1,0,1,3,0,3,Don't pick this team please,TRUE
91,Blue,1,1895,1,,Hub,Score,None,90%,100%,17,15.30,100%,15.30,FALSE,Pass,None,0%,100%,36,0.00,0%,0.00,Pass,None,0%,100%,64,0.00,0%,0.00,Idle,None,0%,100%,0,0.00,0%,0.00,Idle,None,0%,100%,73,0.00,0%,0.00,Idle,None,0%,100%,0,0.00,0%,0.00,Idle,None,0%,100%,94,0.00,0%,0.00,15.30,15.30,Not Attempted,None,Not Attempted,None,3,3,0,3,0,0,Passing and defence team.,TRUE
91,Blue,2,2537,1,,Right Trench,Idle,Idle,0%,100%,17,0.00,0%,0.00,FALSE,Score,Pass,20%,100%,36,7.20,66.7%,10.79,Pass,Pass,0%,100%,64,0.00,0%,0.00,Pass,Pass,0%,100%,0,0.00,0%,0.00,Pass,Defense,0%,100%,73,0.00,0%,0.00,Defense,Defense,0%,100%,0,0.00,0%,0.00,Defense,Defense,0%,100%,94,0.00,0%,0.00,10.79,7.20,Not Attempted,None,Not Attempted,None,2,3,0,4,3,3,,TRUE
91,Blue,3,2106,0,,,,,0%,100%,17,0.00,0%,0.00,FALSE,,,0%,100%,36,0.00,0%,0.00,,,0%,100%,64,0.00,0%,0.00,,,0%,100%,0,0.00,0%,0.00,,,0%,100%,73,0.00,0%,0.00,,,0%,100%,0,0.00,0%,0.00,,,0%,100%,94,0.00,0%,0.00,0.00,0.00,,None,,None,,,,,,,,TRUE
91,Red,1,5724,1,,Hub,Score,Idle,100%,100%,17,17.00,66.7%,25.49,FALSE,Intake from Neutral Zone,Intake from Neutral Zone,0%,20%,1,0.00,0%,0.00,Intake from Neutral Zone,Idle,0%,0%,0,0.00,0%,0.00,Score,Score,100%,130%,23,17.69,100%,17.69,Intake from Neutral Zone,Idle,0%,0%,0,0.00,0%,0.00,Intake from Neutral Zone,Intake from Neutral Zone,0%,40%,16,0.00,0%,0.00,Score,Score,80%,120%,12,8.00,100%,8.00,51.18,42.69,Not Attempted,None,Not Attempted,None,0,0,0,2,0,0,,TRUE
91,Red,2,10004,1,,Left Trench,Intake from Neutral Zone,None,0%,100%,17,0.00,0%,0.00,FALSE,Score,None,20%,20%,1,1.00,100%,1.00,Idle,None,0%,0%,0,0.00,0%,0.00,Intake from Neutral Zone,Score,30%,130%,23,5.31,33.3%,15.94,Intake from Neutral Zone,None,0%,0%,0,0.00,0%,0.00,Score,None,40%,40%,16,16.00,100%,16.00,Idle,None,40%,120%,12,4.00,0%,0.00,32.94,26.31,Not Attempted,None,Not Attempted,None,3,0,2,2,0,0,If hopper is too full they can’t shoot at all can only shoot in specific locations as a turret.,TRUE
91,Red,3,3258,1,,Right Trench,Idle,None,0%,100%,17,0.00,0%,0.00,FALSE,Idle,None,0%,20%,1,0.00,0%,0.00,Idle,None,0%,0%,0,0.00,0%,0.00,Idle,None,0%,130%,23,0.00,0%,0.00,Idle,None,0%,0%,0,0.00,0%,0.00,Idle,None,0%,40%,16,0.00,0%,0.00,Idle,None,0%,120%,12,0.00,0%,0.00,0.00,0.00,Not Attempted,None,Not Attempted,None,3,0,3,3,0,0,,TRUE
92,Blue,1,619,1,,Right Trench,Intake from Neutral Zone,Score,50%,100%,86,43.00,33.3%,129.13,TRUE,Score,None,60%,100%,51,30.60,100%,30.60,Intake from Neutral Zone,Pass,0%,100%,0,0.00,0%,0.00,Score,None,40%,100%,108,43.20,100%,43.20,Intake from Neutral Zone,None,0%,100%,0,0.00,0%,0.00,Intake from Neutral Zone,Pass,0%,100%,84,0.00,0%,0.00,Score,None,50%,100%,104,52.00,100%,52.00,254.93,168.80,Not Attempted,None,Not Attempted,None,5,3,3,4,0,0,Great shooter and strategy. Good passing.,TRUE
92,Blue,2,449,1,,Left Trench,Intake from Neutral Zone,Score,80%,100%,86,68.80,33.3%,206.61,TRUE,Score,Score,80%,100%,51,40.80,100%,40.80,Intake from Neutral Zone,Pass,0%,100%,0,0.00,0%,0.00,Score,Intake from Neutral Zone,70%,100%,108,75.60,66.7%,113.34,Intake from Neutral Zone,Pass,0%,100%,0,0.00,0%,0.00,Score,Score,70%,100%,84,58.80,100%,58.80,Score,Intake from Neutral Zone,70%,100%,104,72.80,66.7%,109.15,528.70,316.80,Not Attempted,None,Not Attempted,None,5,5,5,4,1,0,,TRUE
92,Blue,3,11425,0,,,,,0%,100%,86,0.00,0%,0.00,TRUE,,,0%,100%,51,0.00,0%,0.00,,,0%,100%,0,0.00,0%,0.00,,,0%,100%,108,0.00,0%,0.00,,,0%,100%,0,0.00,0%,0.00,,,0%,100%,84,0.00,0%,0.00,,,0%,100%,104,0.00,0%,0.00,0.00,0.00,,None,,None,,,,,,,,TRUE
92,Red,1,2890,1,,Right Trench,Score,None,10%,100%,37,3.70,100%,3.70,FALSE,Score,Score,10%,110%,27,2.45,100%,2.45,Idle,Defense,0%,100%,28,0.00,0%,0.00,Defense,Defense,0%,80%,0,0.00,0%,0.00,Defense,Defense,0%,0%,85,28.33,0%,0.00,Defense,Defense,0%,90%,0,0.00,0%,0.00,Defense,Defense,0%,90%,89,0.00,0%,0.00,6.15,34.49,Not Attempted,None,Not Attempted,None,0,0,0,3,0,0,,TRUE
92,Red,2,5549,1,,Left Trench,Intake from Neutral Zone,Score,70%,100%,37,25.90,33.3%,77.78,FALSE,Score,None,80%,110%,27,19.64,100%,19.64,Score,Pass,80%,100%,28,22.40,66.7%,33.58,Intake from Neutral Zone,None,80%,80%,0,0.00,0%,0.00,Score,None,0%,0%,85,28.33,100%,28.33,Intake from Neutral Zone,Pass,70%,90%,0,0.00,0%,0.00,Score,None,70%,90%,89,69.22,100%,69.22,228.55,165.49,Not Attempted,None,Not Attempted,None,4,5,4,4,0,0,Really good got a lot of points solo,TRUE
92,Red,3,2068,1,,Hub,Score,None,20%,100%,37,7.40,100%,7.40,FALSE,Score,None,20%,110%,27,4.91,100%,4.91,Score,None,20%,100%,28,5.60,100%,5.60,Intake from Neutral Zone,None,0%,80%,0,0.00,0%,0.00,Score,None,0%,0%,85,28.33,100%,28.33,Defense,None,20%,90%,0,0.00,0%,0.00,Score,None,20%,90%,89,19.78,100%,19.78,66.02,66.02,Not Attempted,None,Not Attempted,None,3,0,3,4,0,4,,TRUE
93,Blue,1,122,1,,Left Trench,Intake from Neutral Zone,Score,0%,100%,51,0.00,33.3%,0.00,TRUE,Score,None,80%,100%,31,24.80,100%,24.80,Intake from Neutral Zone,None,0%,100%,0,0.00,0%,0.00,Score,None,80%,100%,117,93.60,100%,93.60,Defense,Intake from Neutral Zone,0%,100%,0,0.00,0%,0.00,Score,None,70%,100%,72,50.40,100%,50.40,Score,Intake from Neutral Zone,20%,100%,91,18.20,66.7%,27.29,196.09,187.00,Not Attempted,None,Not Attempted,None,4,0,3,3,0,0,Good shooter,TRUE
93,Blue,2,4472,1,,Left Trench,Score,Idle,20%,100%,51,10.20,66.7%,15.29,TRUE,Pass,Pass,0%,100%,31,0.00,0%,0.00,Intake from Neutral Zone,Score,0%,100%,0,0.00,33.3%,0.00,Score,Intake from Neutral Zone,30%,100%,117,35.10,66.7%,52.62,Intake from Neutral Zone,Pass,0%,100%,0,0.00,0%,0.00,Score,Score,20%,100%,72,14.40,100%,14.40,Intake from Neutral Zone,Score,40%,100%,91,36.40,33.3%,109.31,191.63,96.10,Not Attempted,None,Not Attempted,None,3,4,3,3,2,3,,TRUE
93,Blue,3,11415,0,,,,,0%,100%,51,0.00,0%,0.00,TRUE,,,0%,100%,31,0.00,0%,0.00,,,0%,100%,0,0.00,0%,0.00,,,0%,100%,117,0.00,0%,0.00,,,0%,100%,0,0.00,0%,0.00,,,0%,100%,72,0.00,0%,0.00,,,0%,100%,91,0.00,0%,0.00,0.00,0.00,,None,,None,,,,,,,,TRUE
93,Red,1,346,1,,Left Bump,Intake from Neutral Zone,Intake from Neutral Zone,0%,100%,37,0.00,0%,0.00,FALSE,Score,Score,50%,100%,35,17.50,100%,17.50,Intake from Neutral Zone,Score,30%,100%,94,28.20,33.3%,84.68,Intake from Neutral Zone,Pass,0%,100%,0,0.00,0%,0.00,Score,Score,0%,100%,93,0.00,100%,0.00,Intake from Neutral Zone,Intake from Neutral Zone,0%,100%,0,0.00,0%,0.00,Score,Score,30%,100%,92,27.60,100%,27.60,129.78,73.30,Not Attempted,None,Not Attempted,None,0,0,0,3,0,0,,TRUE
93,Red,2,3939,1,,Hub,Score,None,40%,100%,37,14.80,100%,14.80,FALSE,Intake from Neutral Zone,None,20%,100%,35,7.00,0%,0.00,Score,Intake from Neutral Zone,30%,100%,94,28.20,66.7%,42.28,Intake from Neutral Zone,Pass,30%,100%,0,0.00,0%,0.00,Score,None,0%,100%,93,0.00,100%,0.00,Intake from Neutral Zone,Pass,40%,100%,0,0.00,0%,0.00,Score,None,40%,100%,92,36.80,100%,36.80,93.88,86.80,Not Attempted,None,Not Attempted,None,3,0,3,3,0,0,Average not to good not too bad.,TRUE
93,Red,3,540,0,,,,,0%,100%,37,0.00,0%,0.00,FALSE,,,0%,100%,35,0.00,0%,0.00,,,0%,100%,94,0.00,0%,0.00,,,0%,100%,0,0.00,0%,0.00,,,0%,100%,93,0.00,0%,0.00,,,0%,100%,0,0.00,0%,0.00,,,0%,100%,92,0.00,0%,0.00,0.00,0.00,,None,,None,,,,,,,,TRUE
94,Blue,1,422,0,,,,,0%,100%,66,0.00,0%,0.00,TRUE,,,0%,100%,34,0.00,0%,0.00,,,0%,100%,0,0.00,0%,0.00,,,0%,100%,110,0.00,0%,0.00,,,0%,100%,0,0.00,0%,0.00,,,0%,100%,75,0.00,0%,0.00,,,0%,100%,98,0.00,0%,0.00,0.00,0.00,,None,,None,,,,,,,,TRUE
94,Blue,2,5804,0,,,,,0%,100%,66,0.00,0%,0.00,TRUE,,,0%,100%,34,0.00,0%,0.00,,,0%,100%,0,0.00,0%,0.00,,,0%,100%,110,0.00,0%,0.00,,,0%,100%,0,0.00,0%,0.00,,,0%,100%,75,0.00,0%,0.00,,,0%,100%,98,0.00,0%,0.00,0.00,0.00,,None,,None,,,,,,,,TRUE
94,Blue,3,5338,0,,,,,0%,100%,66,0.00,0%,0.00,TRUE,,,0%,100%,34,0.00,0%,0.00,,,0%,100%,0,0.00,0%,0.00,,,0%,100%,110,0.00,0%,0.00,,,0%,100%,0,0.00,0%,0.00,,,0%,100%,75,0.00,0%,0.00,,,0%,100%,98,0.00,0%,0.00,0.00,0.00,,None,,None,,,,,,,,TRUE
94,Red,1,8592,0,,,,,0%,100%,57,0.00,0%,0.00,FALSE,,,0%,100%,0,0.00,0%,0.00,,,0%,100%,62,0.00,0%,0.00,,,0%,100%,0,0.00,0%,0.00,,,0%,100%,63,0.00,0%,0.00,,,0%,100%,0,0.00,0%,0.00,,,0%,100%,89,0.00,0%,0.00,0.00,0.00,,None,,None,,,,,,,,TRUE
94,Red,2,1719,0,,,,,0%,100%,57,0.00,0%,0.00,FALSE,,,0%,100%,0,0.00,0%,0.00,,,0%,100%,62,0.00,0%,0.00,,,0%,100%,0,0.00,0%,0.00,,,0%,100%,63,0.00,0%,0.00,,,0%,100%,0,0.00,0%,0.00,,,0%,100%,89,0.00,0%,0.00,0.00,0.00,,None,,None,,,,,,,,TRUE
94,Red,3,1629,0,,,,,0%,100%,57,0.00,0%,0.00,FALSE,,,0%,100%,0,0.00,0%,0.00,,,0%,100%,62,0.00,0%,0.00,,,0%,100%,0,0.00,0%,0.00,,,0%,100%,63,0.00,0%,0.00,,,0%,100%,0,0.00,0%,0.00,,,0%,100%,89,0.00,0%,0.00,0.00,0.00,,None,,None,,,,,,,,TRUE
95,Blue,1,836,0,,,,,0%,100%,50,0.00,0%,0.00,TRUE,,,0%,100%,5,0.00,0%,0.00,,,0%,100%,0,0.00,0%,0.00,,,0%,100%,67,0.00,0%,0.00,,,0%,100%,0,0.00,0%,0.00,,,0%,100%,53,0.00,0%,0.00,,,0%,100%,64,0.00,0%,0.00,0.00,0.00,,None,,None,,,,,,,,TRUE
95,Blue,2,2421,0,,,,,0%,100%,50,0.00,0%,0.00,TRUE,,,0%,100%,5,0.00,0%,0.00,,,0%,100%,0,0.00,0%,0.00,,,0%,100%,67,0.00,0%,0.00,,,0%,100%,0,0.00,0%,0.00,,,0%,100%,53,0.00,0%,0.00,,,0%,100%,64,0.00,0%,0.00,0.00,0.00,,None,,None,,,,,,,,TRUE
95,Blue,3,5243,0,,,,,0%,100%,50,0.00,0%,0.00,TRUE,,,0%,100%,5,0.00,0%,0.00,,,0%,100%,0,0.00,0%,0.00,,,0%,100%,67,0.00,0%,0.00,,,0%,100%,0,0.00,0%,0.00,,,0%,100%,53,0.00,0%,0.00,,,0%,100%,64,0.00,0%,0.00,0.00,0.00,,None,,None,,,,,,,,TRUE
95,Red,1,686,0,,,,,0%,100%,42,0.00,0%,0.00,FALSE,,,0%,100%,0,0.00,0%,0.00,,,0%,100%,85,0.00,0%,0.00,,,0%,100%,0,0.00,0%,0.00,,,0%,100%,94,0.00,0%,0.00,,,0%,100%,0,0.00,0%,0.00,,,0%,100%,59,0.00,0%,0.00,0.00,0.00,,None,,None,,,,,,,,TRUE
95,Red,2,9033,0,,,,,0%,100%,42,0.00,0%,0.00,FALSE,,,0%,100%,0,0.00,0%,0.00,,,0%,100%,85,0.00,0%,0.00,,,0%,100%,0,0.00,0%,0.00,,,0%,100%,94,0.00,0%,0.00,,,0%,100%,0,0.00,0%,0.00,,,0%,100%,59,0.00,0%,0.00,0.00,0.00,,None,,None,,,,,,,,TRUE
95,Red,3,1389,0,,,,,0%,100%,42,0.00,0%,0.00,FALSE,,,0%,100%,0,0.00,0%,0.00,,,0%,100%,85,0.00,0%,0.00,,,0%,100%,0,0.00,0%,0.00,,,0%,100%,94,0.00,0%,0.00,,,0%,100%,0,0.00,0%,0.00,,,0%,100%,59,0.00,0%,0.00,0.00,0.00,,None,,None,,,,,,,,TRUE
96,Blue,1,3748,0,,,,,0%,100%,56,0.00,0%,0.00,FALSE,,,0%,100%,32,0.00,0%,0.00,,,0%,100%,92,0.00,0%,0.00,,,0%,100%,0,0.00,0%,0.00,,,0%,100%,129,0.00,0%,0.00,,,0%,100%,0,0.00,0%,0.00,,,0%,100%,131,0.00,0%,0.00,0.00,0.00,,None,,None,,,,,,,,TRUE
96,Blue,2,3136,0,,,,,0%,100%,56,0.00,0%,0.00,FALSE,,,0%,100%,32,0.00,0%,0.00,,,0%,100%,92,0.00,0%,0.00,,,0%,100%,0,0.00,0%,0.00,,,0%,100%,129,0.00,0%,0.00,,,0%,100%,0,0.00,0%,0.00,,,0%,100%,131,0.00,0%,0.00,0.00,0.00,,None,,None,,,,,,,,TRUE
96,Blue,3,4099,0,,,,,0%,100%,56,0.00,0%,0.00,FALSE,,,0%,100%,32,0.00,0%,0.00,,,0%,100%,92,0.00,0%,0.00,,,0%,100%,0,0.00,0%,0.00,,,0%,100%,129,0.00,0%,0.00,,,0%,100%,0,0.00,0%,0.00,,,0%,100%,131,0.00,0%,0.00,0.00,0.00,,None,,None,,,,,,,,TRUE
96,Red,1,1086,0,,,,,0%,100%,75,0.00,0%,0.00,TRUE,,,0%,100%,45,0.00,0%,0.00,,,0%,100%,0,0.00,0%,0.00,,,0%,100%,118,0.00,0%,0.00,,,0%,100%,0,0.00,0%,0.00,,,0%,100%,82,0.00,0%,0.00,,,0%,100%,75,0.00,0%,0.00,0.00,0.00,,None,,None,,,,,,,,TRUE
96,Red,2,9072,0,,,,,0%,100%,75,0.00,0%,0.00,TRUE,,,0%,100%,45,0.00,0%,0.00,,,0%,100%,0,0.00,0%,0.00,,,0%,100%,118,0.00,0%,0.00,,,0%,100%,0,0.00,0%,0.00,,,0%,100%,82,0.00,0%,0.00,,,0%,100%,75,0.00,0%,0.00,0.00,0.00,,None,,None,,,,,,,,TRUE
96,Red,3,2377,0,,,,,0%,100%,75,0.00,0%,0.00,TRUE,,,0%,100%,45,0.00,0%,0.00,,,0%,100%,0,0.00,0%,0.00,,,0%,100%,118,0.00,0%,0.00,,,0%,100%,0,0.00,0%,0.00,,,0%,100%,82,0.00,0%,0.00,,,0%,100%,75,0.00,0%,0.00,0.00,0.00,,None,,None,,,,,,,,TRUE
97,Blue,1,401,0,,,,,0%,100%,67,0.00,0%,0.00,TRUE,,,0%,100%,30,0.00,0%,0.00,,,0%,100%,0,0.00,0%,0.00,,,0%,100%,99,0.00,0%,0.00,,,0%,100%,0,0.00,0%,0.00,,,0%,100%,85,0.00,0%,0.00,,,0%,100%,96,0.00,0%,0.00,0.00,0.00,,None,,None,,,,,,,,TRUE
97,Blue,2,888,0,,,,,0%,100%,67,0.00,0%,0.00,TRUE,,,0%,100%,30,0.00,0%,0.00,,,0%,100%,0,0.00,0%,0.00,,,0%,100%,99,0.00,0%,0.00,,,0%,100%,0,0.00,0%,0.00,,,0%,100%,85,0.00,0%,0.00,,,0%,100%,96,0.00,0%,0.00,0.00,0.00,,None,,None,,,,,,,,TRUE
97,Blue,3,10679,0,,,,,0%,100%,67,0.00,0%,0.00,TRUE,,,0%,100%,30,0.00,0%,0.00,,,0%,100%,0,0.00,0%,0.00,,,0%,100%,99,0.00,0%,0.00,,,0%,100%,0,0.00,0%,0.00,,,0%,100%,85,0.00,0%,0.00,,,0%,100%,96,0.00,0%,0.00,0.00,0.00,,None,,None,,,,,,,,TRUE
97,Red,1,339,0,,,,,0%,100%,46,0.00,0%,0.00,FALSE,,,0%,100%,0,0.00,0%,0.00,,,0%,100%,38,0.00,0%,0.00,,,0%,100%,0,0.00,0%,0.00,,,0%,100%,55,0.00,0%,0.00,,,0%,100%,0,0.00,0%,0.00,,,0%,100%,74,0.00,0%,0.00,0.00,0.00,,None,,None,,,,,,,,TRUE
97,Red,2,1262,0,,,,,0%,100%,46,0.00,0%,0.00,FALSE,,,0%,100%,0,0.00,0%,0.00,,,0%,100%,38,0.00,0%,0.00,,,0%,100%,0,0.00,0%,0.00,,,0%,100%,55,0.00,0%,0.00,,,0%,100%,0,0.00,0%,0.00,,,0%,100%,74,0.00,0%,0.00,0.00,0.00,,None,,None,,,,,,,,TRUE
97,Red,3,10224,0,,,,,0%,100%,46,0.00,0%,0.00,FALSE,,,0%,100%,0,0.00,0%,0.00,,,0%,100%,38,0.00,0%,0.00,,,0%,100%,0,0.00,0%,0.00,,,0%,100%,55,0.00,0%,0.00,,,0%,100%,0,0.00,0%,0.00,,,0%,100%,74,0.00,0%,0.00,0.00,0.00,,None,,None,,,,,,,,TRUE
98,Blue,1,1731,0,,,,,0%,100%,69,0.00,0%,0.00,TRUE,,,0%,100%,5,0.00,0%,0.00,,,0%,100%,0,0.00,0%,0.00,,,0%,100%,75,0.00,0%,0.00,,,0%,100%,0,0.00,0%,0.00,,,0%,100%,24,0.00,0%,0.00,,,0%,100%,51,0.00,0%,0.00,0.00,0.00,,None,,None,,,,,,,,TRUE
98,Blue,2,614,0,,,,,0%,100%,69,0.00,0%,0.00,TRUE,,,0%,100%,5,0.00,0%,0.00,,,0%,100%,0,0.00,0%,0.00,,,0%,100%,75,0.00,0%,0.00,,,0%,100%,0,0.00,0%,0.00,,,0%,100%,24,0.00,0%,0.00,,,0%,100%,51,0.00,0%,0.00,0.00,0.00,,None,,None,,,,,,,,TRUE
98,Blue,3,5587,0,,,,,0%,100%,69,0.00,0%,0.00,TRUE,,,0%,100%,5,0.00,0%,0.00,,,0%,100%,0,0.00,0%,0.00,,,0%,100%,75,0.00,0%,0.00,,,0%,100%,0,0.00,0%,0.00,,,0%,100%,24,0.00,0%,0.00,,,0%,100%,51,0.00,0%,0.00,0.00,0.00,,None,,None,,,,,,,,TRUE
98,Red,1,4541,0,,,,,0%,100%,67,0.00,0%,0.00,FALSE,,,0%,100%,0,0.00,0%,0.00,,,0%,100%,66,0.00,0%,0.00,,,0%,100%,0,0.00,0%,0.00,,,0%,100%,20,0.00,0%,0.00,,,0%,100%,0,0.00,0%,0.00,,,0%,100%,65,0.00,0%,0.00,0.00,0.00,,None,,None,,,,,,,,TRUE
98,Red,2,1111,0,,,,,0%,100%,67,0.00,0%,0.00,FALSE,,,0%,100%,0,0.00,0%,0.00,,,0%,100%,66,0.00,0%,0.00,,,0%,100%,0,0.00,0%,0.00,,,0%,100%,20,0.00,0%,0.00,,,0%,100%,0,0.00,0%,0.00,,,0%,100%,65,0.00,0%,0.00,0.00,0.00,,None,,None,,,,,,,,TRUE
98,Red,3,1908,0,,,,,0%,100%,67,0.00,0%,0.00,FALSE,,,0%,100%,0,0.00,0%,0.00,,,0%,100%,66,0.00,0%,0.00,,,0%,100%,0,0.00,0%,0.00,,,0%,100%,20,0.00,0%,0.00,,,0%,100%,0,0.00,0%,0.00,,,0%,100%,65,0.00,0%,0.00,0.00,0.00,,None,,None,,,,,,,,TRUE
99,Blue,1,1727,0,,,,,0%,100%,40,0.00,0%,0.00,TRUE,,,0%,100%,12,0.00,0%,0.00,,,0%,100%,0,0.00,0%,0.00,,,0%,100%,91,0.00,0%,0.00,,,0%,100%,0,0.00,0%,0.00,,,0%,100%,64,0.00,0%,0.00,,,0%,100%,21,0.00,0%,0.00,0.00,0.00,,None,,None,,,,,,,,TRUE
99,Blue,2,620,0,,,,,0%,100%,40,0.00,0%,0.00,TRUE,,,0%,100%,12,0.00,0%,0.00,,,0%,100%,0,0.00,0%,0.00,,,0%,100%,91,0.00,0%,0.00,,,0%,100%,0,0.00,0%,0.00,,,0%,100%,64,0.00,0%,0.00,,,0%,100%,21,0.00,0%,0.00,0.00,0.00,,None,,None,,,,,,,,TRUE
99,Blue,3,11318,0,,,,,0%,100%,40,0.00,0%,0.00,TRUE,,,0%,100%,12,0.00,0%,0.00,,,0%,100%,0,0.00,0%,0.00,,,0%,100%,91,0.00,0%,0.00,,,0%,100%,0,0.00,0%,0.00,,,0%,100%,64,0.00,0%,0.00,,,0%,100%,21,0.00,0%,0.00,0.00,0.00,,None,,None,,,,,,,,TRUE
99,Red,1,2199,0,,,,,0%,100%,39,0.00,0%,0.00,FALSE,,,0%,100%,2,0.00,0%,0.00,,,0%,100%,30,0.00,0%,0.00,,,0%,100%,0,0.00,0%,0.00,,,0%,100%,31,0.00,0%,0.00,,,0%,100%,0,0.00,0%,0.00,,,0%,100%,37,0.00,0%,0.00,0.00,0.00,,None,,None,,,,,,,,TRUE
99,Red,2,3361,0,,,,,0%,100%,39,0.00,0%,0.00,FALSE,,,0%,100%,2,0.00,0%,0.00,,,0%,100%,30,0.00,0%,0.00,,,0%,100%,0,0.00,0%,0.00,,,0%,100%,31,0.00,0%,0.00,,,0%,100%,0,0.00,0%,0.00,,,0%,100%,37,0.00,0%,0.00,0.00,0.00,,None,,None,,,,,,,,TRUE
99,Red,3,8590,0,,,,,0%,100%,39,0.00,0%,0.00,FALSE,,,0%,100%,2,0.00,0%,0.00,,,0%,100%,30,0.00,0%,0.00,,,0%,100%,0,0.00,0%,0.00,,,0%,100%,31,0.00,0%,0.00,,,0%,100%,0,0.00,0%,0.00,,,0%,100%,37,0.00,0%,0.00,0.00,0.00,,None,,None,,,,,,,,TRUE
100,Blue,1,11415,0,,,,,0%,100%,40,0.00,0%,0.00,FALSE,,,0%,100%,3,0.00,0%,0.00,,,0%,100%,13,0.00,0%,0.00,,,0%,100%,0,0.00,0%,0.00,,,0%,100%,37,0.00,0%,0.00,,,0%,100%,0,0.00,0%,0.00,,,0%,100%,97,0.00,0%,0.00,0.00,0.00,,None,,None,,,,,,,,TRUE
100,Blue,2,11425,0,,,,,0%,100%,40,0.00,0%,0.00,FALSE,,,0%,100%,3,0.00,0%,0.00,,,0%,100%,13,0.00,0%,0.00,,,0%,100%,0,0.00,0%,0.00,,,0%,100%,37,0.00,0%,0.00,,,0%,100%,0,0.00,0%,0.00,,,0%,100%,97,0.00,0%,0.00,0.00,0.00,,None,,None,,,,,,,,TRUE
100,Blue,3,10004,0,,,,,0%,100%,40,0.00,0%,0.00,FALSE,,,0%,100%,3,0.00,0%,0.00,,,0%,100%,13,0.00,0%,0.00,,,0%,100%,0,0.00,0%,0.00,,,0%,100%,37,0.00,0%,0.00,,,0%,100%,0,0.00,0%,0.00,,,0%,100%,97,0.00,0%,0.00,0.00,0.00,,None,,None,,,,,,,,TRUE
100,Red,1,619,0,,,,,0%,100%,70,0.00,0%,0.00,TRUE,,,0%,100%,30,0.00,0%,0.00,,,0%,100%,0,0.00,0%,0.00,,,0%,100%,110,0.00,0%,0.00,,,0%,100%,0,0.00,0%,0.00,,,0%,100%,94,0.00,0%,0.00,,,0%,100%,51,0.00,0%,0.00,0.00,0.00,,None,,None,,,,,,,,TRUE
100,Red,2,122,0,,,,,0%,100%,70,0.00,0%,0.00,TRUE,,,0%,100%,30,0.00,0%,0.00,,,0%,100%,0,0.00,0%,0.00,,,0%,100%,110,0.00,0%,0.00,,,0%,100%,0,0.00,0%,0.00,,,0%,100%,94,0.00,0%,0.00,,,0%,100%,51,0.00,0%,0.00,0.00,0.00,,None,,None,,,,,,,,TRUE
100,Red,3,1719,0,,,,,0%,100%,70,0.00,0%,0.00,TRUE,,,0%,100%,30,0.00,0%,0.00,,,0%,100%,0,0.00,0%,0.00,,,0%,100%,110,0.00,0%,0.00,,,0%,100%,0,0.00,0%,0.00,,,0%,100%,94,0.00,0%,0.00,,,0%,100%,51,0.00,0%,0.00,0.00,0.00,,None,,None,,,,,,,,TRUE
101,Blue,1,1389,0,,,,,0%,100%,59,0.00,0%,0.00,FALSE,,,0%,100%,28,0.00,0%,0.00,,,0%,100%,113,0.00,0%,0.00,,,0%,100%,0,0.00,0%,0.00,,,0%,100%,118,0.00,0%,0.00,,,0%,100%,0,0.00,0%,0.00,,,0%,100%,109,0.00,0%,0.00,0.00,0.00,,None,,None,,,,,,,,TRUE
101,Blue,2,836,0,,,,,0%,100%,59,0.00,0%,0.00,FALSE,,,0%,100%,28,0.00,0%,0.00,,,0%,100%,113,0.00,0%,0.00,,,0%,100%,0,0.00,0%,0.00,,,0%,100%,118,0.00,0%,0.00,,,0%,100%,0,0.00,0%,0.00,,,0%,100%,109,0.00,0%,0.00,0.00,0.00,,None,,None,,,,,,,,TRUE
101,Blue,3,5549,0,,,,,0%,100%,59,0.00,0%,0.00,FALSE,,,0%,100%,28,0.00,0%,0.00,,,0%,100%,113,0.00,0%,0.00,,,0%,100%,0,0.00,0%,0.00,,,0%,100%,118,0.00,0%,0.00,,,0%,100%,0,0.00,0%,0.00,,,0%,100%,109,0.00,0%,0.00,0.00,0.00,,None,,None,,,,,,,,TRUE
101,Red,1,5338,0,,,,,0%,100%,99,0.00,0%,0.00,TRUE,,,0%,100%,25,0.00,0%,0.00,,,0%,100%,0,0.00,0%,0.00,,,0%,100%,134,0.00,0%,0.00,,,0%,100%,0,0.00,0%,0.00,,,0%,100%,141,0.00,0%,0.00,,,0%,100%,96,0.00,0%,0.00,0.00,0.00,,None,,None,,,,,,,,TRUE
101,Red,2,346,0,,,,,0%,100%,99,0.00,0%,0.00,TRUE,,,0%,100%,25,0.00,0%,0.00,,,0%,100%,0,0.00,0%,0.00,,,0%,100%,134,0.00,0%,0.00,,,0%,100%,0,0.00,0%,0.00,,,0%,100%,141,0.00,0%,0.00,,,0%,100%,96,0.00,0%,0.00,0.00,0.00,,None,,None,,,,,,,,TRUE
101,Red,3,1629,0,,,,,0%,100%,99,0.00,0%,0.00,TRUE,,,0%,100%,25,0.00,0%,0.00,,,0%,100%,0,0.00,0%,0.00,,,0%,100%,134,0.00,0%,0.00,,,0%,100%,0,0.00,0%,0.00,,,0%,100%,141,0.00,0%,0.00,,,0%,100%,96,0.00,0%,0.00,0.00,0.00,,None,,None,,,,,,,,TRUE
102,Blue,1,2106,0,,,,,0%,100%,85,0.00,0%,0.00,TRUE,,,0%,100%,14,0.00,0%,0.00,,,0%,100%,0,0.00,0%,0.00,,,0%,100%,120,0.00,0%,0.00,,,0%,100%,0,0.00,0%,0.00,,,0%,100%,121,0.00,0%,0.00,,,0%,100%,59,0.00,0%,0.00,0.00,0.00,,None,,None,,,,,,,,TRUE
102,Blue,2,4099,0,,,,,0%,100%,85,0.00,0%,0.00,TRUE,,,0%,100%,14,0.00,0%,0.00,,,0%,100%,0,0.00,0%,0.00,,,0%,100%,120,0.00,0%,0.00,,,0%,100%,0,0.00,0%,0.00,,,0%,100%,121,0.00,0%,0.00,,,0%,100%,59,0.00,0%,0.00,0.00,0.00,,None,,None,,,,,,,,TRUE
102,Blue,3,2377,0,,,,,0%,100%,85,0.00,0%,0.00,TRUE,,,0%,100%,14,0.00,0%,0.00,,,0%,100%,0,0.00,0%,0.00,,,0%,100%,120,0.00,0%,0.00,,,0%,100%,0,0.00,0%,0.00,,,0%,100%,121,0.00,0%,0.00,,,0%,100%,59,0.00,0%,0.00,0.00,0.00,,None,,None,,,,,,,,TRUE
102,Red,1,2890,0,,,,,0%,100%,14,0.00,0%,0.00,FALSE,,,0%,100%,20,0.00,0%,0.00,,,0%,100%,33,0.00,0%,0.00,,,0%,100%,0,0.00,0%,0.00,,,0%,100%,53,0.00,0%,0.00,,,0%,100%,0,0.00,0%,0.00,,,0%,100%,55,0.00,0%,0.00,0.00,0.00,,None,,None,,,,,,,,TRUE
102,Red,2,4472,0,,,,,0%,100%,14,0.00,0%,0.00,FALSE,,,0%,100%,20,0.00,0%,0.00,,,0%,100%,33,0.00,0%,0.00,,,0%,100%,0,0.00,0%,0.00,,,0%,100%,53,0.00,0%,0.00,,,0%,100%,0,0.00,0%,0.00,,,0%,100%,55,0.00,0%,0.00,0.00,0.00,,None,,None,,,,,,,,TRUE
102,Red,3,5243,0,,,,,0%,100%,14,0.00,0%,0.00,FALSE,,,0%,100%,20,0.00,0%,0.00,,,0%,100%,33,0.00,0%,0.00,,,0%,100%,0,0.00,0%,0.00,,,0%,100%,53,0.00,0%,0.00,,,0%,100%,0,0.00,0%,0.00,,,0%,100%,55,0.00,0%,0.00,0.00,0.00,,None,,None,,,,,,,,TRUE
103,Blue,1,2537,0,,,,,0%,100%,23,0.00,0%,0.00,FALSE,,,0%,100%,0,0.00,0%,0.00,,,0%,100%,30,0.00,0%,0.00,,,0%,100%,0,0.00,0%,0.00,,,0%,100%,23,0.00,0%,0.00,,,0%,100%,0,0.00,0%,0.00,,,0%,100%,16,0.00,0%,0.00,0.00,0.00,,None,,None,,,,,,,,TRUE
103,Blue,2,2068,0,,,,,0%,100%,23,0.00,0%,0.00,FALSE,,,0%,100%,0,0.00,0%,0.00,,,0%,100%,30,0.00,0%,0.00,,,0%,100%,0,0.00,0%,0.00,,,0%,100%,23,0.00,0%,0.00,,,0%,100%,0,0.00,0%,0.00,,,0%,100%,16,0.00,0%,0.00,0.00,0.00,,None,,None,,,,,,,,TRUE
103,Blue,3,3939,0,,,,,0%,100%,23,0.00,0%,0.00,FALSE,,,0%,100%,0,0.00,0%,0.00,,,0%,100%,30,0.00,0%,0.00,,,0%,100%,0,0.00,0%,0.00,,,0%,100%,23,0.00,0%,0.00,,,0%,100%,0,0.00,0%,0.00,,,0%,100%,16,0.00,0%,0.00,0.00,0.00,,None,,None,,,,,,,,TRUE
103,Red,1,339,0,,,,,0%,100%,72,0.00,0%,0.00,TRUE,,,0%,100%,19,0.00,0%,0.00,,,0%,100%,0,0.00,0%,0.00,,,0%,100%,39,0.00,0%,0.00,,,0%,100%,0,0.00,0%,0.00,,,0%,100%,43,0.00,0%,0.00,,,0%,100%,48,0.00,0%,0.00,0.00,0.00,,None,,None,,,,,,,,TRUE
103,Red,2,10679,0,,,,,0%,100%,72,0.00,0%,0.00,TRUE,,,0%,100%,19,0.00,0%,0.00,,,0%,100%,0,0.00,0%,0.00,,,0%,100%,39,0.00,0%,0.00,,,0%,100%,0,0.00,0%,0.00,,,0%,100%,43,0.00,0%,0.00,,,0%,100%,48,0.00,0%,0.00,0.00,0.00,,None,,None,,,,,,,,TRUE
103,Red,3,686,0,,,,,0%,100%,72,0.00,0%,0.00,TRUE,,,0%,100%,19,0.00,0%,0.00,,,0%,100%,0,0.00,0%,0.00,,,0%,100%,39,0.00,0%,0.00,,,0%,100%,0,0.00,0%,0.00,,,0%,100%,43,0.00,0%,0.00,,,0%,100%,48,0.00,0%,0.00,0.00,0.00,,None,,None,,,,,,,,TRUE
104,Blue,1,5804,0,,,,,0%,100%,39,0.00,0%,0.00,FALSE,,,0%,100%,30,0.00,0%,0.00,,,0%,100%,39,0.00,0%,0.00,,,0%,100%,0,0.00,0%,0.00,,,0%,100%,56,0.00,0%,0.00,,,0%,100%,0,0.00,0%,0.00,,,0%,100%,85,0.00,0%,0.00,0.00,0.00,,None,,None,,,,,,,,TRUE
104,Blue,2,3136,0,,,,,0%,100%,39,0.00,0%,0.00,FALSE,,,0%,100%,30,0.00,0%,0.00,,,0%,100%,39,0.00,0%,0.00,,,0%,100%,0,0.00,0%,0.00,,,0%,100%,56,0.00,0%,0.00,,,0%,100%,0,0.00,0%,0.00,,,0%,100%,85,0.00,0%,0.00,0.00,0.00,,None,,None,,,,,,,,TRUE
104,Blue,3,5724,0,,,,,0%,100%,39,0.00,0%,0.00,FALSE,,,0%,100%,30,0.00,0%,0.00,,,0%,100%,39,0.00,0%,0.00,,,0%,100%,0,0.00,0%,0.00,,,0%,100%,56,0.00,0%,0.00,,,0%,100%,0,0.00,0%,0.00,,,0%,100%,85,0.00,0%,0.00,0.00,0.00,,None,,None,,,,,,,,TRUE
104,Red,1,5587,0,,,,,0%,100%,62,0.00,0%,0.00,TRUE,,,0%,100%,8,0.00,0%,0.00,,,0%,100%,0,0.00,0%,0.00,,,0%,100%,63,0.00,0%,0.00,,,0%,100%,0,0.00,0%,0.00,,,0%,100%,38,0.00,0%,0.00,,,0%,100%,19,0.00,0%,0.00,0.00,0.00,,None,,None,,,,,,,,TRUE
104,Red,2,888,0,,,,,0%,100%,62,0.00,0%,0.00,TRUE,,,0%,100%,8,0.00,0%,0.00,,,0%,100%,0,0.00,0%,0.00,,,0%,100%,63,0.00,0%,0.00,,,0%,100%,0,0.00,0%,0.00,,,0%,100%,38,0.00,0%,0.00,,,0%,100%,19,0.00,0%,0.00,0.00,0.00,,None,,None,,,,,,,,TRUE
104,Red,3,4541,0,,,,,0%,100%,62,0.00,0%,0.00,TRUE,,,0%,100%,8,0.00,0%,0.00,,,0%,100%,0,0.00,0%,0.00,,,0%,100%,63,0.00,0%,0.00,,,0%,100%,0,0.00,0%,0.00,,,0%,100%,38,0.00,0%,0.00,,,0%,100%,19,0.00,0%,0.00,0.00,0.00,,None,,None,,,,,,,,TRUE
105,Blue,1,449,0,,,,,0%,100%,86,0.00,0%,0.00,TRUE,,,0%,100%,53,0.00,0%,0.00,,,0%,100%,0,0.00,0%,0.00,,,0%,100%,98,0.00,0%,0.00,,,0%,100%,0,0.00,0%,0.00,,,0%,100%,63,0.00,0%,0.00,,,0%,100%,90,0.00,0%,0.00,0.00,0.00,,None,,None,,,,,,,,TRUE
105,Blue,2,1731,0,,,,,0%,100%,86,0.00,0%,0.00,TRUE,,,0%,100%,53,0.00,0%,0.00,,,0%,100%,0,0.00,0%,0.00,,,0%,100%,98,0.00,0%,0.00,,,0%,100%,0,0.00,0%,0.00,,,0%,100%,63,0.00,0%,0.00,,,0%,100%,90,0.00,0%,0.00,0.00,0.00,,None,,None,,,,,,,,TRUE
105,Blue,3,8590,0,,,,,0%,100%,86,0.00,0%,0.00,TRUE,,,0%,100%,53,0.00,0%,0.00,,,0%,100%,0,0.00,0%,0.00,,,0%,100%,98,0.00,0%,0.00,,,0%,100%,0,0.00,0%,0.00,,,0%,100%,63,0.00,0%,0.00,,,0%,100%,90,0.00,0%,0.00,0.00,0.00,,None,,None,,,,,,,,TRUE
105,Red,1,614,0,,,,,0%,100%,49,0.00,0%,0.00,FALSE,,,0%,100%,10,0.00,0%,0.00,,,0%,100%,54,0.00,0%,0.00,,,0%,100%,0,0.00,0%,0.00,,,0%,100%,82,0.00,0%,0.00,,,0%,100%,0,0.00,0%,0.00,,,0%,100%,98,0.00,0%,0.00,0.00,0.00,,None,,None,,,,,,,,TRUE
105,Red,2,9033,0,,,,,0%,100%,49,0.00,0%,0.00,FALSE,,,0%,100%,10,0.00,0%,0.00,,,0%,100%,54,0.00,0%,0.00,,,0%,100%,0,0.00,0%,0.00,,,0%,100%,82,0.00,0%,0.00,,,0%,100%,0,0.00,0%,0.00,,,0%,100%,98,0.00,0%,0.00,0.00,0.00,,None,,None,,,,,,,,TRUE
105,Red,3,10224,0,,,,,0%,100%,49,0.00,0%,0.00,FALSE,,,0%,100%,10,0.00,0%,0.00,,,0%,100%,54,0.00,0%,0.00,,,0%,100%,0,0.00,0%,0.00,,,0%,100%,82,0.00,0%,0.00,,,0%,100%,0,0.00,0%,0.00,,,0%,100%,98,0.00,0%,0.00,0.00,0.00,,None,,None,,,,,,,,TRUE
106,Blue,1,2199,0,,,,,0%,100%,42,0.00,0%,0.00,FALSE,,,0%,100%,6,0.00,0%,0.00,,,0%,100%,54,0.00,0%,0.00,,,0%,100%,0,0.00,0%,0.00,,,0%,100%,58,0.00,0%,0.00,,,0%,100%,0,0.00,0%,0.00,,,0%,100%,93,0.00,0%,0.00,0.00,0.00,,None,,None,,,,,,,,TRUE
106,Blue,2,1895,0,,,,,0%,100%,42,0.00,0%,0.00,FALSE,,,0%,100%,6,0.00,0%,0.00,,,0%,100%,54,0.00,0%,0.00,,,0%,100%,0,0.00,0%,0.00,,,0%,100%,58,0.00,0%,0.00,,,0%,100%,0,0.00,0%,0.00,,,0%,100%,93,0.00,0%,0.00,0.00,0.00,,Level1,,None,,,,,,,,TRUE
106,Blue,3,11318,0,,,,,0%,100%,42,0.00,0%,0.00,FALSE,,,0%,100%,6,0.00,0%,0.00,,,0%,100%,54,0.00,0%,0.00,,,0%,100%,0,0.00,0%,0.00,,,0%,100%,58,0.00,0%,0.00,,,0%,100%,0,0.00,0%,0.00,,,0%,100%,93,0.00,0%,0.00,0.00,0.00,,None,,None,,,,,,,,TRUE
106,Red,1,401,0,,,,,0%,100%,116,0.00,0%,0.00,TRUE,,,0%,100%,57,0.00,0%,0.00,,,0%,100%,0,0.00,0%,0.00,,,0%,100%,123,0.00,0%,0.00,,,0%,100%,0,0.00,0%,0.00,,,0%,100%,102,0.00,0%,0.00,,,0%,100%,102,0.00,0%,0.00,0.00,0.00,,None,,None,,,,,,,,TRUE
106,Red,2,8592,0,,,,,0%,100%,116,0.00,0%,0.00,TRUE,,,0%,100%,57,0.00,0%,0.00,,,0%,100%,0,0.00,0%,0.00,,,0%,100%,123,0.00,0%,0.00,,,0%,100%,0,0.00,0%,0.00,,,0%,100%,102,0.00,0%,0.00,,,0%,100%,102,0.00,0%,0.00,0.00,0.00,,None,,None,,,,,,,,TRUE
106,Red,3,9072,0,,,,,0%,100%,116,0.00,0%,0.00,TRUE,,,0%,100%,57,0.00,0%,0.00,,,0%,100%,0,0.00,0%,0.00,,,0%,100%,123,0.00,0%,0.00,,,0%,100%,0,0.00,0%,0.00,,,0%,100%,102,0.00,0%,0.00,,,0%,100%,102,0.00,0%,0.00,0.00,0.00,,None,,None,,,,,,,,TRUE
107,Blue,1,1111,0,,,,,0%,100%,71,0.00,0%,0.00,TRUE,,,0%,100%,0,0.00,0%,0.00,,,0%,100%,0,0.00,0%,0.00,,,0%,100%,86,0.00,0%,0.00,,,0%,100%,0,0.00,0%,0.00,,,0%,100%,88,0.00,0%,0.00,,,0%,100%,62,0.00,0%,0.00,0.00,0.00,,None,,None,,,,,,,,TRUE
107,Blue,2,3748,0,,,,,0%,100%,71,0.00,0%,0.00,TRUE,,,0%,100%,0,0.00,0%,0.00,,,0%,100%,0,0.00,0%,0.00,,,0%,100%,86,0.00,0%,0.00,,,0%,100%,0,0.00,0%,0.00,,,0%,100%,88,0.00,0%,0.00,,,0%,100%,62,0.00,0%,0.00,0.00,0.00,,None,,None,,,,,,,,TRUE
107,Blue,3,1086,0,,,,,0%,100%,71,0.00,0%,0.00,TRUE,,,0%,100%,0,0.00,0%,0.00,,,0%,100%,0,0.00,0%,0.00,,,0%,100%,86,0.00,0%,0.00,,,0%,100%,0,0.00,0%,0.00,,,0%,100%,88,0.00,0%,0.00,,,0%,100%,62,0.00,0%,0.00,0.00,0.00,,None,,None,,,,,,,,TRUE
107,Red,1,3361,0,,,,,0%,100%,38,0.00,0%,0.00,FALSE,,,0%,100%,43,0.00,0%,0.00,,,0%,100%,64,0.00,0%,0.00,,,0%,100%,0,0.00,0%,0.00,,,0%,100%,97,0.00,0%,0.00,,,0%,100%,0,0.00,0%,0.00,,,0%,100%,158,0.00,0%,0.00,0.00,0.00,,None,,None,,,,,,,,TRUE
107,Red,2,1908,0,,,,,0%,100%,38,0.00,0%,0.00,FALSE,,,0%,100%,43,0.00,0%,0.00,,,0%,100%,64,0.00,0%,0.00,,,0%,100%,0,0.00,0%,0.00,,,0%,100%,97,0.00,0%,0.00,,,0%,100%,0,0.00,0%,0.00,,,0%,100%,158,0.00,0%,0.00,0.00,0.00,,None,,None,,,,,,,,TRUE
107,Red,3,1727,0,,,,,0%,100%,38,0.00,0%,0.00,FALSE,,,0%,100%,43,0.00,0%,0.00,,,0%,100%,64,0.00,0%,0.00,,,0%,100%,0,0.00,0%,0.00,,,0%,100%,97,0.00,0%,0.00,,,0%,100%,0,0.00,0%,0.00,,,0%,100%,158,0.00,0%,0.00,0.00,0.00,,None,,None,,,,,,,,TRUE
108,Blue,1,2421,0,,,,,0%,100%,43,0.00,0%,0.00,TRUE,,,0%,100%,12,0.00,0%,0.00,,,0%,100%,0,0.00,0%,0.00,,,0%,100%,30,0.00,0%,0.00,,,0%,100%,0,0.00,0%,0.00,,,0%,100%,25,0.00,0%,0.00,,,0%,100%,21,0.00,0%,0.00,0.00,0.00,,None,,None,,,,,,,,TRUE
108,Blue,2,3258,0,,,,,0%,100%,43,0.00,0%,0.00,TRUE,,,0%,100%,12,0.00,0%,0.00,,,0%,100%,0,0.00,0%,0.00,,,0%,100%,30,0.00,0%,0.00,,,0%,100%,0,0.00,0%,0.00,,,0%,100%,25,0.00,0%,0.00,,,0%,100%,21,0.00,0%,0.00,0.00,0.00,,None,,None,,,,,,,,TRUE
108,Blue,3,540,0,,,,,0%,100%,43,0.00,0%,0.00,TRUE,,,0%,100%,12,0.00,0%,0.00,,,0%,100%,0,0.00,0%,0.00,,,0%,100%,30,0.00,0%,0.00,,,0%,100%,0,0.00,0%,0.00,,,0%,100%,25,0.00,0%,0.00,,,0%,100%,21,0.00,0%,0.00,0.00,0.00,,None,,None,,,,,,,,TRUE
108,Red,1,422,0,,,,,0%,100%,28,0.00,0%,0.00,FALSE,,,0%,100%,28,0.00,0%,0.00,,,0%,100%,45,0.00,0%,0.00,,,0%,100%,0,0.00,0%,0.00,,,0%,100%,33,0.00,0%,0.00,,,0%,100%,0,0.00,0%,0.00,,,0%,100%,80,0.00,0%,0.00,0.00,0.00,,None,,None,,,,,,,,TRUE
108,Red,2,620,0,,,,,0%,100%,28,0.00,0%,0.00,FALSE,,,0%,100%,28,0.00,0%,0.00,,,0%,100%,45,0.00,0%,0.00,,,0%,100%,0,0.00,0%,0.00,,,0%,100%,33,0.00,0%,0.00,,,0%,100%,0,0.00,0%,0.00,,,0%,100%,80,0.00,0%,0.00,0.00,0.00,,None,,None,,,,,,,,TRUE
108,Red,3,1262,0,,,,,0%,100%,28,0.00,0%,0.00,FALSE,,,0%,100%,28,0.00,0%,0.00,,,0%,100%,45,0.00,0%,0.00,,,0%,100%,0,0.00,0%,0.00,,,0%,100%,33,0.00,0%,0.00,,,0%,100%,0,0.00,0%,0.00,,,0%,100%,80,0.00,0%,0.00,0.00,0.00,,None,,None,,,,,,,,TRUE