"Shifts Auto Primary Role","Shifts Auto Secondary Role","Shifts Auto Fuel Pct","Shifts Auto Starting Position","Shifts Auto Climb","Shifts Transition Primary Role","Shifts Transition Secondary Role","Shifts Transition Fuel Pct","Shifts Transition Defense On","Shifts Shift1 Primary Role","Shifts Shift1 Secondary Role","Shifts Shift1 Fuel Pct","Shifts Shift1 Defense On","Shifts Shift2 Primary Role","Shifts Shift2 Secondary Role","Shifts Shift2 Fuel Pct","Shifts Shift2 Defense On","Shifts Shift3 Primary Role","Shifts Shift3 Secondary Role","Shifts Shift3 Fuel Pct","Shifts Shift3 Defense On","Shifts Shift4 Primary Role","Shifts Shift4 Secondary Role","Shifts Shift4 Fuel Pct","Shifts Shift4 Defense On","Shifts Endgame Primary Role","Shifts Endgame Secondary Role","Shifts Endgame Fuel Pct","Shifts Endgame Defense On","Shifts Endgame Climb"," Id"," Hash","  V","Alliance","Createdat","Event Key","Match Key","Match Number","No Show","Overall Shooter","Overall Passer","Overall Intake","Overall Driver","Overall Defense Avoidance","Overall Defense","Overall Notes","Scouter","Team Number","Updatedat"
"Intake from Neutral Zone","Intake from Neutral Zone","","Left Bump","Not Attempted","Score","Score","50","None","Intake from Neutral Zone","Score","30","None","Intake from Neutral Zone","Pass","","None","Score","Score","30","None","Intake from Neutral Zone","Intake from Neutral Zone","","None","Score","Score","30","None","Not Attempted","69daca456596dd6511f9c7f5","67de2011ebd4d8a5201f1c9f5f7baaca722fde638f9a49111ad6466357e8c503","","red","2026-04-11T22:25:09.829Z","2026chcmp","2026chcmp_qm93","93","","","","","3","","","","Sai","346","2026-04-11T22:25:09.829Z"
"Score","None","40","Hub","Not Attempted","Intake from Neutral Zone","None","20","None","Score","Intake from Neutral Zone","30","None","Intake from Neutral Zone","Pass","30","None","Score","None","40","None","Intake from Neutral Zone","Pass","40","None","Score","None","40","None","Not Attempted","69dac7536596dd6511f9c73c","598b421739dd499dc826954c57f7f5dcda21aa88c185ddc2a05f08ac0462a61b","","red","2026-04-11T22:12:35.690Z","2026chcmp","2026chcmp_qm93","93","","3","","3","3","","","Average not to good not too bad.","Snithik","3939","2026-04-11T22:12:36.027Z"
"Intake from Neutral Zone","Score","","Left Trench","Not Attempted","Score","None","80","None","Intake from Neutral Zone","None","","None","Score","None","80","None","Defense","Intake from Neutral Zone","","None","Score","None","70","None","Score","Intake from Neutral Zone","20","None","Not Attempted","69dac7366596dd6511f9c738","061e946f180150c2ceb08d72de104aa92a4afbe240320abb0c43f6cf0cce0bd0","","blue","2026-04-11T22:12:06.710Z","2026chcmp","2026chcmp_qm93","93","","4","","3","3","","","Good shooter","Nidhish","122","2026-04-11T22:12:06.710Z"
"Score","Idle","20","Left Trench","Not Attempted","Pass","Pass","","None","Intake from Neutral Zone","Score","","None","Score","Intake from Neutral Zone","30","None","Intake from Neutral Zone","Pass","","None","Score","Score","20","Moderate","Intake from Neutral Zone","Score","40","Moderate","Not Attempted","69dac70e6596dd6511f9c732","a55b4408e8a6260ad44755618048269a103a5eae9449e84ef8dc0862aa7f12cb","","blue","2026-04-11T22:11:26.268Z","2026chcmp","2026chcmp_qm93","93","","3","4","3","3","2","3","","Falco Carey","4472","2026-04-11T22:11:26.268Z"
"Score","None","20","Hub","Not Attempted","Score","None","20","None","Score","None","20","None","Intake from Neutral Zone","None","","None","Score","None","30","None","Defense","None","20","None","Score","None","20","None","Not Attempted","69dac3da6596dd6511f9c694","80428bde9ec67a1027137c14dd9b3161a7be86f971372d87e33ecaca98da8694","","red","2026-04-11T21:57:46.913Z","2026chcmp","2026chcmp_qm92","92","","3","","3","4","","4","","Arihan","2068","2026-04-11T21:57:46.913Z"
"Score","None","10","Right Trench","Not Attempted","Score","Score","10","None","Idle","Defense","","None","Defense","Defense","","None","Defense","Defense","","None","Defense","Defense","","None","Defense","Defense","","None","Not Attempted","69dac3aa6596dd6511f9c68e","9997a8ebf347d2b3c77e9f4d2d3de2116d3e2e1b0fd87a8ac6078d3b91038082","","red","2026-04-11T21:56:58.095Z","2026chcmp","2026chcmp_qm92","92","","","","","3","","","","Sai","2890","2026-04-11T21:56:58.095Z"
"Intake from Neutral Zone","Score","70","Left Trench","Not Attempted","Score","None","80","None","Score","Pass","80","None","Intake from Neutral Zone","None","80","None","Score","None","70","None","Intake from Neutral Zone","Pass","70","None","Score","None","70","None","Not Attempted","69dac3a86596dd6511f9c68d","33b2b4e08041824e985d039aceb835b774d908838c2c44b15334c048759bdabd","","red","2026-04-11T21:56:56.610Z","2026chcmp","2026chcmp_qm92","92","","4","5","4","4","","","Really good got a lot of points solo","Snithik","5549","2026-04-11T21:56:56.610Z"
"None","None","","Hub","Not Attempted","None","None","","None","None","None","","None","None","None","","None","None","None","","None","None","None","","None","None","None","","None","Not Attempted","69dac39c6596dd6511f9c689","3930ba55973a561aeb6374232327a9ab4b49d54ef8c8a09784ed569c78195254","","blue","2026-04-11T21:56:44.726Z","2026chcmp","2026chcmp_qm93","93","true","","","","","","","","Nidhish","122","2026-04-11T21:56:44.726Z"
"Intake from Neutral Zone","Score","50","Right Trench","Not Attempted","Score","None","60","None","Intake from Neutral Zone","Pass","","None","Score","None","40","None","Intake from Neutral Zone","None","","None","Intake from Neutral Zone","Pass","","None","Score","None","50","None","Not Attempted","69dac39c6596dd6511f9c688","d00058fe08928d87d1f3000cb7669a0b8a4e8f6cf691b1567325b5f22783ab56","","blue","2026-04-11T21:56:44.390Z","2026chcmp","2026chcmp_qm92","92","","5","3","3","4","","","Great shooter and strategy. Good passing.","Nidhish","619","2026-04-11T21:56:44.390Z"
"Intake from Neutral Zone","Score","80","Left Trench","Not Attempted","Score","Score","80","None","Intake from Neutral Zone","Pass","","Light","Score","Intake from Neutral Zone","70","Moderate","Intake from Neutral Zone","Pass","","None","Score","Score","70","None","Score","Intake from Neutral Zone","70","None","Not Attempted","69dac3946596dd6511f9c687","15130a51f9ae5cb7a9e52918022e83cd987b256eaa73520716eb9dcfbc726c2f","","blue","2026-04-11T21:56:36.102Z","2026chcmp","2026chcmp_qm92","92","","5","5","5","4","1","","","Falco Carey","449","2026-04-11T21:56:36.102Z"
"Idle","None","","Right Trench","Not Attempted","Idle","None","","None","Idle","None","","None","Idle","None","","None","Idle","None","","None","Idle","None","","None","Idle","None","","None","Not Attempted","69dac2b26596dd6511f9c662","719b7e30dc7f0a8bee32838bb5caa7ddc87f9d3c23a6ef941eabd1a6137439a4","","red","2026-04-11T21:52:50.607Z","2026chcmp","2026chcmp_qm91","91","","3","","3","3","","","","Arihan","3258","2026-04-11T21:52:50.607Z"
"Intake from Neutral Zone","None","","Left Trench","Not Attempted","Score","None","20","None","Idle","None","","None","Intake from Neutral Zone","Score","30","None","Intake from Neutral Zone","None","","None","Score","None","40","None","Idle","None","40","None","Not Attempted","69dac2136596dd6511f9c643","88ea66d1c9135e06ec974eee73d19bfe0e89056ef54d507853f396b7ea3423ec","","red","2026-04-11T21:50:11.594Z","2026chcmp","2026chcmp_qm91","91","","3","","2","2","","","If hopper is too full they can’t shoot at all can only shoot in specific locations as a turret.","Snithik","10004","2026-04-11T21:50:11.594Z"
"Score","Idle","100","Hub","Not Attempted","Intake from Neutral Zone","Intake from Neutral Zone","","None","Intake from Neutral Zone","Idle","","None","Score","Score","100","None","Intake from Neutral Zone","Idle","","None","Intake from Neutral Zone","Intake from Neutral Zone","","None","Score","Score","80","None","Not Attempted","69dac1f66596dd6511f9c63f","bf3de8e81f5114b5a8432ea7df8c245842357197693a5efd8241fbaa376c5e86","","red","2026-04-11T21:49:42.377Z","2026chcmp","2026chcmp_qm91","91","","","","","2","","","","Sai","5724","2026-04-11T21:49:42.377Z"
"Score","None","90","Hub","Not Attempted","Pass","None","","None","Pass","None","","None","Idle","None","","None","Idle","None","","None","Idle","None","","None","Idle","None","","None","Not Attempted","69dac1b06596dd6511f9c62c","e88785dff87e67a624ad03f13cb26b1eea0b29067e9072b282c9a047936edb95","","blue","2026-04-11T21:48:32.913Z","2026chcmp","2026chcmp_qm91","91","","3","3","","3","","","Passing and defence team.","Nidhish","1895","2026-04-11T21:48:32.913Z"
"Idle","Idle","","Right Trench","Not Attempted","Score","Pass","20","None","Pass","Pass","","None","Pass","Pass","","None","Pass","Defense","","None","Defense","Defense","","None","Defense","Defense","","None","Not Attempted","69dac1af6596dd6511f9c62b","65944ac242c52ff17c3146a339c091d9f1507e1d4db8795baded686b49b74525","","blue","2026-04-11T21:48:31.662Z","2026chcmp","2026chcmp_qm91","91","","2","3","","4","3","3","","Falco Carey","2537","2026-04-11T21:48:32.210Z"
"Idle","None","","Hub","Not Attempted","Defense","None","","None","Defense","None","","None","Defense","None","","None","Idle","None","","None","Pass","None","","None","Score","None","","None","Not Attempted","69dac0466596dd6511f9c5f0","c9fd06d79ecebee6b8d692b6f1611cbc0acb904c368193610efb1173153fa25d","","red","2026-04-11T21:42:30.160Z","2026chcmp","2026chcmp_qm90","90","","1","","1","3","","3","Don't pick this team please","Arihan","1111","2026-04-11T21:42:30.160Z"
"Intake from Neutral Zone","Score","60","Left Trench","Not Attempted","Intake from Neutral Zone","None","60","None","Idle","None","50","None","Idle","None","50","None","Idle","None","","None","Defense","None","","None","Idle","None","","None","Not Attempted","69dabfc56596dd6511f9c5de","69a5b0ea16a2bb4e3dc1d375c17c5912a831cd17fe613a46659b8ea9d0761f8d","","red","2026-04-11T21:40:21.444Z","2026chcmp","2026chcmp_qm90","90","","5","","3","4","","","Something happened to their robot most likely their intake broke.","Snithik","9072","2026-04-11T21:40:22.170Z"
"Intake from Neutral Zone","Score","90","Left Trench","Not Attempted","Pass","None","","None","Score","None","70","None","Intake from Neutral Zone","Pass","","None","Score","None","100","None","Intake from Neutral Zone","Pass","","None","Score","None","60","None","Not Attempted","69dabf776596dd6511f9c5ca","eddbb5c15db4aac7b9abb1de4177832c7a723ad8ac79d3cdf32c1a3035cd3853","","blue","2026-04-11T21:39:03.221Z","2026chcmp","2026chcmp_qm90","90","","4","3","3","4","","","Good shooter and strategy","Nidhish","888","2026-04-11T21:39:03.238Z"
"Intake from Neutral Zone","Score","50","Right Trench","Not Attempted","Score","Score","100","None","Intake from Neutral Zone","Intake from Neutral Zone","","None","Score","Intake from Neutral Zone","40","None","Intake from Neutral Zone","None","","None","Score","Score","50","None","Score","Score","50","None","Not Attempted","69dabf6a6596dd6511f9c5c8","24d476cb42727372d36983f47598519b7fd4b86e1fb07483ce52bae994b5c74e","","red","2026-04-11T21:38:50.029Z","2026chcmp","2026chcmp_qm90","90","","4","","4","4","","","","Sai","4099","2026-04-11T21:38:50.029Z"
"Intake from Neutral Zone","Idle","10","Right Trench","Not Attempted","Idle","Idle","","None","Idle","Pass","","Heavy","Defense","Defense","","None","Defense","Defense","","None","Idle","Idle","","None","Idle","Defense","","None","Not Attempted","69dabf556596dd6511f9c5c6","2eda80d7249594fc113abaa71856a49dd6638fb3a9aea3a4b06f15672c582899","","blue","2026-04-11T21:38:29.865Z","2026chcmp","2026chcmp_qm90","90","","","2","","3","","2","","Falco Carey","8590","2026-04-11T21:38:29.865Z"
"Intake from Neutral Zone","Score","80","Left Bump","Not Attempted","Intake from Neutral Zone","None","","None","Pass","None","","None","Defense","Pass","","None","Defense","None","","None","Pass","None","","None","Defense","None","","None","Not Attempted","69dabd2b6596dd6511f9c557","88970da4670e4b92f4730dced8821567d15614c1bb3696982971f0ddbe67630a","","blue","2026-04-11T21:29:15.535Z","2026chcmp","2026chcmp_qm89","89","","4","4","3","4","","2","Intake broke mid-way.  Good shooter and passing.","Nidhish","1086","2026-04-11T21:29:15.535Z"
"Score","None","20","Right Bump","Not Attempted","Score","None","40","None","Score","None","40","None","Score","None","30","None","Score","None","30","None","Score","None","30","None","Score","None","30","None","Not Attempted","69dabd176596dd6511f9c553","0731033534cf2c59c405857a62d8e5101baa6ba24690cb5954278f5ab4c4f01f","","red","2026-04-11T21:28:55.856Z","2026chcmp","2026chcmp_qm89","89","","3","","3","3","","","","Arihan","5243","2026-04-11T21:28:55.856Z"
"Intake from Neutral Zone","Score","20","Left Trench","Not Attempted","Intake from Neutral Zone","Score","20","None","Intake from Neutral Zone","Intake from Neutral Zone","10","None","Intake from Neutral Zone","Score","10","None","Defense","Defense","","None","Defense","Defense","","None","Intake from Neutral Zone","Score","10","None","Not Attempted","69dabcd56596dd6511f9c540","c41b44b17c6720bb6e05e7a80142e56e006fb0e0732f7358b8c22970290a2b1e","","red","2026-04-11T21:27:49.091Z","2026chcmp","2026chcmp_qm89","89","","","","","2","","","","Sai","5587","2026-04-11T21:27:49.091Z"
"Score","None","20","Hub","Not Attempted","Intake from Neutral Zone","None","10","None","Defense","None","","None","Idle","None","","None","Idle","None","","None","Intake from Neutral Zone","Pass","","None","Idle","None","","None","Not Attempted","69dabcb06596dd6511f9c53a","5c8ca35c48c839415e5667d3d29aa538097045083bcb232779401bbc53b2c87b","","red","2026-04-11T21:27:12.299Z","2026chcmp","2026chcmp_qm89","89","","1","","1","1","","1","Really bad overall.","Snithik","5587","2026-04-11T21:27:12.299Z"
"Intake from Neutral Zone","Intake from Neutral Zone","40","Right Trench","Not Attempted","Intake from Neutral Zone","Pass","","None","Intake from Neutral Zone","Pass","","None","Score","Intake from Neutral Zone","50","None","Intake from Neutral Zone","Intake from Neutral Zone","","None","Score","Score","70","None","Score","Score","60","None","Not Attempted","69dabcaa6596dd6511f9c538","d0f1f561b4b7b61e87b40f18b15976130504ff51a252ea95ceefe88d4726011d","","blue","2026-04-11T21:27:06.734Z","2026chcmp","2026chcmp_qm89","89","","4","4","3","3","","","","Falco Carey","1731","2026-04-11T21:27:06.734Z"
"Idle","None","","Hub","Not Attempted","Idle","None","","None","Score","None","10","None","Intake from Neutral Zone","None","","None","Idle","None","","None","Defense","None","","None","Score","None","40","None","Not Attempted","69dabb4a6596dd6511f9c4e9","20cbb1b9b85b5f126f780830172484451763afd5b5f332495343e6632421227e","","red","2026-04-11T21:21:14.663Z","2026chcmp","2026chcmp_qm88","88","","","","","3","","3","Mid","Arihan","2421","2026-04-11T21:21:14.663Z"
"Score","None","20","Left Trench","Not Attempted","Defense","Defense","","None","Defense","Defense","","None","Defense","Defense","","None","Defense","Defense","","None","Defense","Defense","","None","Defense","Defense","","None","Not Attempted","69dabaf56596dd6511f9c4dc","58bcc1ff0f3b282079141e405da6fc8c3583b1dacf1c3681efe40ac78fdd7cb9","","red","2026-04-11T21:19:49.894Z","2026chcmp","2026chcmp_qm88","88","","","","","4","","5","Pretty good at defense not gonna lie ","Sai","9033","2026-04-11T21:19:49.912Z"
"Intake from Neutral Zone","Score","50","Right Trench","Not Attempted","Intake from Neutral Zone","Score","60","None","Score","Intake from Neutral Zone","70","None","Intake from Neutral Zone","None","70","None","Score","Intake from Neutral Zone","80","None","Intake from Neutral Zone","None","80","None","Intake from Neutral Zone","None","80","None","Not Attempted","69dabae46596dd6511f9c4d7","953b8c996394c343b0c7d30987ccfc76af02024a444eba7a86fc212a06a11d11","","red","2026-04-11T21:19:32.579Z","2026chcmp","2026chcmp_qm88","88","","2","2","4","3","","","Okay not very good and had bad teammates.","Snithik","339","2026-04-11T21:19:32.579Z"
"Intake from Neutral Zone","Score","40","Left Trench","Not Attempted","Intake from Neutral Zone","None","","None","Pass","None","","Light","Score","None","80","None","Intake from Neutral Zone","Pass","","None","Score","None","40","Heavy","Score","None","50","None","Not Attempted","69dabac36596dd6511f9c4c5","34d523c3e8bb0d54bafc18bb8810e44c84d7918b1b16d673259b4981eccf62bf","","blue","2026-04-11T21:18:59.639Z","2026chcmp","2026chcmp_qm88","88","","4","","3","3","","","Good shooter and intake.","Nidhish","5338","2026-04-11T21:18:59.639Z"
"Idle","Idle","","Hub","Not Attempted","Intake from Neutral Zone","Intake from Neutral Zone","","None","Pass","Intake from Neutral Zone","20","None","Score","Score","10","None","Intake from Neutral Zone","Intake from Neutral Zone","","None","Score","Score","","None","Pass","Idle","","Heavy","Not Attempted","69dabab26596dd6511f9c4c0","c87d7a09078d502dfae540606d58c22497b3e4e955b59c4f6aae00472d528a1f","","blue","2026-04-11T21:18:42.531Z","2026chcmp","2026chcmp_qm88","88","","1","2","1","3","1","1","","Falco Carey","11318","2026-04-11T21:18:42.531Z"
"Score","Intake from Neutral Zone","40","Right Bump","Not Attempted","Idle","None","","None","Intake from Neutral Zone","None","","None","Pass","Intake from Neutral Zone","","None","Intake from Neutral Zone","Pass","","None","Pass","Intake from Neutral Zone","","None","Score","None","30","None","Not Attempted","69dabab06596dd6511f9c4bf","d7e9598565b31cdf99924d7a4e15e5d7b2cfa5719aa018519996ce3818bc388d","","blue","2026-04-11T21:18:40.920Z","2026chcmp","2026chcmp_qm88","88","","3","3","3","4","3","","","lucas","614","2026-04-11T21:18:40.920Z"
"Intake from Neutral Zone","Score","40","Hub","Not Attempted","Intake from Neutral Zone","Score","40","None","Intake from Neutral Zone","Intake from Neutral Zone","","None","Score","Score","40","None","Intake from Neutral Zone","Intake from Neutral Zone","","None","Score","Score","20","None","Score","None","30","None","Not Attempted","69dab97c6596dd6511f9c486","16db2cc0c9a866830fe4c4de371eada47cd3ba4c5a5bf08da60c06a48d18d0b7","","red","2026-04-11T21:13:32.109Z","2026chcmp","2026chcmp_qm87","87","","","","","3","","","","Sai","122","2026-04-11T21:13:32.109Z"
"Score","None","30","Hub","Not Attempted","Score","Intake from Neutral Zone","40","None","Intake from Neutral Zone","None","","None","Score","None","40","None","Pass","Intake from Neutral Zone","","None","Score","None","40","None","Score","None","40","None","Not Attempted","69dab95e6596dd6511f9c477","a7ca2b9c6c470a2ed9094cec6c4a9124556c98390a4df1f7b351b3b02a3170c5","","blue","2026-04-11T21:13:02.318Z","2026chcmp","2026chcmp_qm87","87","","4","4","3","4","","","Good shooter and passing.","Nidhish","1727","2026-04-11T21:13:02.318Z"
"Idle","None","","Hub","Not Attempted","Intake from Neutral Zone","None","","None","Defense","None","","None","Defense","None","","None","Defense","None","","None","Idle","None","","None","Idle","None","","None","Not Attempted","69dab9176596dd6511f9c46a","d0f2716a7275ba1c860ff2a263bc8b542730a4877e105ec77a1e8dd6ed22eb24","","red","2026-04-11T21:11:51.462Z","2026chcmp","2026chcmp_qm87","87","","1","","2","2","","3","Good defense against shooters that are not turrets.","Snithik","5804","2026-04-11T21:11:51.462Z"
"Score","None","40","Right Bump","Not Attempted","Score","None","40","None","Score","None","40","None","Intake from Neutral Zone","None","","None","Score","None","40","None","Intake from Neutral Zone","None","","None","Score","None","50","None","Not Attempted","69dab9016596dd6511f9c465","a535a54ee8e39dc77fac5d7ef9c0b6ee6456366109424bb416bedf4bb7a71bad","","red","2026-04-11T21:11:29.952Z","2026chcmp","2026chcmp_qm87","87","","4","","3","3","","","","Arihan","346","2026-04-11T21:11:29.952Z"
"Intake from Neutral Zone","Score","20","Right Trench","Not Attempted","Intake from Neutral Zone","Score","20","None","Intake from Neutral Zone","Score","30","None","Score","Score","20","Light","Intake from Neutral Zone","Pass","","Moderate","Score","Score","10","None","Score","Score","10","None","Not Attempted","69dab8fd6596dd6511f9c464","c1978d679f704707472acaad1701b468eba2b0b6e7db7a605291e822b2336c97","","blue","2026-04-11T21:11:25.815Z","2026chcmp","2026chcmp_qm87","87","","3","3","3","3","2","2","","Falco Carey","401","2026-04-11T21:11:25.815Z"
"Score","Idle","40","Hub","Not Attempted","Intake from Neutral Zone","None","","None","Score","None","70","None","Intake from Neutral Zone","Defense","","None","Score","None","30","None","Intake from Neutral Zone","None","","None","Score","None","40","None","Not Attempted","69dab7616596dd6511f9c417","4f1732924912ab27b7fe9222a1504abd27a75663c6b8cc2c0eb84014a8f8f3f2","","blue","2026-04-11T21:04:33.470Z","2026chcmp","2026chcmp_qm86","86","","5","","3","4","","1","Slow drivetrain. ","Nidhish","3136","2026-04-11T21:04:33.470Z"
"Intake from Neutral Zone","Score","40","Right Trench","Not Attempted","Idle","None","40","None","Intake from Neutral Zone","Pass","40","None","Score","None","40","None","Intake from Neutral Zone","Pass","40","None","Score","None","50","None","Score","Intake from Neutral Zone","50","None","Not Attempted","69dab7506596dd6511f9c40f","da096faaf9ca5302be451c4519db01739a863e5e808ae4866c74f1af62493c9d","","red","2026-04-11T21:04:16.178Z","2026chcmp","2026chcmp_qm86","86","","4","4","4","4","","","Good robot with good team.","Snithik","11415","2026-04-11T21:04:16.178Z"
"Score","Score","20","Hub","Not Attempted","Intake from Neutral Zone","Pass","","None","Defense","Defense","","None","Defense","Defense","","None","Defense","Defense","","None","Defense","Defense","","None","Idle","Pass","","None","Not Attempted","69dab74c6596dd6511f9c40b","9afcbcc605b90d4353e1f71094be1fb766e50e3ab9223654ee91c10119cc3a59","","red","2026-04-11T21:04:12.826Z","2026chcmp","2026chcmp_qm86","86","","","","","3","","","Basically heavy drive train ","Sai","10679","2026-04-11T21:04:12.826Z"
"Score","None","60","Left Trench","Not Attempted","Score","None","80","None","Pass","None","","None","Score","None","80","None","Pass","None","80","None","Score","None","60","None","Score","None","60","None","Not Attempted","69dab7476596dd6511f9c407","23412b236e62ecf458a3b29432a9fe67abb449af46a52ef1e19fd5bede20f920","","red","2026-04-11T21:04:07.238Z","2026chcmp","2026chcmp_qm86","86","","5","5","5","5","","","","Arihan","836","2026-04-11T21:04:07.238Z"
"Score","Score","10","Hub","Not Attempted","Intake from Neutral Zone","Intake from Neutral Zone","","None","Score","Score","20","None","Intake from Neutral Zone","Intake from Neutral Zone","","None","Score","Score","","None","Intake from Neutral Zone","Intake from Neutral Zone","","None","Score","Score","20","None","Not Attempted","69dab72c6596dd6511f9c3fc","eb3a6c3a6a093b08131c108828fd78a0f3c27ed7d3703f873cd21aeec9575b84","","blue","2026-04-11T21:03:40.590Z","2026chcmp","2026chcmp_qm86","86","","2","","3","3","","","","Falco Carey","4472","2026-04-11T21:03:40.590Z"
"Score","None","40","Hub","Not Attempted","Intake from Neutral Zone","None","","None","Pass","Score","50","None","Intake from Neutral Zone","None","","None","Score","None","50","None","Intake from Neutral Zone","Pass","","None","Score","None","50","None","Not Attempted","69dab6316596dd6511f9c3cf","be8d8a5ab6e26509477dc924b76c8d17f68b02cc0b4508542a8f67fcc1ee4a4f","","red","2026-04-11T20:59:29.743Z","2026chcmp","2026chcmp_qm85","85","","3","2","3","3","","","Average nothing special.","Snithik","4541","2026-04-11T20:59:32.843Z"
"Intake from Neutral Zone","None","","Hub","Not Attempted","Intake from Neutral Zone","Score","50","None","Pass","Intake from Neutral Zone","","None","Score","None","30","None","Pass","None","","None","Score","None","30","None","Pass","Score","10","None","Not Attempted","69dab5656596dd6511f9c3a5","efb40a0d838ae63355e91ea6ef3ad52172372bbbf72c8a46a66c6c43483ddaf8","","blue","2026-04-11T20:56:05.285Z","2026chcmp","2026chcmp_qm85","85","","3","3","2","2","","","Bad","Nidhish","10004","2026-04-11T20:56:05.285Z"
"Score","Score","10","Right Bump","L1 Attempted","Intake from Neutral Zone","Intake from Neutral Zone","","None","Score","Score","50","None","Intake from Neutral Zone","Intake from Neutral Zone","","None","Score","Score","50","None","Intake from Neutral Zone","Intake from Neutral Zone","","None","Score","Score","60","None","Not Attempted","69dab5496596dd6511f9c3a0","410bd65b2352d1317e45bb695ae78e9028bfab0762b9c327344537dee7816471","","red","2026-04-11T20:55:37.189Z","2026chcmp","2026chcmp_qm85","85","","3","","3","4","","","","Sai","2890","2026-04-11T20:55:37.189Z"
"Idle","None","","Left Bump","Not Attempted","Idle","None","","None","Idle","None","","None","Defense","None","","None","Idle","None","","None","Defense","None","","None","Idle","None","","None","Not Attempted","69dab5456596dd6511f9c39d","58f34741dc1f5602fc13c7c85b29b90308db758f4fbb973375988da88479918f","","red","2026-04-11T20:55:33.008Z","2026chcmp","2026chcmp_qm85","85","","","","","4","","4","","Arihan","11425","2026-04-11T20:55:33.008Z"
"Intake from Neutral Zone","Score","80","Left Trench","Not Attempted","Intake from Neutral Zone","Pass","","Light","Intake from Neutral Zone","Intake from Neutral Zone","","Moderate","Score","Score","60","None","Intake from Neutral Zone","Pass","","None","Score","Score","70","None","Intake from Neutral Zone","Score","70","None","Not Attempted","69dab5356596dd6511f9c394","ac55808844c966333161af88c54d2e2387568d0ff3d075f0fc27bc6812101c09","","blue","2026-04-11T20:55:17.257Z","2026chcmp","2026chcmp_qm85","85","","3","4","5","4","","","","Falco Carey","422","2026-04-11T20:55:17.257Z"
"Idle","None","","Hub","Not Attempted","Idle","None","","None","Idle","None","","None","Defense","None","","None","Score","Idle","50","None","Idle","None","","None","Idle","None","","None","Not Attempted","69dab3956596dd6511f9c330","772a91d25c2da271efca86679dd6ccd98a01f9edc70d38c3b5fff6e7f815c894","","red","2026-04-11T20:48:21.356Z","2026chcmp","2026chcmp_qm84","84","","3","","3","3","","3","Very mid and went idle many times.","Snithik","1895","2026-04-11T20:48:21.356Z"
"Score","Score","10","Left Bump","Not Attempted","Pass","None","","None","Intake from Neutral Zone","Score","10","None","Defense","Defense","","None","Pass","None","","None","Defense","Defense","","None","Pass","Score","10","None","Not Attempted","69dab38f6596dd6511f9c32f","f67902b17f00d4af4f8d35bf0bc889f60f4222677203762551a4938531d58be7","","red","2026-04-11T20:48:15.605Z","2026chcmp","2026chcmp_qm84","84","","","","","2","","","","Sai","2068","2026-04-11T20:48:15.605Z"
"Intake from Neutral Zone","Score","70","Hub","Not Attempted","Intake from Neutral Zone","None","","None","Pass","None","","None","Score","None","100","Moderate","Intake from Neutral Zone","None","","Light","Score","None","80","Heavy","Score","None","100","None","Not Attempted","69dab3826596dd6511f9c32d","3812247009f79d6c860e586a5ba6c14bcb21ad731a1e81e45af6c7c3b65ebaac","","blue","2026-04-11T20:48:02.053Z","2026chcmp","2026chcmp_qm84","84","","5","","3","4","3","","Great shooter and strategy. ","Nidhish","2199","2026-04-11T20:48:02.053Z"
"Score","Score","10","Hub","Not Attempted","Pass","Pass","","None","Pass","Pass","","None","Pass","Defense","","None","Pass","Pass","","None","Pass","Defense","","None","Pass","Defense","","None","Not Attempted","69dab3686596dd6511f9c328","402763916e784284b42cef47888bba73e2b3a32ece22cda468a14ca0143ce759","","blue","2026-04-11T20:47:36.275Z","2026chcmp","2026chcmp_qm84","84","","1","2","","2","1","1","","Falco Carey","1719","2026-04-11T20:47:36.849Z"
"Score","None","40","Hub","Not Attempted","Score","None","40","None","Score","None","40","None","Intake from Neutral Zone","None","","None","Score","None","40","None","Intake from Neutral Zone","None","","None","Score","None","40","None","Not Attempted","69dab3636596dd6511f9c327","804c5494be9301c81d5f71d25b71d9df5136f1abcfad98bac84490f6ae236b5f","","red","2026-04-11T20:47:31.697Z","2026chcmp","2026chcmp_qm84","84","","3","","3","4","","","","Arihan","3748","2026-04-11T20:47:31.697Z"
"Intake from Neutral Zone","Score","50","Left Trench","Not Attempted","Intake from Neutral Zone","Score","50","None","Score","Intake from Neutral Zone","50","None","Intake from Neutral Zone","Pass","50","None","Score","None","50","None","Intake from Neutral Zone","Pass","","None","Score","None","60","None","Not Attempted","69dab2846596dd6511f9c2fd","f2e52e8532d05fb2957d09422916265b4d48098f9cca9716c7af45ee9fc08d63","","red","2026-04-11T20:43:48.257Z","2026chcmp","2026chcmp_qm81","81","","4","4","3","4","","","Really good even though it lost.","Snithik","122","2026-04-11T20:43:53.251Z"
"Score","None","10","Hub","Not Attempted","Idle","None","10","None","Intake from Neutral Zone","None","10","None","Score","None","40","None","Intake from Neutral Zone","None","40","None","Score","None","50","None","Score","None","50","None","Not Attempted","69dab2839fd0038060fe2d00","65806952f019265bca4b4121f5fbeed3f331991ffdf457afe954fcb9df101b71","","red","2026-04-11T20:43:47.061Z","2026chcmp","2026chcmp_qm82","82","","3","","2","3","","","Okay robot nothing much.","Snithik","3939","2026-04-11T20:43:52.143Z"
"Intake from Neutral Zone","Score","50","Left Trench","Not Attempted","Intake from Neutral Zone","Score","50","None","Score","Intake from Neutral Zone","50","None","Intake from Neutral Zone","Pass","50","None","Score","None","50","None","Intake from Neutral Zone","Pass","","None","Score","None","60","None","Not Attempted","69dab2839fd0038060fe2cff","5374edb7451d757c8186f6b22125835aa2a9055d0ada766aef6019115075f31b","","red","2026-04-11T20:43:47.052Z","2026chcmp","2026chcmp_qm81","81","","4","4","3","4","","","Really good even though it lost it had a good turret.","Snithik","122","2026-04-11T20:43:53.243Z"
"Idle","None","","Hub","Not Attempted","Intake from Neutral Zone","None","","None","Intake from Neutral Zone","Pass","","None","Intake from Neutral Zone","Score","","None","Pass","Intake from Neutral Zone","","None","Intake from Neutral Zone","None","","None","Pass","None","","None","Not Attempted","69dab2826596dd6511f9c2fc","91b7f6fd873b1ec7fa4c7a44a4c426e5471b293a2858215471a385966715ad7e","","red","2026-04-11T20:43:46.984Z","2026chcmp","2026chcmp_qm83","83","","1","","1","1","","","Stayed in the neutral zone most of the time.","Snithik","5724","2026-04-11T20:43:51.551Z"
"Score","None","10","Right Trench","Not Attempted","Score","None","20","None","Intake from Neutral Zone","None","","None","Score","None","20","None","Intake from Neutral Zone","None","","None","Score","None","40","None","Score","None","40","None","Not Attempted","69dab2076596dd6511f9c2dd","c3d13fa9ebd3d94b6833f322d2ffae0bb02183b9f9d4907404049f96b07a438a","","red","2026-04-11T20:41:43.203Z","2026chcmp","2026chcmp_qm83","83","","5","","5","5","","","","Arihan","1908","2026-04-11T20:41:43.203Z"
"Defense","None","","Hub","Not Attempted","Defense","None","","None","Defense","None","","None","Defense","None","","None","Defense","None","","None","Idle","None","","None","Idle","None","","None","Not Attempted","69dab1b96596dd6511f9c2ce","44785cbfe1560a94858c7ef4b4d03fedd19e2b0ccc620244ef3c60d1879aff89","","blue","2026-04-11T20:40:25.778Z","2026chcmp","2026chcmp_qm83","83","","1","","","3","","2","Defended blair ineffectively. Was idle for second half.","Nidhish","2377","2026-04-11T20:40:25.778Z"
"Score","None","40","Right Trench","Not Attempted","Score","None","70","None","Score","None","30","None","Pass","Intake from Neutral Zone","","None","Score","None","50","None","Intake from Neutral Zone","Pass","","None","Score","None","30","None","Not Attempted","69dab1b76596dd6511f9c2cc","2afe74c69c1781c51abdc123ea1baec0b88e0db0d83049db72567a09be0240fe","","blue","2026-04-11T20:40:23.943Z","2026chcmp","2026chcmp_qm83","83","","4","3","3","4","","3","","lucas","619","2026-04-11T20:40:23.943Z"
"Intake from Neutral Zone","Score","70","Left Bump","Not Attempted","Intake from Neutral Zone","Score","100","None","Idle","Pass","","None","Score","Score","50","None","Intake from Neutral Zone","Intake from Neutral Zone","","None","Score","Score","50","None","Score","Score","50","None","Not Attempted","69dab1b76596dd6511f9c2cb","8dcd900ab8373a9a37b2e695f41e9e8aa6e26053416ce2d2ba74c84f5c7ba665","","red","2026-04-11T20:40:23.758Z","2026chcmp","2026chcmp_qm83","83","","5","","5","5","","","","Sai","449","2026-04-11T20:40:23.758Z"
"Intake from Neutral Zone","Score","30","Hub","Not Attempted","Score","Idle","10","None","Pass","Pass","","None","Pass","Intake from Neutral Zone","","None","Score","Intake from Neutral Zone","60","Moderate","Intake from Neutral Zone","Pass","","None","Score","Score","80","None","Not Attempted","69dab1b36596dd6511f9c2c8","ea18f7ae787646d74d277b864ec91f4abffbd7e2001b34aefee9c62688a929ef","","blue","2026-04-11T20:40:19.598Z","2026chcmp","2026chcmp_qm83","83","","3","4","4","4","3","","","Falco Carey","8592","2026-04-11T20:40:19.598Z"
"Intake from Neutral Zone","Score","40","Hub","Not Attempted","Score","None","50","None","Intake from Neutral Zone","Score","40","None","Defense","Intake from Neutral Zone","","None","Score","None","40","None","Defense","None","","None","Intake from Neutral Zone","Score","40","None","Not Attempted","69dab03f6596dd6511f9c266","bdadcb2460a30dd65c4293611ed0f9793e32c40057e81ad04e904dee5e101c2b","","blue","2026-04-11T20:34:07.116Z","2026chcmp","2026chcmp_qm82","82","","4","","3","5","","5","Great defence, put junkyard on lockdown. Great shooter and strategy.","Nidhish","540","2026-04-11T20:34:07.116Z"
"Score","None","90","Right Trench","Not Attempted","Score","None","90","None","Score","None","90","None","Score","None","80","None","Score","None","80","None","Score","None","80","None","Score","None","80","None","Not Attempted","69dab00c6596dd6511f9c25c","479c1a2cb23a71e55488f655e59c40343a0d60655bc8219f551a38f35767544d","","red","2026-04-11T20:33:16.603Z","2026chcmp","2026chcmp_qm82","82","","5","5","5","5","","","","Arihan","2106","2026-04-11T20:33:16.603Z"
"Score","None","60","Left Trench","Not Attempted","Score","None","40","None","Pass","Score","50","None","Pass","Intake from Neutral Zone","","None","Score","None","50","Heavy","Pass","Intake from Neutral Zone","","None","Score","Intake from Neutral Zone","60","None","Not Attempted","69daaff66596dd6511f9c257","ed934761b68ddd92843c173988234ccebd3101c8d192fe27e5179c077c27d234","","blue","2026-04-11T20:32:54.417Z","2026chcmp","2026chcmp_qm82","82","","4","4","4","5","5","","","lucas","1629","2026-04-11T20:32:54.417Z"
"Score","Score","10","Hub","Not Attempted","Intake from Neutral Zone","Intake from Neutral Zone","","None","Score","Intake from Neutral Zone","","None","Intake from Neutral Zone","Intake from Neutral Zone","","None","Score","Score","20","None","Intake from Neutral Zone","Intake from Neutral Zone","","None","Score","Intake from Neutral Zone","10","None","Not Attempted","69daaff46596dd6511f9c256","27627220873775ddaf2f2b1135079e3bc3b09d1336c5597466084a36d298c573","","blue","2026-04-11T20:32:52.199Z","2026chcmp","2026chcmp_qm82","82","","2","","3","3","","","","Falco Carey","10224","2026-04-11T20:32:52.199Z"
"Score","Score","20","Right Bump","Not Attempted","Defense","Defense","","None","Defense","Pass","","None","Pass","Pass","","None","Defense","Defense","","None","Defense","Defense","","None","Defense","Defense","","None","Not Attempted","69daafdb6596dd6511f9c24e","5d4b83513d59dc9115b1f9a151a3c9f35f49d42e445181f9fa00a6084312e2ff","","red","2026-04-11T20:32:27.506Z","2026chcmp","2026chcmp_qm82","82","","","","","2","","","No intake ","Sai","3258","2026-04-11T20:32:27.506Z"
"None","None","","Hub","Not Attempted","None","None","","None","None","None","","None","None","None","","None","None","None","","None","None","None","","None","None","None","","None","Not Attempted","69daae4d6596dd6511f9c1f4","d4539c8e01da47e12806b8b18865fc70616a01695c797394482f5dd1a062acac","","blue","2026-04-11T20:25:49.873Z","2026chcmp","2026chcmp_qm82","82","true","","","","","","","","Nidhish","540","2026-04-11T20:25:49.873Z"
"Score","None","70","Right Trench","Not Attempted","Score","None","70","None","Score","None","60","None","Score","None","50","None","Score","None","50","None","Score","None","60","None","Score","None","60","None","Not Attempted","69daae4d6596dd6511f9c1f3","ea2478103be6a0a5bf2fd37366c894e1bdd02c4bb1cc365c23b1022761e3d51d","","red","2026-04-11T20:25:49.617Z","2026chcmp","2026chcmp_qm81","81","","4","","4","4","","","","Arihan","1727","2026-04-11T20:25:49.617Z"
"Score","None","30","Hub","L1 Attempted","Idle","None","","None","Intake from Neutral Zone","None","","None","Score","None","30","None","Intake from Neutral Zone","None","","None","Score","None","20","None","Score","None","50","None","Not Attempted","69daae4d6596dd6511f9c1f1","171a82bef7d723ceb2fb0611d72c661c3366a4b0fd539d2b45118ba1f7dea211","","blue","2026-04-11T20:25:49.395Z","2026chcmp","2026chcmp_qm81","81","","3","","1","4","","","Slow drive train. Slow shooter. Small hopper.","Nidhish","5243","2026-04-11T20:25:49.395Z"
"Intake from Neutral Zone","Score","40","Right Bump","Not Attempted","Intake from Neutral Zone","Intake from Neutral Zone","","None","Score","Score","30","None","Intake from Neutral Zone","Intake from Neutral Zone","","None","Pass","Pass","","None","Defense","Defense","","None","Defense","Defense","","None","Not Attempted","69daae296596dd6511f9c1e7","29144f66c727cad9a50882892f26200505180d926d854e23f0bd6cc6ccb71f59","","red","2026-04-11T20:25:13.718Z","2026chcmp","2026chcmp_qm81","81","","3","","4","4","","","","Sai","614","2026-04-11T20:25:13.718Z"
"Intake from Neutral Zone","Score","80","Left Trench","Not Attempted","Intake from Neutral Zone","Score","100","None","Intake from Neutral Zone","Pass","","None","Score","Intake from Neutral Zone","70","None","Intake from Neutral Zone","Defense","","Light","Score","Intake from Neutral Zone","90","Moderate","Intake from Neutral Zone","Score","70","Heavy","Not Attempted","69daae266596dd6511f9c1e5","1c981fdd511fe053da626099b42e2d27f11c6b28ca1b894f30396fbd9b71c9ac","","blue","2026-04-11T20:25:10.519Z","2026chcmp","2026chcmp_qm81","81","","5","","4","5","1","2","","Falco Carey","9072","2026-04-11T20:25:10.519Z"
"None","None","","Hub","Not Attempted","None","None","","None","None","None","","None","None","None","","None","None","None","","None","None","None","","None","None","None","","None","Not Attempted","69daae216596dd6511f9c1e2","a69b2822acc94b3f25df9682c73faa70151e73e0e81c6ea8f235780f9967ac1a","","blue","2026-04-11T20:25:05.110Z","2026chcmp","2026chcmp_qm82","82","true","","","","","","","","lucas","1629","2026-04-11T20:25:05.110Z"
"Idle","None","","Hub","Not Attempted","Intake from Neutral Zone","None","","None","Pass","Intake from Neutral Zone","","None","Score","None","30","None","Intake from Neutral Zone","Defense","","None","Intake from Neutral Zone","Defense","","None","Pass","None","","None","Not Attempted","69daae206596dd6511f9c1e1","2028e34eee68d057f2795ecf81aab65d6fe91efb45d66a52e21d7eb0543e05e5","","blue","2026-04-11T20:25:04.893Z","2026chcmp","2026chcmp_qm81","81","","2","2","2","1","","2","","lucas","339","2026-04-11T20:25:04.893Z"
"Idle","None","","Hub","Not Attempted","Score","None","","None","Defense","None","","None","Defense","None","","None","Defense","None","","None","Defense","None","","None","Pass","None","","None","Not Attempted","69daac0b6596dd6511f9c0db","b1c9ee1ca8f07a97f31b5b73e2ee6605bab498e28d2438c6b9f86d81b41340c5","","red","2026-04-11T20:16:11.581Z","2026chcmp","2026chcmp_qm80","80","","1","3","","1","","1","Scored 2 points in total had extremely bad defense as well the only thing they can do okay is pass balls.","Snithik","2421","2026-04-11T20:16:11.581Z"
"Intake from Neutral Zone","Score","30","Right Trench","Not Attempted","Idle","None","","None","Score","None","20","None","Pass","None","","None","Score","None","70","None","Pass","Idle","","None","Idle","None","","None","Not Attempted","69daac006596dd6511f9c0d4","661fc8701a91636d3d99b777b4ee560fde7352f03ac6974e157e381003dd1982","","blue","2026-04-11T20:16:00.843Z","2026chcmp","2026chcmp_qm80","80","","5","5","3","4","","","Died half way. Amazing shooter and passing.","Nidhish","401","2026-04-11T20:16:00.868Z"
"Score","None","50","Left Trench","Not Attempted","Score","None","50","None","Score","None","50","None","Score","None","50","None","Score","None","50","None","Score","None","50","None","Score","None","50","None","Not Attempted","69daabe16596dd6511f9c0ce","911736ce447af654d17445175ad0c576ade78f381c80bfefcca424548a7a1bfc","","red","2026-04-11T20:15:29.739Z","2026chcmp","2026chcmp_qm80","80","","5","","4","5","","","","Arihan","5338","2026-04-11T20:15:29.739Z"
"Score","None","40","Left Trench","Not Attempted","Idle","None","","None","Idle","None","","None","Idle","Defense","","None","Pass","None","","None","Pass","Defense","","None","Pass","None","","None","Not Attempted","69daabcd6596dd6511f9c0cc","48b80706b2a9cf0518e7781c1dcbedbc595f922ac5e7d5d0ef396b78e2e7ce3b","","blue","2026-04-11T20:15:09.108Z","2026chcmp","2026chcmp_qm80","80","","2","3","","3","","3","","lucas","5804","2026-04-11T20:15:09.108Z"
"Intake from Neutral Zone","Score","50","Right Trench","Not Attempted","Score","Score","50","None","Pass","Intake from Neutral Zone","","None","Score","Score","60","None","Intake from Neutral Zone","Pass","","None","Score","Score","60","None","Score","Score","50","None","Not Attempted","69daabcd6596dd6511f9c0cb","02998a0b296d774d5b227987874ad3558a0b63b07108c40adb368c427f0a1659","","red","2026-04-11T20:15:09.099Z","2026chcmp","2026chcmp_qm80","80","","4","4","4","5","","","","Sai","11415","2026-04-11T20:15:09.099Z"
"Score","Idle","","Hub","Not Attempted","Pass","Pass","","None","Pass","Defense","","Light","Defense","Defense","","None","Defense","Defense","","None","Defense","Defense","","None","Defense","Defense","","None","Not Attempted","69daabc76596dd6511f9c0c8","440cb86cc1d51b34e227354e89c9c4cfaecbfd45afa15607cdab65f0f5c5e483","","blue","2026-04-11T20:15:03.894Z","2026chcmp","2026chcmp_qm80","80","","1","1","","1","1","2","","Falco Carey","1111","2026-04-11T20:15:03.894Z"
"Idle","None","","Right Trench","Not Attempted","Defense","None","","None","Defense","None","","None","Defense","None","","None","Defense","None","","None","Defense","None","","None","Defense","None","","None","Not Attempted","69daaa116596dd6511f9c070","21aeba25a02f60cb6b24fa66ba886f98bc9311f34286b493caa83d305f68ed43","","red","2026-04-11T20:07:45.415Z","2026chcmp","2026chcmp_qm79","79","","","","","4","","4","","Arihan","10679","2026-04-11T20:07:45.415Z"
"Intake from Neutral Zone","Score","30","Right Trench","Not Attempted","Score","None","40","None","Score","Intake from Neutral Zone","80","None","Pass","Intake from Neutral Zone","","None","Score","None","90","Moderate","Pass","Intake from Neutral Zone","","None","Score","Pass","90","Heavy","Not Attempted","69daaa0d6596dd6511f9c06e","d81d0be74cbff53da4396673f52e37ef1df10d57e6c447ed9a308dd14c36473e","","red","2026-04-11T20:07:41.674Z","2026chcmp","2026chcmp_qm79","79","","5","5","4","5","4","","The first game the intake did’t break and they did well even while being defended.","Snithik","422","2026-04-11T20:07:41.674Z"
"None","None","","Hub","Not Attempted","None","None","","None","None","None","","None","None","None","","None","None","None","","None","None","None","","None","None","None","","None","Not Attempted","69daa9fb6596dd6511f9c067","6414336be7a9caac6c636e7ed0ab2c2925530407a23e7f3b50d1b9a40695a5f5","","blue","2026-04-11T20:07:23.189Z","2026chcmp","2026chcmp_qm80","80","true","","","","","","","","Nidhish","401","2026-04-11T20:07:23.189Z"
"Intake from Neutral Zone","Score","70","Hub","Not Attempted","Score","None","100","None","Intake from Neutral Zone","None","","Moderate","Score","None","50","Moderate","Intake from Neutral Zone","None","","None","Score","None","100","Light","Intake from Neutral Zone","Score","90","None","Not Attempted","69daa9fa6596dd6511f9c066","ab4f858776cfbeb5f7790d8bb30fbe5b6598447b837827f6b3aa4c2efce60028","","blue","2026-04-11T20:07:22.939Z","2026chcmp","2026chcmp_qm79","79","","5","3","4","5","3","","Great shooter and strategy. Good 👍 intake.","Nidhish","4099","2026-04-11T20:07:22.939Z"
"Intake from Neutral Zone","Pass","","Hub","Not Attempted","Intake from Neutral Zone","Intake from Neutral Zone","","None","Defense","Defense","","None","Intake from Neutral Zone","Pass","","None","Defense","Defense","","None","Intake from Neutral Zone","Idle","","None","Defense","Defense","","None","Not Attempted","69daa9f36596dd6511f9c061","5fbfbbf3c9c572455591b5caaee969c93c3b0bc97f55f0152b797ac199a5fb0a","","red","2026-04-11T20:07:15.012Z","2026chcmp","2026chcmp_qm79","79","","","","","2","","","","Sai","11425","2026-04-11T20:07:15.012Z"
"Score","None","30","Hub","Not Attempted","Intake from Neutral Zone","None","","None","Defense","None","","None","Pass","None","","None","Defense","None","","None","Defense","None","","None","Defense","None","","None","Not Attempted","69daa9eb6596dd6511f9c05d","3e3be492556c81a3c22cb663774e8a7e36a120d4939aa017769cea18b0d3940e","","blue","2026-04-11T20:07:07.950Z","2026chcmp","2026chcmp_qm79","79","","","","","4","4","5","Generational defense ","lucas","9033","2026-04-11T20:07:07.950Z"
"Score","Score","10","Right Trench","Not Attempted","Idle","Score","","None","Idle","Intake from Neutral Zone","","None","Score","Pass","10","None","Defense","Intake from Neutral Zone","","None","Pass","Intake from Neutral Zone","","None","Pass","Score","10","None","Not Attempted","69daa9bc6596dd6511f9c04c","1bb8d95ceb73d0eec4bdd8bb27e939521df6427ae79479c6f5cecf7f0d838e89","","blue","2026-04-11T20:06:20.415Z","2026chcmp","2026chcmp_qm79","79","","1","2","1","2","","2","","Falco Carey","5587","2026-04-11T20:06:20.415Z"
"Idle","Intake from Neutral Zone","","Right Bump","Not Attempted","Pass","Pass","","None","Defense","Defense","","None","Defense","Defense","","None","Pass","Defense","","None","Defense","Pass","","None","Idle","Idle","","None","Not Attempted","69daa84c6596dd6511f9bffd","56cc9a9357f5fc5f111f9efccbb1a10303f984505bdd8bd837e2b7f11f08ddb5","","red","2026-04-11T20:00:12.699Z","2026chcmp","2026chcmp_qm78","78","","","","","2","","","","Sai","1895","2026-04-11T20:00:12.699Z"
"Score","None","10","Hub","Not Attempted","Intake from Neutral Zone","None","10","None","Intake from Neutral Zone","Score","20","None","Intake from Neutral Zone","None","20","None","Score","None","40","None","Intake from Neutral Zone","None","40","None","Score","None","40","None","Not Attempted","69daa83d6596dd6511f9bff8","01e680de16d37d39a3feb10a132a28923c8723bbcc9766886e8f57594837efab","","red","2026-04-11T19:59:57.333Z","2026chcmp","2026chcmp_qm78","78","","4","","2","3","","","Last few seconds it shutdown really good for the teleport part.","Snithik","620","2026-04-11T19:59:57.333Z"
"Score","None","30","Hub","Not Attempted","Intake from Neutral Zone","Pass","","None","Pass","None","","None","Score","None","40","None","Intake from Neutral Zone","None","","None","Score","None","20","None","Score","None","30","None","Not Attempted","69daa82b6596dd6511f9bff6","b987c562a468f86bdf848d5648bdb32fbb5b9a0c049c10a007f511992eb1ce9e","","blue","2026-04-11T19:59:39.238Z","2026chcmp","2026chcmp_qm78","78","","4","3","3","3","","","Good passer and shooter.","Nidhish","4472","2026-04-11T19:59:39.643Z"
"Score","None","50","Left Bump","Not Attempted","Score","None","60","None","Score","None","50","None","Score","None","40","None","Score","None","50","None","Score","None","40","None","Score","None","40","None","Not Attempted","69daa8206596dd6511f9bff1","5fbd0268d9381a9db30e8e80603569ab14e234cb28f827ce386c3ccc69c8af52","","red","2026-04-11T19:59:28.332Z","2026chcmp","2026chcmp_qm78","78","","4","","4","3","","","","Arihan","1086","2026-04-11T19:59:28.332Z"
"Score","None","70","Right Trench","Not Attempted","Score","None","100","None","Intake from Neutral Zone","None","","None","Score","None","60","None","Intake from Neutral Zone","None","","None","Score","Score","50","None","Score","None","70","None","Not Attempted","69daa8056596dd6511f9bfe8","2a5519d433589fae538e6cd58049f02506f12527201c3227db40db88fe841b48","","blue","2026-04-11T19:59:01.917Z","2026chcmp","2026chcmp_qm78","78","","4","4","5","4","4","","","lucas","836","2026-04-11T19:59:02.880Z"
"Score","Intake from Neutral Zone","40","Left Trench","Not Attempted","Score","Score","20","None","Pass","Pass","","None","Score","Score","30","None","Score","Intake from Neutral Zone","","None","Score","Score","20","None","Intake from Neutral Zone","Score","30","None","Not Attempted","69daa7ff6596dd6511f9bfe7","099558432b1077258f3fd0c7c458fef8420ce9aec56412bbc926731a3f9a0a62","","blue","2026-04-11T19:58:55.892Z","2026chcmp","2026chcmp_qm78","78","","3","","3","4","","","","Falco Carey","10004","2026-04-11T19:58:55.892Z"
"Score","None","30","Hub","Not Attempted","Intake from Neutral Zone","None","","None","Pass","None","","None","Score","None","30","None","Intake from Neutral Zone","Pass","","None","Score","None","30","None","Score","None","40","None","Not Attempted","69daa70b6596dd6511f9bfa7","8033424005cb9cc7ca47cf61ba0ae427d0b7a3cf0a4aa34c4cbb29a4193f0562","","blue","2026-04-11T19:54:51.402Z","2026chcmp","2026chcmp_qm77","77","","3","4","3","3","","","Great passing, slow slow shooter.","Nidhish","4541","2026-04-11T19:54:51.402Z"
"Idle","Idle","","Hub","Not Attempted","Idle","Idle","","None","Idle","Idle","","None","Idle","Idle","","None","Defense","Defense","","None","Intake from Neutral Zone","Intake from Neutral Zone","","None","Defense","Defense","","None","Not Attempted","69daa6506596dd6511f9bf7a","1f88fc0e202000d1f647aa20d041d490c6366c638589dd3f0f3d914dae3eb81d","","red","2026-04-11T19:51:44.838Z","2026chcmp","2026chcmp_qm77","77","","","","","2","","","","Sai","8590","2026-04-11T19:51:44.838Z"
"Score","None","50","Left Trench","Not Attempted","Score","None","20","None","Intake from Neutral Zone","None","","None","Score","None","30","None","Score","None","30","None","Score","None","30","None","Score","None","20","None","Not Attempted","69daa6416596dd6511f9bf78","2daca6b56b6b508d3e42d358c9c55ea4003b546640f70a770a0522e18abe0884","","red","2026-04-11T19:51:29.363Z","2026chcmp","2026chcmp_qm77","77","","2","","2","3","","","Ben was better.","Arihan","2377","2026-04-11T19:51:29.363Z"
"Score","None","20","Right Trench","Not Attempted","Pass","None","20","None","Pass","Intake from Neutral Zone","20","None","Intake from Neutral Zone","None","20","None","Score","None","20","None","Idle","None","","Light","Score","None","30","None","Not Attempted","69daa6366596dd6511f9bf76","b1c5fa2d91b5460550f3611feab27faa2269baa8fe670be608b48eb8858341c3","","red","2026-04-11T19:51:18.194Z","2026chcmp","2026chcmp_qm77","77","","3","","1","2","","","","Snithik","2890","2026-04-11T19:51:19.335Z"
"Score","None","10","Left Trench","Not Attempted","Defense","None","","None","Defense","None","","None","Defense","None","","None","Defense","None","","None","Defense","None","","None","Defense","None","","None","Not Attempted","69daa60f6596dd6511f9bf70","6f9ab269431c0f2d50043023d5d46a7bc607cd98a62151057a7cfbaac2be6ad9","","blue","2026-04-11T19:50:39.365Z","2026chcmp","2026chcmp_qm77","77","","2","2","","3","","3","","lucas","1719","2026-04-11T19:50:39.365Z"
"Score","None","20","Right Trench","Not Attempted","Intake from Neutral Zone","None","","None","Intake from Neutral Zone","None","","None","Score","None","10","None","Score","None","10","None","Score","None","20","None","Score","None","10","None","Not Attempted","69daa45e6596dd6511f9bf12","6bb49c7f1ab80bbccda8fe6f6009481d330025d1a3eea006b3d84fc53236096e","","red","2026-04-11T19:43:26.273Z","2026chcmp","2026chcmp_qm76","76","","4","","4","3","","","","Arihan","2537","2026-04-11T19:43:26.273Z"
"Idle","None","","Hub","Not Attempted","Intake from Neutral Zone","None","","None","Intake from Neutral Zone","None","","None","Idle","None","","None","Intake from Neutral Zone","None","","None","Idle","None","","None","Score","None","","None","Not Attempted","69daa43c6596dd6511f9bf01","c0293ae23a4a116019f496d2686268dd4711a2c1e1e6db2c4c633852ba429cfe","","red","2026-04-11T19:42:52.990Z","2026chcmp","2026chcmp_qm76","76","","1","","2","1","","","Takes all the balls it can and fails to shoot in the hub it got at most 10 shots total.","Snithik","10224","2026-04-11T19:42:52.990Z"
"Idle","None","","Hub","Not Attempted","Score","None","100","None","Score","None","50","None","Intake from Neutral Zone","None","","None","Score","None","40","None","Intake from Neutral Zone","None","","None","Score","None","30","None","Not Attempted","69daa42f6596dd6511f9befa","e1f32b9dd94b1e1a5d75f678a77aa760a85f5303ce0309530213c720e0175bdd","","blue","2026-04-11T19:42:39.314Z","2026chcmp","2026chcmp_qm76","76","","4","","3","3","","","Average","Nidhish","1389","2026-04-11T19:42:39.450Z"
"Intake from Neutral Zone","Score","60","Left Trench","Not Attempted","Score","Score","100","None","Intake from Neutral Zone","Pass","","None","Score","Score","60","None","Intake from Neutral Zone","Intake from Neutral Zone","","None","Score","Score","60","None","Intake from Neutral Zone","Score","70","None","Not Attempted","69daa42d6596dd6511f9bef9","d7bb7d05b98c6e1abfd6b50b8ad7a5ae74bc1a4fa2ad2bd342f7db7ecbfa7067","","red","2026-04-11T19:42:37.166Z","2026chcmp","2026chcmp_qm76","76","","5","","5","5","","","","Sai","449","2026-04-11T19:42:37.166Z"
"Score","None","40","Left Trench","Not Attempted","Score","None","70","None","Score","None","40","None","Intake from Neutral Zone","None","","None","Score","Score","60","None","Intake from Neutral Zone","None","","None","Score","None","50","None","Not Attempted","69daa4116596dd6511f9bef7","2464a4636be813f4c9eef61a0b49d5b1539eabe934137f45d047ac48ef3173c9","","blue","2026-04-11T19:42:09.534Z","2026chcmp","2026chcmp_qm76","76","","4","3","4","4","","","","lucas","1908","2026-04-11T19:42:09.534Z"
"Intake from Neutral Zone","Score","50","Right Trench","Not Attempted","Score","Intake from Neutral Zone","70","None","Score","Intake from Neutral Zone","40","None","Defense","Pass","","None","Intake from Neutral Zone","Score","20","Light","Defense","Defense","","None","Score","Intake from Neutral Zone","20","None","Not Attempted","69daa40d6596dd6511f9bef6","83b90caa43c78f6ec033e2c81881dc3dcb97496afad339af67b8129735f829fa","","blue","2026-04-11T19:42:05.096Z","2026chcmp","2026chcmp_qm76","76","","2","","3","3","1","2","","Falco Carey","540","2026-04-11T19:42:05.096Z"
"Intake from Neutral Zone","Score","50","Right Trench","Not Attempted","Intake from Neutral Zone","Score","60","None","Intake from Neutral Zone","None","","None","Score","Intake from Neutral Zone","60","None","Pass","Intake from Neutral Zone","60","None","Idle","None","50","None","Idle","None","40","None","Not Attempted","69daa23d6596dd6511f9be8f","6ffd71a50159b28bde588da6f3bbeadda408ad91cff7730cb72968f914826d45","","red","2026-04-11T19:34:21.135Z","2026chcmp","2026chcmp_qm75","75","","4","5","3","4","","","Good but they did an e stop or something for some reason near the end.","Snithik","5549","2026-04-11T19:34:21.135Z"
"Score","None","20","Hub","Not Attempted","Score","None","20","None","Intake from Neutral Zone","None","","None","Score","None","20","None","Intake from Neutral Zone","None","","None","Score","None","10","None","Score","None","10","None","Not Attempted","69daa2216596dd6511f9be76","a3f7ce17358d20a872048be9380db8dc9aaf9a3eda37c4456058dd90ce611ac7","","red","2026-04-11T19:33:53.976Z","2026chcmp","2026chcmp_qm75","75","","3","","3","3","","","","Arihan","11318","2026-04-11T19:33:53.976Z"
"None","None","","Hub","Not Attempted","None","None","","None","None","None","","None","None","None","","None","None","None","","None","None","None","","None","None","None","","None","Not Attempted","69daa2186596dd6511f9be72","8af3489b992b8c0e48b7fbf41c3d171a3aeab9b222e1089422d72c32000790da","","blue","2026-04-11T19:33:44.354Z","2026chcmp","2026chcmp_qm76","76","true","","","","","","","","Nidhish","1389","2026-04-11T19:33:44.354Z"
"Intake from Neutral Zone","Score","20","Left Trench","Not Attempted","Intake from Neutral Zone","None","","None","Score","None","60","None","Intake from Neutral Zone","None","","None","Score","None","30","None","Defense","None","","None","Score","None","40","None","Not Attempted","69daa2176596dd6511f9be71","9b5d341a1f07149bfcbe14b4ad48c63596db8f36e3ddde9fc6e04093029f7572","","blue","2026-04-11T19:33:43.800Z","2026chcmp","2026chcmp_qm75","75","","3","","2","3","","2","Average","Nidhish","1262","2026-04-11T19:33:43.800Z"
"Intake from Neutral Zone","Score","70","Left Trench","Not Attempted","Intake from Neutral Zone","Score","60","None","Intake from Neutral Zone","Pass","","None","Score","Intake from Neutral Zone","60","None","Intake from Neutral Zone","Intake from Neutral Zone","","None","Score","Score","60","None","Score","Score","100","None","Not Attempted","69daa2116596dd6511f9be70","d11500375b8c20720b08a11c6c76a5cd2d1e8df5b44c5333b3f38070cc757167","","red","2026-04-11T19:33:37.923Z","2026chcmp","2026chcmp_qm75","75","","5","5","5","5","","","","Sai","2106","2026-04-11T19:33:37.923Z"
"Score","None","50","Hub","Not Attempted","Idle","None","","None","Intake from Neutral Zone","Score","50","None","Defense","Intake from Neutral Zone","","None","Score","None","40","None","Intake from Neutral Zone","None","","None","Score","Score","50","None","Not Attempted","69daa2016596dd6511f9be6f","ff1c5df6df8d2ae24ff1032cbe0240d137f9f82a6aac7da784183b378aa89645","","blue","2026-04-11T19:33:21.320Z","2026chcmp","2026chcmp_qm75","75","","4","","3","3","","","","lucas","3939","2026-04-11T19:33:21.320Z"
"Idle","Idle","","Left Trench","Not Attempted","Intake from Neutral Zone","Score","10","None","Score","Score","20","None","Intake from Neutral Zone","Intake from Neutral Zone","","None","Score","Score","20","None","Pass","Defense","","None","Idle","Score","10","None","Not Attempted","69daa1f86596dd6511f9be6e","64290e8dcad4e8be82707bbb6eaa066a81073b408883d59e186a34b5ab3fc0e8","","blue","2026-04-11T19:33:12.673Z","2026chcmp","2026chcmp_qm75","75","","2","","3","2","1","1","","Falco Carey","3748","2026-04-11T19:33:12.673Z"
"Intake from Neutral Zone","Score","40","Left Trench","Not Attempted","Intake from Neutral Zone","Score","40","None","Pass","Intake from Neutral Zone","40","None","Score","None","40","None","Intake from Neutral Zone","Pass","40","None","Score","None","50","None","Score","None","70","None","Not Attempted","69daa0996596dd6511f9be1b","a664d7c7912b24672c1e2f553ae6385ad1290816af4a8ef65635824cea19d5e1","","red","2026-04-11T19:27:21.012Z","2026chcmp","2026chcmp_qm74","74","","5","5","5","5","","","Really good double turret and grate passing and intake.","Snithik","1731","2026-04-11T19:27:22.652Z"
"Intake from Neutral Zone","Score","","Right Trench","Not Attempted","Intake from Neutral Zone","None","","None","Score","None","40","None","Intake from Neutral Zone","None","","None","Score","None","50","None","Intake from Neutral Zone","None","","None","Score","None","60","None","Not Attempted","69daa0806596dd6511f9be18","e64647d813f38f4c6327725f8a0b363c6a8538ee8ad09f34978a5d43910bfdfc","","blue","2026-04-11T19:26:56.833Z","2026chcmp","2026chcmp_qm74","74","","4","","3","4","","","Not bad","Nidhish","3136","2026-04-11T19:26:56.891Z"
"Intake from Neutral Zone","Score","40","Hub","Not Attempted","Intake from Neutral Zone","Intake from Neutral Zone","","None","Intake from Neutral Zone","Intake from Neutral Zone","","None","Score","Score","20","None","Intake from Neutral Zone","Intake from Neutral Zone","","None","Score","Score","50","None","Score","Intake from Neutral Zone","50","None","Not Attempted","69daa07d6596dd6511f9be17","192093d75d21a9189dad10972e61e65f5064fd7c4b0f2ea39c929c57e5ce5e93","","red","2026-04-11T19:26:53.954Z","2026chcmp","2026chcmp_qm74","74","","3","","4","4","","","","Sai","619","2026-04-11T19:26:53.954Z"
"Idle","None","","Hub","Not Attempted","Intake from Neutral Zone","None","","None","Defense","Intake from Neutral Zone","","None","Idle","None","","None","Defense","None","","None","Idle","None","","None","Idle","None","","None","Not Attempted","69daa06e6596dd6511f9be15","67dd722a9dc92597085d395b09bd49c1178ea102ddacf5b56c56409daeb810fd","","red","2026-04-11T19:26:38.261Z","2026chcmp","2026chcmp_qm74","74","","","","","4","","3","","Arihan","5724","2026-04-11T19:26:38.261Z"
"Idle","None","","Hub","Not Attempted","Intake from Neutral Zone","None","","None","Score","None","30","None","Score","None","40","None","Intake from Neutral Zone","None","","None","Score","None","30","None","Score","None","50","None","Not Attempted","69daa06c6596dd6511f9be14","bb37d905ae94eae41faf87a68342451bb710135f994fa1b195bd20bcb52894bb","","blue","2026-04-11T19:26:36.343Z","2026chcmp","2026chcmp_qm74","74","","3","","3","4","","","","lucas","2199","2026-04-11T19:26:36.343Z"
"Intake from Neutral Zone","Score","80","Left Trench","Not Attempted","Intake from Neutral Zone","Score","100","None","Score","Intake from Neutral Zone","60","None","Intake from Neutral Zone","Pass","","None","Intake from Neutral Zone","Pass","","None","Pass","Idle","","None","Score","Score","40","None","Not Attempted","69daa0546596dd6511f9be10","ce17f33bc0e71f6d5863554454728bc14fa0cbfe19fe2350223e812aa72ae75f","","blue","2026-04-11T19:26:12.945Z","2026chcmp","2026chcmp_qm74","74","","3","","3","4","","","","Falco Carey","1629","2026-04-11T19:26:12.945Z"
"Idle","None","","Left Bump","Not Attempted","Intake from Neutral Zone","None","","None","Defense","None","","None","Score","None","10","None","Defense","None","","None","Score","None","10","None","Intake from Neutral Zone","None","10","None","Not Attempted","69da9fbd6596dd6511f9bde6","e0dbb496c0a009eb6f625661511709cc9c0ef62910a21aefa71a5c38df1e8e2d","","red","2026-04-11T19:23:41.904Z","2026chcmp","2026chcmp_qm73","73","","2","","2","3","","","","Arihan","2068","2026-04-11T19:23:41.904Z"
"Idle","None","","Left Trench","Not Attempted","Idle","None","","None","Defense","None","","None","Defense","None","","None","Pass","None","","None","Defense","None","","None","Pass","None","","None","Not Attempted","69da9f0d6596dd6511f9bdbc","e2281d7acf47be416e3983b1585b3f7c5c0bd7d5b66d7a2b26086aff8c22ee6c","","red","2026-04-11T19:20:45.227Z","2026chcmp","2026chcmp_qm73","73","","1","2","","1","","1","Their defense was horrible the only good thing they did was get stuck stop newton for like a second.","Snithik","3258","2026-04-11T19:20:46.035Z"
"Idle","None","","Left Trench","Not Attempted","Idle","None","","None","Idle","None","","None","Idle","None","","None","Idle","None","","None","Idle","Idle","","None","Idle","None","","None","Not Attempted","69da9ecc6596dd6511f9bdb6","45ff5130dda3c459fc38cb196e84862420e7723f2c1f7c067a7393b4a5997427","","blue","2026-04-11T19:19:40.163Z","2026chcmp","2026chcmp_qm73","73","","","","","2","","","","lucas","3361","2026-04-11T19:19:40.163Z"
"Intake from Neutral Zone","Score","10","Hub","Not Attempted","Score","None","50","None","Intake from Neutral Zone","Score","50","None","Intake from Neutral Zone","Pass","","None","Score","None","80","None","Intake from Neutral Zone","Pass","","None","Score","None","70","Moderate","Not Attempted","69da9eb96596dd6511f9bdad","52ead1f8fbbfb356a1d1ca364eea305be1c6e1c2bbd48d23a0e44d962f59fe33","","blue","2026-04-11T19:19:21.700Z","2026chcmp","2026chcmp_qm73","73","","5","3","3","4","","","Big hopper. Good shooter, great strategy.","Nidhish","346","2026-04-11T19:19:21.700Z"
"Intake from Neutral Zone","Score","80","Left Bump","Not Attempted","Intake from Neutral Zone","Score","60","None","Intake from Neutral Zone","Score","70","None","Intake from Neutral Zone","Pass","","None","Score","Score","50","None","Intake from Neutral Zone","Pass","","None","Score","Score","30","None","Not Attempted","69da9ea06596dd6511f9bd9c","8ca432aee0b37c0a37af19dd9d38b463ec2851ee692cdcc1d1437315ebb7c920","","blue","2026-04-11T19:18:56.760Z","2026chcmp","2026chcmp_qm73","73","","3","4","4","4","","","","Falco Carey","8592","2026-04-11T19:18:56.760Z"
"Intake from Neutral Zone","Score","30","Hub","Not Attempted","Intake from Neutral Zone","Intake from Neutral Zone","","None","Intake from Neutral Zone","Intake from Neutral Zone","","None","Score","Score","70","None","Intake from Neutral Zone","Intake from Neutral Zone","","None","Score","Score","60","None","Score","Score","30","None","Not Attempted","69da9e966596dd6511f9bd98","5e4c7b0706402f9936e3655816feef3f7fa233520b92061fd5a8f1d8bd1b0298","","red","2026-04-11T19:18:46.268Z","2026chcmp","2026chcmp_qm73","73","","","","","3","","","","Sai","888","2026-04-11T19:18:46.268Z"
"Score","None","10","Right Bump","Not Attempted","Score","None","30","None","Score","None","40","None","Intake from Neutral Zone","None","","None","Score","None","50","None","Score","None","20","None","Score","None","20","None","Not Attempted","69da9dfe6596dd6511f9bd7c","31fc8ecde0326ba647244e81ffc9d57fb66e7abc97b1a9d31350565fff4dac1c","","red","2026-04-11T19:16:14.445Z","2026chcmp","2026chcmp_qm72","72","","3","","3","3","","","","Arihan","5243","2026-04-11T19:16:14.445Z"
"Intake from Neutral Zone","Score","20","Left Trench","Not Attempted","Idle","None","","None","Intake from Neutral Zone","Defense","","None","Defense","Pass","","None","Defense","None","","None","Defense","None","","None","Defense","None","","None","Not Attempted","69da9d256596dd6511f9bd48","71fdcab77e8137f0c423853b02db0d0fa5ea3da6f54edc8e4fecadf353480458","","red","2026-04-11T19:12:37.864Z","2026chcmp","2026chcmp_qm72","72","","1","3","1","4","","5","Great defense and passing trapped tiger bots permanently in the red alienate. ","Snithik","5804","2026-04-11T19:12:37.864Z"
"Idle","Idle","","Hub","Not Attempted","Score","Score","","None","Defense","Defense","","None","Defense","Defense","","None","Defense","Defense","","None","Defense","Defense","","None","Defense","Defense","","None","Not Attempted","69da9cf26596dd6511f9bd44","72c1d771bf72440ca816eb7fdc8e0e7fe3c3db64130fb167a82d5dafc9f062f4","","red","2026-04-11T19:11:46.836Z","2026chcmp","2026chcmp_qm72","72","","","","","2","","2","","Sai","10679","2026-04-11T19:11:46.836Z"
"Score","None","","Hub","Not Attempted","Idle","None","","None","Intake from Neutral Zone","None","","None","Defense","None","","None","Defense","None","","None","Defense","None","","None","Pass","None","","None","Not Attempted","69da9cee6596dd6511f9bd43","375825a41adac8a19ee4576723daa20b2e3f89046d14eced2c6efb1b6bb98feb","","blue","2026-04-11T19:11:42.106Z","2026chcmp","2026chcmp_qm72","72","","","4","","3","","3","Great passing and good defence.","Nidhish","11425","2026-04-11T19:11:42.106Z"
"Score","None","50","Left Trench","Not Attempted","Intake from Neutral Zone","None","","None","Intake from Neutral Zone","None","","Heavy","Score","None","80","Light","Intake from Neutral Zone","None","","Heavy","Intake from Neutral Zone","None","","Heavy","Intake from Neutral Zone","None","","None","Not Attempted","69da9ce86596dd6511f9bd42","efe13897624b77b4a613e87bc34b7fe296beb57c54f65891bea9ff7ebdd963b4","","blue","2026-04-11T19:11:36.022Z","2026chcmp","2026chcmp_qm72","72","","3","","3","3","2","","torch blocked tigerbots into the blue zone for half the match","lucas","9072","2026-04-11T19:11:36.022Z"
"Intake from Neutral Zone","Score","40","Right Trench","Not Attempted","Intake from Neutral Zone","Score","100","None","Intake from Neutral Zone","Pass","","None","Score","Score","50","None","Intake from Neutral Zone","Pass","","None","Score","Score","100","Light","Score","Score","100","None","Not Attempted","69da9cdf6596dd6511f9bd40","865e3741af1b0d5a892292ae99784de5d9b69cc61612efb663702f269d44fbfc","","blue","2026-04-11T19:11:27.573Z","2026chcmp","2026chcmp_qm72","72","","5","5","4","5","3","","","Falco Carey","836","2026-04-11T19:11:27.573Z"
"Score","Idle","10","Right Trench","Not Attempted","Idle","None","","None","Defense","Idle","","None","Defense","None","","None","Defense","None","","None","Pass","None","","None","Idle","None","","None","Not Attempted","69da9af46596dd6511f9bcd3","22cbc3ab49ecd3fac761df2b6d03444fdea01bb720a88ff63aa8672638563c26","","red","2026-04-11T19:03:16.835Z","2026chcmp","2026chcmp_qm71","71","","1","1","","1","","2","Bumpers were falling after their attempt to defend.","Snithik","1719","2026-04-11T19:03:16.835Z"
"Intake from Neutral Zone","Score","60","Left Trench","Not Attempted","Score","Pass","100","None","Intake from Neutral Zone","Pass","","None","Score","None","50","None","Intake from Neutral Zone","None","","None","Score","None","80","None","Score","None","80","None","Not Attempted","69da9ae76596dd6511f9bcd2","8225de02adad0a532d59374ebe07e2caa6f3133a068aa9c5180720a54cab1bb0","","blue","2026-04-11T19:03:03.742Z","2026chcmp","2026chcmp_qm71","71","","4","2","3","4","","","Gread shooter.","Nidhish","4472","2026-04-11T19:03:03.742Z"
"Score","None","30","Right Trench","Not Attempted","Score","None","30","None","Score","None","30","None","Defense","None","","None","Score","None","30","None","Defense","None","","None","Score","None","30","None","Not Attempted","69da9ad96596dd6511f9bcd0","46de9199446118f4ec0c6570e9f269eca70fad7e1bf28248153e0f5b4830acda","","red","2026-04-11T19:02:49.122Z","2026chcmp","2026chcmp_qm71","71","","3","","3","4","","4","","Arihan","9033","2026-04-11T19:02:49.122Z"
"Intake from Neutral Zone","Score","20","Left Trench","Not Attempted","Score","Score","100","None","Score","Score","60","None","Intake from Neutral Zone","Pass","","None","Score","Score","60","None","Intake from Neutral Zone","Intake from Neutral Zone","","None","Score","Score","","None","Not Attempted","69da9ad76596dd6511f9bcce","8ff4012e2a2d2f422083164ae2093b75d10b635a6aa51722fbb5734a67ceefdf","","red","2026-04-11T19:02:47.472Z","2026chcmp","2026chcmp_qm71","71","","","","","3","","","Shooter broke ","Sai","10004","2026-04-11T19:02:47.472Z"
"Score","None","","Hub","Not Attempted","Pass","None","","None","Pass","None","","None","Defense","None","","None","Defense","Pass","","None","Pass","None","","None","Idle","None","","None","Not Attempted","69da9ad26596dd6511f9bccc","316bb661884ccd9af015c50d92ee099516b6052e4604a80860f7e503a129db23","","blue","2026-04-11T19:02:42.015Z","2026chcmp","2026chcmp_qm71","71","","","3","","4","","4","Brown out at end","lucas","1111","2026-04-11T19:02:42.015Z"
"Score","Score","10","Right Trench","Not Attempted","Intake from Neutral Zone","Intake from Neutral Zone","","None","Intake from Neutral Zone","Intake from Neutral Zone","","None","Pass","None","","None","Idle","Defense","","None","Pass","Idle","","None","Defense","Defense","","None","Not Attempted","69da9ac36596dd6511f9bccb","b6c80dda2b0e263ea159a15b1e85ebff6efafb9c4a2dc04769d5498e7ef473e7","","blue","2026-04-11T19:02:27.654Z","2026chcmp","2026chcmp_qm71","71","","1","","1","2","","1","","Falco Carey","5587","2026-04-11T19:02:27.654Z"
"Intake from Neutral Zone","Score","40","Hub","Not Attempted","Intake from Neutral Zone","None","","None","Pass","None","","None","Score","None","70","None","Intake from Neutral Zone","None","","None","Score","None","80","None","Score","None","80","None","Not Attempted","69da99de6596dd6511f9bca0","2f3211ab31f23b4cc80a95891a0d22a92682492153ea1074e8113730637c23f6","","blue","2026-04-11T18:58:38.119Z","2026chcmp","2026chcmp_qm70","70","","5","4","3","4","","","👍","Nidhish","1086","2026-04-11T18:58:38.119Z"
"Score","None","80","Right Trench","Not Attempted","Intake from Neutral Zone","None","","None","Score","None","60","None","Intake from Neutral Zone","None","","None","Score","None","60","None","Defense","None","","None","Score","None","60","None","Not Attempted","69da99856596dd6511f9bc7e","e470e57b8e818dea37796bd7a142b0985bb4f95fe1304450b90f927158b95952","","red","2026-04-11T18:57:09.477Z","2026chcmp","2026chcmp_qm70","70","","4","4","","3","","","","Arihan","614","2026-04-11T18:57:09.477Z"
"Intake from Neutral Zone","Score","30","Left Trench","Not Attempted","Intake from Neutral Zone","None","30","None","Score","Intake from Neutral Zone","50","None","Idle","Intake from Neutral Zone","40","None","Idle","None","30","None","Idle","None","30","None","Idle","None","30","None","Not Attempted","69da99306596dd6511f9bc73","ca14ba3e8494893372670c7bedcff2c6b5e73f22ca549f78fbb51871a2af652f","","red","2026-04-11T18:55:44.214Z","2026chcmp","2026chcmp_qm70","70","","4","","3","3","","","Their robot died it was good for the first part.","Snithik","2377","2026-04-11T18:55:44.214Z"
"Score","Score","20","Hub","L1 Attempted","Intake from Neutral Zone","Defense","","Moderate","Score","Score","10","None","Intake from Neutral Zone","Intake from Neutral Zone","","None","Intake from Neutral Zone","Pass","","None","Score","Score","30","None","Pass","Score","20","None","L1 Attempted","69da990f6596dd6511f9bc66","f496569e11ed098b574e8b3094e7edb9cefdb08f156fdfa93d72bf176e269b04","","blue","2026-04-11T18:55:11.114Z","2026chcmp","2026chcmp_qm70","70","","3","4","3","3","","","climbed twice successfully, good robot but slow","Falco Carey","2890","2026-04-11T18:55:11.114Z"
"Intake from Neutral Zone","Idle","","Hub","Not Attempted","Intake from Neutral Zone","Intake from Neutral Zone","","None","Score","Score","20","None","Intake from Neutral Zone","Intake from Neutral Zone","","None","Score","Score","30","None","Intake from Neutral Zone","Intake from Neutral Zone","","None","Score","Score","20","None","Not Attempted","69da99046596dd6511f9bc61","30cc5926c03b2b3730235c889e296832273f82a073f6f6f388ad8321a4e2fe88","","red","2026-04-11T18:55:00.693Z","2026chcmp","2026chcmp_qm70","70","","","","","2","","","","Sai","1389","2026-04-11T18:55:00.693Z"
"Intake from Neutral Zone","Score","30","Left Trench","Not Attempted","Score","None","100","None","Intake from Neutral Zone","Pass","","None","Score","None","70","None","Pass","Intake from Neutral Zone","","None","Score","None","100","None","Intake from Neutral Zone","Score","100","None","Not Attempted","69da98f26596dd6511f9bc59","40d072b9b26e8b7a4e1d785f5bb0acc12b78fcde38db915405e4ddf7c2197883","","blue","2026-04-11T18:54:42.853Z","2026chcmp","2026chcmp_qm69","69","","5","5","4","3","","","Amazing shooter and strategy. Great passing.","Nidhish","1908","2026-04-11T18:54:42.853Z"
"Intake from Neutral Zone","None","40","Left Trench","Not Attempted","Score","None","100","None","Intake from Neutral Zone","Pass","","None","Idle","None","","None","Idle","None","","None","Idle","None","","None","Idle","None","","None","Not Attempted","69da98f06596dd6511f9bc58","a6885dc63fa4a86c0cd904ff7946fa7f92b686ecc1103d884e725e9fdea53e5f","","blue","2026-04-11T18:54:40.860Z","2026chcmp","2026chcmp_qm70","70","","4","4","3","4","","","DCed and never came back","lucas","401","2026-04-11T18:54:40.860Z"
"Idle","None","","Left Trench","Not Attempted","Pass","None","","None","Intake from Neutral Zone","Score","40","None","Intake from Neutral Zone","None","40","None","Score","None","40","None","Pass","Defense","30","None","Pass","None","30","None","Not Attempted","69da977f6596dd6511f9bc01","b203203764ff27b4ae31a86d673d7f69b5655e8ce18060289749ca62cddd9577","","red","2026-04-11T18:48:31.694Z","2026chcmp","2026chcmp_qm69","69","","4","","2","4","","","Intake breaks very easily and then all it can do is pass.","Snithik","422","2026-04-11T18:48:31.694Z"
"Idle","Idle","","Hub","Not Attempted","Idle","Idle","","None","Idle","Idle","","None","Idle","Idle","","None","Idle","Idle","","None","Idle","Idle","","None","Idle","Idle","","None","Not Attempted","69da977d6596dd6511f9bbff","2e20f08056fc51979b2b6e84a3d194a1f4c76bfeeb0afb97dcdf655f7524c6df","","red","2026-04-11T18:48:29.008Z","2026chcmp","2026chcmp_qm69","69","","","","","1","","","Terrible","Sai","1895","2026-04-11T18:48:29.008Z"
"Score","None","40","Hub","Not Attempted","Intake from Neutral Zone","Intake from Neutral Zone","","None","Intake from Neutral Zone","Pass","","None","Score","Score","10","None","Intake from Neutral Zone","Intake from Neutral Zone","","None","Pass","Pass","","None","Intake from Neutral Zone","Pass","","None","Not Attempted","69da97416596dd6511f9bbfa","a58c33e7c3ede9c46642e214466086fa603ab2a597afdd0d2b54f7fbfd062043","","blue","2026-04-11T18:47:29.264Z","2026chcmp","2026chcmp_qm69","69","","2","3","3","3","","1","","Falco Carey","10224","2026-04-11T18:47:29.264Z"
"Intake from Neutral Zone","Score","20","Right Trench","Not Attempted","Intake from Neutral Zone","None","","None","Pass","None","20","None","Score","Intake from Neutral Zone","20","None","Score","None","30","None","Score","Intake from Neutral Zone","30","None","Score","Intake from Neutral Zone","10","None","Not Attempted","69da973b6596dd6511f9bbf9","a618b6f0b278634c7893b31f57107167a4cfd3d440e87eef6d55512b38a1d891","","blue","2026-04-11T18:47:23.716Z","2026chcmp","2026chcmp_qm69","69","","2","3","3","3","","","","lucas","3748","2026-04-11T18:47:23.716Z"
"Idle","None","","Right Trench","Not Attempted","Idle","None","","None","Score","None","20","None","Intake from Neutral Zone","None","","None","Score","None","20","None","Intake from Neutral Zone","None","","None","Score","None","20","None","Not Attempted","69da970a6596dd6511f9bbf3","db4547d1d10ff4d3fe834c4286bb1c9a3b0c6ca65f19707fe1428184be931bfd","","red","2026-04-11T18:46:34.698Z","2026chcmp","2026chcmp_qm69","69","","3","","3","3","","","Ok","Arihan","3939","2026-04-11T18:46:34.717Z"
"Idle","None","","Hub","Not Attempted","Intake from Neutral Zone","None","","None","Intake from Neutral Zone","None","","None","Pass","Score","10","None","Intake from Neutral Zone","None","10","None","Pass","Intake from Neutral Zone","","None","Defense","Score","","None","Not Attempted","69da95666596dd6511f9bb87","e488f6c7d7800ad1ef58b8bcd8909a8a017cf9d30a5b2356f04c9a2add133aa1","","red","2026-04-11T18:39:34.094Z","2026chcmp","2026chcmp_qm68","68","","1","2","1","1","","1","Horrible could shoot but it was very insignificant the only useful thing is did was pass.","Snithik","339","2026-04-11T18:39:34.094Z"
"Intake from Neutral Zone","Score","10","Hub","Not Attempted","Idle","Idle","","None","Intake from Neutral Zone","Intake from Neutral Zone","","None","Score","Score","30","None","Intake from Neutral Zone","Intake from Neutral Zone","","None","Score","Score","30","None","Score","Score","20","None","Not Attempted","69da954e6596dd6511f9bb84","6412f38e71cffed348511e9f00dcbb938d8ba65d552ed1082acc0d30f0243b5d","","red","2026-04-11T18:39:10.896Z","2026chcmp","2026chcmp_qm68","68","","","","","2","","","","Sai","4541","2026-04-11T18:39:10.896Z"
"Intake from Neutral Zone","Score","60","Left Trench","Not Attempted","Score","None","100","None","Score","None","70","None","Intake from Neutral Zone","Pass","","None","Score","None","50","None","Pass","None","","None","Score","Pass","40","None","Not Attempted","69da954d6596dd6511f9bb83","f26b59a9698bb04c3ac75949dd0d38c769c1dabd4e14dff12ee030ebff1a07c8","","blue","2026-04-11T18:39:09.991Z","2026chcmp","2026chcmp_qm68","68","","5","4","4","5","","4","Great shooter, intake, and passing. Good defense and great strategy.","Nidhish","686","2026-04-11T18:39:09.991Z"
"Score","None","80","Hub","Not Attempted","Score","None","80","None","Intake from Neutral Zone","None","","None","Score","None","80","None","Intake from Neutral Zone","None","80","None","Intake from Neutral Zone","None","","None","Score","None","80","None","Not Attempted","69da95346596dd6511f9bb7d","84e121d12b8c5c45cbdc50f10acee7fd6e19dd931b25c1cd92a815675dcf8bb1","","red","2026-04-11T18:38:44.340Z","2026chcmp","2026chcmp_qm68","68","","5","4","5","5","","","Junkyard dogs are good bro.","Arihan","2106","2026-04-11T18:38:44.340Z"
"Intake from Neutral Zone","Score","40","Right Trench","Not Attempted","Intake from Neutral Zone","Intake from Neutral Zone","","None","Pass","Score","20","None","Intake from Neutral Zone","Intake from Neutral Zone","","None","Score","Score","50","None","Score","Intake from Neutral Zone","","None","Score","Score","40","None","Not Attempted","69da951d6596dd6511f9bb79","64afbaabf5428e9b294763115c680f01b062411d408803608082a5d00c9064d9","","blue","2026-04-11T18:38:21.284Z","2026chcmp","2026chcmp_qm68","68","","3","4","4","5","","2","","Falco Carey","2199","2026-04-11T18:38:21.284Z"
"Intake from Neutral Zone","Score","50","Left Trench","Not Attempted","Score","None","100","None","Score","None","80","None","Pass","None","","None","Score","None","60","None","Pass","Intake from Neutral Zone","","None","Score","None","70","None","Not Attempted","69da93ba6596dd6511f9bb2f","52322a9ef29a97e9d8445b316c5812de4adba943b1239d1740faa4f69a25b4ca","","blue","2026-04-11T18:32:26.150Z","2026chcmp","2026chcmp_qm67","67","","4","4","3","3","","","Good shooter and passing. ","Nidhish","1727","2026-04-11T18:32:31.559Z"
"Intake from Neutral Zone","None","","Hub","Not Attempted","Score","None","20","None","Pass","Intake from Neutral Zone","20","None","Score","None","40","None","Intake from Neutral Zone","Pass","40","Light","Score","None","40","None","Intake from Neutral Zone","Idle","40","None","Not Attempted","69da939c6596dd6511f9bb2d","af0350ac0a93369418aadeaf278cb5f60ec768063e51ecd18bcd357b07263e9b","","red","2026-04-11T18:31:56.319Z","2026chcmp","2026chcmp_qm67","67","","4","4","4","4","","","Did well it can pass intake and shoot well at the end it went idle for some reason.","Snithik","5549","2026-04-11T18:31:56.319Z"
"Intake from Neutral Zone","Score","20","Right Trench","Not Attempted","Intake from Neutral Zone","Intake from Neutral Zone","","None","Intake from Neutral Zone","Pass","","None","Score","Score","50","None","Intake from Neutral Zone","Pass","","None","Score","Score","40","None","Score","Score","50","None","Not Attempted","69da937b6596dd6511f9bb25","da96db14ea65a96f424528486183df416ac07639b3fad176f0d9d8ce54070f54","","red","2026-04-11T18:31:23.895Z","2026chcmp","2026chcmp_qm67","67","","4","3","4","3","","","","Sai","1731","2026-04-11T18:31:23.895Z"
"Idle","Idle","","Hub","Not Attempted","Score","Score","10","None","Pass","Pass","","None","Pass","Pass","","None","Defense","Pass","","None","Pass","Defense","","None","Pass","Pass","","None","Not Attempted","69da93746596dd6511f9bb1e","c84c54c9fda1df190d66fec0be61f89d2ecec3220933f756e31870248a3e9d12","","blue","2026-04-11T18:31:16.339Z","2026chcmp","2026chcmp_qm67","67","","1","2","","2","","2","","Falco Carey","5724","2026-04-11T18:31:16.339Z"
"Intake from Neutral Zone","None","","Hub","Not Attempted","Score","None","20","None","Idle","None","","None","Idle","None","","None","Defense","None","","None","Score","None","10","None","Score","None","10","None","Not Attempted","69da93746596dd6511f9bb1d","6573c8fd6b9073abe30daebf07171b00bfac4adc08b78f206e54e99725f86a6d","","red","2026-04-11T18:31:16.149Z","2026chcmp","2026chcmp_qm67","67","","2","","2","4","","","","Arihan","540","2026-04-11T18:31:16.149Z"
"Intake from Neutral Zone","Score","20","Hub","Not Attempted","Intake from Neutral Zone","Score","10","None","Score","None","20","None","Intake from Neutral Zone","None","","None","Idle","Idle","","None","Idle","None","","None","Defense","None","","None","Not Attempted","69da936a6596dd6511f9bb17","ae67dad37812559a3ff7c914319cff57a9d93ea8406f457f194998f3bb584f6b","","blue","2026-04-11T18:31:06.114Z","2026chcmp","2026chcmp_qm68","68","true","2","2","2","3","","3","","lucas","619","2026-04-11T18:38:14.088Z"
"Score","None","40","Right Trench","Not Attempted","Score","None","","None","Score","None","80","Moderate","Intake from Neutral Zone","None","","None","Score","None","50","Heavy","Score","None","70","None","Score","None","50","None","Not Attempted","69da93696596dd6511f9bb16","b5a562f844cd4961ab714e8f9ecc484d2ed167c249b52aecd0226b6a9a41136a","","blue","2026-04-11T18:31:05.778Z","2026chcmp","2026chcmp_qm67","67","","3","","3","4","2","","","lucas","888","2026-04-11T18:31:05.778Z"
"Score","None","20","Hub","Not Attempted","Pass","None","","None","Intake from Neutral Zone","None","","None","Score","None","40","None","Intake from Neutral Zone","None","40","None","Score","None","40","None","Score","None","30","None","Not Attempted","69da92016596dd6511f9bac7","eb7e87adfec5e0788c8e133956d51faf4c9bd73376e2aa90d7e9d4773e945546","","red","2026-04-11T18:25:05.243Z","2026chcmp","2026chcmp_qm66","66","","3","4","3","4","","","Auto was not the best the rest of it went well","Snithik","2537","2026-04-11T18:25:05.243Z"
"Idle","None","","Hub","Not Attempted","Score","None","","None","Score","None","50","None","Defense","None","","None","Score","None","40","None","Intake from Neutral Zone","Defense","","None","Defense","Score","40","None","Not Attempted","69da91fd6596dd6511f9bac3","bc1509db06ddf80abb0262a0cb5a89f499342f60b5311d1c31efb2016836ee37","","blue","2026-04-11T18:25:01.447Z","2026chcmp","2026chcmp_qm66","66","","3","","2","4","","4","Good defence, ik shooter and intake.","Nidhish","8590","2026-04-11T18:25:01.539Z"
"Score","None","50","Hub","Not Attempted","Score","None","30","None","Intake from Neutral Zone","None","","None","Score","None","30","None","Score","None","40","None","Score","None","30","None","Score","None","30","None","Not Attempted","69da91e66596dd6511f9babb","2670a22dc2c110e3b3770ce4a7a250dfb054b428e7363059d47b0feff582f3be","","red","2026-04-11T18:24:38.548Z","2026chcmp","2026chcmp_qm66","66","","4","","4","4","","","","Arihan","346","2026-04-11T18:24:38.548Z"
"Intake from Neutral Zone","Score","60","Hub","Not Attempted","Intake from Neutral Zone","Pass","","None","Intake from Neutral Zone","Pass","","None","Score","Score","60","None","Intake from Neutral Zone","Intake from Neutral Zone","","None","Score","Score","30","None","Score","Score","20","None","Not Attempted","69da91ce6596dd6511f9bab7","a16378ba22925a47cf2ff256647fdec922379c1c4b3716c6591d09d6deda030c","","red","2026-04-11T18:24:14.928Z","2026chcmp","2026chcmp_qm66","66","","","","","3","","","","Sai","3136","2026-04-11T18:24:14.928Z"
"Intake from Neutral Zone","Score","","Right Trench","Not Attempted","Intake from Neutral Zone","Pass","","None","Score","Score","70","Light","Intake from Neutral Zone","Intake from Neutral Zone","","None","Score","Score","30","None","Intake from Neutral Zone","Intake from Neutral Zone","","None","Score","Score","70","None","Not Attempted","69da91c76596dd6511f9bab3","ac3169cd07d17b028ad2a5977b1f64bfd6ce39b69977589cb1eff7f54f55f8f8","","blue","2026-04-11T18:24:07.229Z","2026chcmp","2026chcmp_qm66","66","","2","","4","4","","","need a net on intakr","Falco Carey","1262","2026-04-11T18:24:07.229Z"
"Idle","None","","Left Trench","Not Attempted","Pass","None","","None","Pass","None","","None","Pass","None","","None","Pass","None","","None","Pass","Pass","","None","Pass","None","","None","Not Attempted","69da91bf6596dd6511f9bab1","a5ff555caba00b7f9bd44b87f0632f30640e3b9b172aa623973f713081a8690a","","blue","2026-04-11T18:23:59.977Z","2026chcmp","2026chcmp_qm66","66","","","4","","4","","3","Fed hp all match","lucas","2421","2026-04-11T18:23:59.977Z"
"Score","None","30","Hub","Not Attempted","Idle","None","","None","Idle","None","","None","Intake from Neutral Zone","None","","None","Score","None","70","None","Intake from Neutral Zone","None","","None","Score","None","70","None","Not Attempted","69da91456596dd6511f9ba94","76b82a502edc84183819120020a60f7021161bd803acfb4b522dddfd041a63f7","","red","2026-04-11T18:21:57.749Z","2026chcmp","2026chcmp_qm65","65","","3","","3","3","","","","Arihan","620","2026-04-11T18:21:57.749Z"
"Intake from Neutral Zone","Score","60","Hub","Not Attempted","Intake from Neutral Zone","Score","60","None","Pass","None","","None","Score","None","50","None","Pass","Intake from Neutral Zone","","None","Score","None","30","None","Score","None","30","None","Not Attempted","69da90426596dd6511f9ba59","224d9713ee1c7864a167022135a424049d2919b744d316fc7026010d0a6bc863","","blue","2026-04-11T18:17:38.131Z","2026chcmp","2026chcmp_qm65","65","","4","5","3","4","","","Great passing and shooter. Mid intake.","Nidhish","5338","2026-04-11T18:17:38.131Z"
"Idle","None","","Left Trench","Not Attempted","Intake from Neutral Zone","None","","None","Intake from Neutral Zone","None","","None","Idle","None","","None","Idle","None","","None","Intake from Neutral Zone","None","","None","Pass","None","","None","Not Attempted","69da90376596dd6511f9ba57","eba5f3e4224ee9271fe985483f98631c45ebede808d5dfc939bff21ec827bf70","","red","2026-04-11T18:17:27.326Z","2026chcmp","2026chcmp_qm65","65","","1","","2","1","","","Can only shoot really high but it never gets in to the hub.","Snithik","3361","2026-04-11T18:17:27.326Z"
"Idle","Idle","","Hub","Not Attempted","Idle","Idle","","None","Idle","Idle","","None","Defense","Defense","","None","Defense","Defense","","None","Defense","Defense","","None","Idle","Idle","","None","Not Attempted","69da901b6596dd6511f9ba50","bf196e3f3d3bffee22fd8d161673d809ad78fecc877cf7e440ce6f9a1d62390e","","red","2026-04-11T18:16:59.232Z","2026chcmp","2026chcmp_qm65","65","","","","","1","","","Sucks ","Sai","3258","2026-04-11T18:16:59.232Z"
"Score","Score","20","Hub","Not Attempted","Intake from Neutral Zone","Intake from Neutral Zone","","None","Idle","Idle","","None","Score","Score","30","None","Intake from Neutral Zone","Intake from Neutral Zone","","None","Score","Pass","10","None","Intake from Neutral Zone","Score","20","None","Not Attempted","69da90166596dd6511f9ba4e","5554f2e96d35c613532e231c1817fa4f40e088ef243772980ed9a2a2ecafca25","","blue","2026-04-11T18:16:54.174Z","2026chcmp","2026chcmp_qm65","65","","3","","4","4","","","","Falco Carey","122","2026-04-11T18:16:54.174Z"
"Score","None","40","Left Trench","Not Attempted","Score","None","70","None","Score","Pass","","None","Score","None","50","None","Intake from Neutral Zone","Intake from Neutral Zone","","None","Score","None","50","None","Score","Intake from Neutral Zone","60","None","Not Attempted","69da90146596dd6511f9ba4d","067b96068ddab4e44acdd65dee8e759a9e129565bddbc75078030b72bc572898","","blue","2026-04-11T18:16:52.165Z","2026chcmp","2026chcmp_qm65","65","","5","3","4","5","3","","","lucas","449","2026-04-11T18:16:52.165Z"
"Idle","None","","Right Bump","Not Attempted","Intake from Neutral Zone","None","","None","Score","Intake from Neutral Zone","100","None","Pass","None","","None","Score","None","70","None","Pass","None","","None","Score","None","80","None","Not Attempted","69da8ea06596dd6511f9b9f1","1bd335c8fbc09add7c185aa8b5387c14075c3770a62bbe27384554d98d4f4619","","blue","2026-04-11T18:10:40.654Z","2026chcmp","2026chcmp_qm64","64","","5","5","4","4","","","Amazing, carried the team. ","Nidhish","8592","2026-04-11T18:10:41.435Z"
"Score","None","40","Right Trench","Not Attempted","Score","None","30","None","Intake from Neutral Zone","None","30","None","Score","None","40","None","Intake from Neutral Zone","None","","None","Score","None","40","None","Score","None","30","None","Not Attempted","69da8e796596dd6511f9b9e2","7188234724e96e0dd49e2c0e109716b9720b2a064c1dcefa5cfa1785939b61f0","","red","2026-04-11T18:10:01.012Z","2026chcmp","2026chcmp_qm64","64","","4","","3","3","","","","Arihan","11415","2026-04-11T18:10:01.012Z"
"Score","Intake from Neutral Zone","40","Right Bump","Not Attempted","Intake from Neutral Zone","None","40","None","Intake from Neutral Zone","None","40","None","Score","None","40","None","Intake from Neutral Zone","None","40","None","Score","Intake from Neutral Zone","40","None","Intake from Neutral Zone","Score","30","None","Not Attempted","69da8e776596dd6511f9b9e1","69f2d6a46aba4374263caf82da44925e3662dd9fa710aa29903c36c2b5f5ee6c","","red","2026-04-11T18:09:59.579Z","2026chcmp","2026chcmp_qm64","64","","4","","4","4","","","Good they are good but can’t shoot when their under the tower or it hits the tower.","Snithik","1629","2026-04-11T18:09:59.579Z"
"Intake from Neutral Zone","Score","50","Hub","Not Attempted","Intake from Neutral Zone","Score","50","None","Intake from Neutral Zone","Intake from Neutral Zone","","None","Score","Score","40","None","Intake from Neutral Zone","Intake from Neutral Zone","","None","Score","Score","40","None","Intake from Neutral Zone","Score","30","None","Not Attempted","69da8e4f6596dd6511f9b9d4","dd3d0a32700fd32a50ad90ca9b0fa7f8738817b4bdb803c8652c5430f73e9d6e","","red","2026-04-11T18:09:19.010Z","2026chcmp","2026chcmp_qm64","64","","5","","4","4","","","","Sai","4099","2026-04-11T18:09:19.010Z"
"Score","Score","40","Left Bump","Not Attempted","Intake from Neutral Zone","Idle","","None","Score","Score","50","None","Defense","Pass","","None","Score","Score","20","None","Defense","Defense","","None","Score","Score","10","None","Not Attempted","69da8e2e6596dd6511f9b9cd","edc92f785c24ffa1c7faa483987966d33e0564dd02c9877e366a99b2c9602820","","blue","2026-04-11T18:08:46.051Z","2026chcmp","2026chcmp_qm64","64","","1","","2","3","","3","","Falco Carey","2068","2026-04-11T18:08:46.051Z"
"Score","None","10","Hub","Not Attempted","Defense","Defense","","None","Defense","Defense","","None","Defense","Defense","","None","Defense","None","","None","Defense","Defense","","None","Pass","Defense","","None","Not Attempted","69da8e266596dd6511f9b9cc","a7e1b5bedcc0583400a714fc497a2ee1cd283ef23f4a845ed0cddbbe464d3661","","blue","2026-04-11T18:08:38.135Z","2026chcmp","2026chcmp_qm64","64","","","1","","2","","2","","lucas","11318","2026-04-11T18:08:38.135Z"
"Score","None","90","Hub","Not Attempted","Intake from Neutral Zone","None","","None","Pass","None","","None","Score","None","40","None","Defense","None","","None","Score","None","60","None","Intake from Neutral Zone","Score","60","None","Not Attempted","69da8cf46596dd6511f9b985","ffb14905cc6379448e52d44bd85a9b2cfbcb3910e24fa21b6e5e5919760da8e0","","blue","2026-04-11T18:03:32.517Z","2026chcmp","2026chcmp_qm63","63","","4","4","3","3","","2","Above average. Great shooter. Ok intake.","Nidhish","3939","2026-04-11T18:03:32.554Z"
"Intake from Neutral Zone","None","","Left Trench","Not Attempted","Idle","None","","None","Score","None","30","None","Intake from Neutral Zone","Pass","30","None","Score","None","40","None","Intake from Neutral Zone","None","","None","Score","None","40","None","Not Attempted","69da8c9f6596dd6511f9b97d","ffaf99854086690a9eda18d99105ae3815ef865fe43ad3c0c0d00519b1c92e2b","","red","2026-04-11T18:02:07.911Z","2026chcmp","2026chcmp_qm63","63","","3","","3","3","","","Did a lot compared to the rest of it’s teammates.","Snithik","9033","2026-04-11T18:02:08.032Z"
"Idle","None","","Hub","Not Attempted","Intake from Neutral Zone","None","","None","Score","None","20","None","Intake from Neutral Zone","None","","None","Score","None","20","None","Intake from Neutral Zone","None","","None","Score","None","20","None","Not Attempted","69da8c8d6596dd6511f9b97a","567f2c78ce6b777d84af4c6b14fae98b182b56d18e57f4b7f9eb7e7e6b8087fb","","red","2026-04-11T18:01:48.996Z","2026chcmp","2026chcmp_qm63","63","","3","","2","3","","","","Arihan","1895","2026-04-11T18:01:48.996Z"
"Intake from Neutral Zone","Score","","Right Trench","Not Attempted","Score","Intake from Neutral Zone","","None","Intake from Neutral Zone","Pass","","None","Score","Intake from Neutral Zone","30","None","Intake from Neutral Zone","Pass","","None","Score","Score","10","None","Idle","Intake from Neutral Zone","","None","Not Attempted","69da8c3a6596dd6511f9b963","8f7194c67c556d452cac16f31ce190cb6a47f41f62fb7366009e00d20a24bc2b","","blue","2026-04-11T18:00:26.749Z","2026chcmp","2026chcmp_qm63","63","","2","3","3","2","","1","","Falco Carey","10004","2026-04-11T18:00:26.749Z"
"Intake from Neutral Zone","Idle","","Right Bump","Not Attempted","Intake from Neutral Zone","Intake from Neutral Zone","","None","Score","Score","20","None","Idle","Idle","","None","Idle","Idle","","None","Idle","Idle","","None","Idle","Idle","","None","Not Attempted","69da8bf66596dd6511f9b958","0308a1ec7e78edbaf615da0c1a402387d55d6f4476577ffe9588c0bb911d7e73","","red","2026-04-11T17:59:18.213Z","2026chcmp","2026chcmp_qm63","63","","","","","1","","","Shut downed ","Sai","5804","2026-04-11T17:59:18.213Z"
"Intake from Neutral Zone","Score","70","Right Trench","Not Attempted","Score","None","50","None","Pass","Score","50","None","Intake from Neutral Zone","Pass","","None","Score","None","80","None","Pass","None","","Moderate","Score","None","70","None","Not Attempted","69da8aec6596dd6511f9b8d3","062961278fbaf687f837c1a8e11ad7f82a93a47918fb6f77b36ed32fd1c23443","","blue","2026-04-11T17:54:52.011Z","2026chcmp","2026chcmp_qm62","62","","5","4","4","4","3","","Amazing robot. Amazing shooter. Amazing intake. Great strategy.","Nidhish","1908","2026-04-11T17:54:52.117Z"
"Score","None","60","Right Bump","Not Attempted","Score","None","70","None","Intake from Neutral Zone","None","70","None","Score","None","60","None","Intake from Neutral Zone","None","60","None","Score","None","50","None","Score","None","50","None","Not Attempted","69da8a6f6596dd6511f9b8c3","b4b93d464c701c988f8d001f2f8287f9b30fdbf1cfe36068b21e94e792b0fee5","","red","2026-04-11T17:52:47.997Z","2026chcmp","2026chcmp_qm62","62","","4","","4","4","","","","Arihan","2199","2026-04-11T17:52:47.997Z"
"Intake from Neutral Zone","Score","30","Left Bump","Not Attempted","Intake from Neutral Zone","None","30","None","Intake from Neutral Zone","Pass","30","None","Score","None","40","None","Intake from Neutral Zone","None","40","None","Score","None","40","None","Intake from Neutral Zone","Score","40","None","Not Attempted","69da8a676596dd6511f9b8be","a510afcd86a46b17c3b11870586af306b8c252b031a1cc56ba918e6f14f757ed","","red","2026-04-11T17:52:39.040Z","2026chcmp","2026chcmp_qm62","62","","4","4","3","4","","","How it was the every time nothing changed.","Snithik","614","2026-04-11T17:52:39.040Z"
"Intake from Neutral Zone","Score","50","Left Trench","Not Attempted","Score","Intake from Neutral Zone","40","None","Score","Score","30","None","Intake from Neutral Zone","Pass","","None","Score","Score","30","None","Pass","Pass","","None","Score","Score","30","None","Not Attempted","69da8a4d6596dd6511f9b8ad","9baa82751b0976c1ad84154c3b157690792617d4e5066e0ee6e8f4eb75c6bbee","","blue","2026-04-11T17:52:13.189Z","2026chcmp","2026chcmp_qm62","62","","3","4","4","3","","1","","Falco Carey","4472","2026-04-11T17:52:13.189Z"
"Score","None","","Hub","Not Attempted","Pass","None","","None","Defense","None","","None","Defense","Pass","","None","Defense","Pass","","None","Pass","Defense","","None","Pass","Defense","","None","Not Attempted","69da8a366596dd6511f9b8a1","b11a5c52d7a318b6551a7b2ca4d8b498a632b950fa056b0f88665109b884209c","","blue","2026-04-11T17:51:50.438Z","2026chcmp","2026chcmp_qm62","62","","1","2","","3","","3","","lucas","1719","2026-04-11T17:51:50.438Z"
"Score","Score","10","Hub","Not Attempted","Intake from Neutral Zone","Pass","","None","Intake from Neutral Zone","None","","None","Intake from Neutral Zone","Intake from Neutral Zone","","None","Defense","Defense","","None","Idle","None","","None","Defense","Idle","","None","Not Attempted","69da8a326596dd6511f9b89d","99c716ae1c282ee1fd1967a557116c7bd8139ed95455954fe3a9eedcda5de1cd","","red","2026-04-11T17:51:46.853Z","2026chcmp","2026chcmp_qm62","62","","","","","2","","","","Sai","339","2026-04-11T17:51:46.853Z"
"Intake from Neutral Zone","Score","40","Right Trench","Not Attempted","Intake from Neutral Zone","Score","30","None","Intake from Neutral Zone","None","","Moderate","Score","None","40","None","Score","None","50","None","Intake from Neutral Zone","None","","None","Score","None","60","None","Not Attempted","69da889a6596dd6511f9b828","6a4170b89fa298580aaced049d8bd772fa3a5561cf127cae9fb7d29c8248b114","","blue","2026-04-11T17:44:58.268Z","2026chcmp","2026chcmp_qm61","61","","5","2","4","4","1","","Amazing shooter and intake. Good strategy.","Nidhish","2106","2026-04-11T17:44:58.268Z"
"Intake from Neutral Zone","None","","Right Trench","Not Attempted","Intake from Neutral Zone","None","","None","Intake from Neutral Zone","Score","20","None","Intake from Neutral Zone","Pass","","None","Score","None","30","Heavy","Intake from Neutral Zone","Pass","","Heavy","Score","Defense","40","Heavy","Not Attempted","69da888c6596dd6511f9b826","8950bd3d7a12b52d823670bef2ae5d09391f61ca64264b2902ba17ff96135fe1","","red","2026-04-11T17:44:44.499Z","2026chcmp","2026chcmp_qm61","61","","4","5","4","4","1","","Can’t do much about getting defended so if you have a good defense they can’t do much.","Snithik","1727","2026-04-11T17:44:44.499Z"
"Idle","None","","Hub","Not Attempted","Idle","None","","None","Idle","None","","None","Idle","None","","None","Idle","None","","None","Idle","None","","None","Idle","None","","None","Not Attempted","69da88766596dd6511f9b825","62b397294c9ea5427c3c6f166f57e9e14ddf35f205802b317df35346577b7757","","red","2026-04-11T17:44:22.414Z","2026chcmp","2026chcmp_qm61","61","","","","1","1","","","Terrible.","Arihan","11425","2026-04-11T17:44:22.414Z"
"Intake from Neutral Zone","Pass","","Left Trench","Not Attempted","Intake from Neutral Zone","Score","40","None","Score","Score","50","None","Intake from Neutral Zone","Intake from Neutral Zone","","None","Score","Score","60","None","Intake from Neutral Zone","Intake from Neutral Zone","","None","Idle","Idle","","None","Not Attempted","69da88606596dd6511f9b822","ffe1e96bb21959309dbbf5208892bb9efb4ca9cb154c7078d96b380d14a6ce29","","red","2026-04-11T17:44:00.692Z","2026chcmp","2026chcmp_qm61","61","","","","","2","","","Shut downed ","Sai","2377","2026-04-11T17:44:00.692Z"
"Idle","Idle","","Hub","Not Attempted","Idle","Score","","None","Defense","Idle","","None","Idle","Defense","","None","Defense","Defense","","None","Defense","Defense","","None","Defense","Pass","","None","Not Attempted","69da88596596dd6511f9b81f","730854b7ef9c415663d594f6f7699c89dab959b420535454eb51694f568acc0a","","blue","2026-04-11T17:43:53.920Z","2026chcmp","2026chcmp_qm61","61","","1","2","","2","","2"," got penalties worth 20 points","Falco Carey","1111","2026-04-11T17:43:53.920Z"
"Score","None","20","Left Trench","Not Attempted","Score","None","100","None","Score","Pass","","None","Score","None","70","None","Score","Pass","","None","Score","None","60","None","Score","Intake from Neutral Zone","50","None","Not Attempted","69da88476596dd6511f9b81e","bc4925fcf4be34947705ae8726cb413d86b1db6f62ea3dfb86edf6a4c26eebbb","","blue","2026-04-11T17:43:35.793Z","2026chcmp","2026chcmp_qm61","61","","5","4","5","5","3","","Wastes almost no time on anything","lucas","422","2026-04-11T17:43:35.793Z"
"Intake from Neutral Zone","Score","50","Left Trench","Not Attempted","Score","None","90","None","Intake from Neutral Zone","Pass","","None","Score","None","50","None","Intake from Neutral Zone","Pass","","None","Score","None","50","None","Score","Intake from Neutral Zone","50","None","Not Attempted","69da86956596dd6511f9b7b0","9ee3fff43a42d5baee1961c1f77c6408d670c968394cd3543b67c0f6680bd54a","","blue","2026-04-11T17:36:21.528Z","2026chcmp","2026chcmp_qm60","60","","4","4","3","4","","","👍shooter, 👍passing, mid intake. 👍 strategy.","Nidhish","5549","2026-04-11T17:36:21.528Z"
"Idle","None","","Hub","Not Attempted","Idle","None","","None","Score","None","10","None","Defense","None","","None","Intake from Neutral Zone","None","","Light","Defense","None","","None","Defense","None","","Moderate","Not Attempted","69da86456596dd6511f9b7aa","1828e7511442c178700c7b001e2c918569a95e731f23cca444fac2a86cb0e5ba","","red","2026-04-11T17:35:01.998Z","2026chcmp","2026chcmp_qm60","60","","1","","1","1","1","1","Can be defended very easily defense from it doesn’t do much shooting is slow and if moved will be unable to shoot.","Snithik","8590","2026-04-11T17:35:01.998Z"
"Score","None","50","Left Trench","Not Attempted","Pass","None","","None","Score","None","50","None","Intake from Neutral Zone","None","","None","Score","None","60","None","Intake from Neutral Zone","None","60","None","Score","None","50","None","Not Attempted","69da861c6596dd6511f9b7a3","7baa76431e92e41a309cb01dd13921ef466759ec8840c5e7af12f4d58ee72cf1","","red","2026-04-11T17:34:20.433Z","2026chcmp","2026chcmp_qm60","60","","4","","4","4","","","Pretty good lowk. ","Arihan","401","2026-04-11T17:34:20.433Z"
"Intake from Neutral Zone","Score","40","Right Trench","Not Attempted","Score","Score","20","None","Intake from Neutral Zone","Pass","","None","Score","Score","40","Moderate","Intake from Neutral Zone","Intake from Neutral Zone","","None","Score","Score","40","Light","Intake from Neutral Zone","Score","40","Light","Not Attempted","69da860d6596dd6511f9b796","9801fdab4e68f34d709640d023ca825a19e0ccb1b60e5c1958a0e62f345c1ea5","","blue","2026-04-11T17:34:05.107Z","2026chcmp","2026chcmp_qm60","60","","3","5","4","3","3","","","Falco Carey","619","2026-04-11T17:34:05.107Z"
"Intake from Neutral Zone","Score","10","Right Bump","Not Attempted","Score","Score","10","None","Score","Score","20","None","Intake from Neutral Zone","None","","None","Score","Score","40","None","Intake from Neutral Zone","Intake from Neutral Zone","","None","Score","Score","80","None","Not Attempted","69da860c6596dd6511f9b795","abd525c4c2af69c299647c84cb913bf6f312fc7838bafec82ff0e0bd95f79e56","","red","2026-04-11T17:34:04.862Z","2026chcmp","2026chcmp_qm60","60","","","","","3","","","They are pretty slow and mid ","Sai","1389","2026-04-11T17:34:04.862Z"
"Score","None","10","Hub","Not Attempted","Defense","Score","","None","Defense","Defense","","None","Defense","Defense","","None","Defense","Defense","","None","Defense","Defense","","None","Defense","Defense","","None","Not Attempted","69da85ec6596dd6511f9b78c","8c4243ef650f3ba308c9acb6792776fe107c5dca72caae978724ed55b3ff88af","","blue","2026-04-11T17:33:32.031Z","2026chcmp","2026chcmp_qm60","60","","1","","","2","","2","Slow drivetrain ","lucas","10679","2026-04-11T17:33:32.031Z"
"Intake from Neutral Zone","Score","10","Right Trench","Not Attempted","Intake from Neutral Zone","Score","40","None","Intake from Neutral Zone","Score","40","None","Intake from Neutral Zone","None","","None","Score","Intake from Neutral Zone","50","None","Intake from Neutral Zone","None","","None","Score","None","60","None","Not Attempted","69da84796596dd6511f9b72e","b660d8cf69c480fe7e5d52c8af93eae2dd4095fc2c1daac5d5a172ecc387e1da","","red","2026-04-11T17:27:21.234Z","2026chcmp","2026chcmp_qm59","59","","5","","5","5","","","Really good at the beginning it wasn’t shooting to many and at the end it started getting a lot of balls in fast.","Snithik","686","2026-04-11T17:27:21.234Z"
"Score","None","10","Hub","Not Attempted","Score","None","10","None","Score","None","10","None","Score","None","20","None","Idle","None","10","None","Idle","None","10","None","Idle","None","","None","Not Attempted","69da84676596dd6511f9b72c","99f5c52213511773bab9e094dce88cfa3d60b1ab238b987f1851ef3e9132cac6","","red","2026-04-11T17:27:03.002Z","2026chcmp","2026chcmp_qm59","59","","2","","","2","","","Mid","Arihan","5587","2026-04-11T17:27:03.002Z"
"Idle","None","","Hub","Not Attempted","Intake from Neutral Zone","None","","None","Pass","None","","None","Score","None","10","None","Pass","None","","None","Score","None","10","None","Defense","None","","None","Not Attempted","69da84606596dd6511f9b72b","1f9f4490a68e5333a77c4f800bd0b432730450c83a93d083c200b27a6072db22","","blue","2026-04-11T17:26:56.035Z","2026chcmp","2026chcmp_qm59","59","","1","3","1","2","","1","👎","Nidhish","3361","2026-04-11T17:26:56.035Z"
"Intake from Neutral Zone","Score","","Left Bump","Not Attempted","Intake from Neutral Zone","Score","30","None","Intake from Neutral Zone","Intake from Neutral Zone","","None","Score","Score","50","None","Intake from Neutral Zone","Intake from Neutral Zone","","None","Score","Score","50","None","Score","Score","50","None","Not Attempted","69da84486596dd6511f9b726","1d76c4278b0b1637e8be8d31be51744491dd1263eb7f490c631a1e0ab72bd7fc","","red","2026-04-11T17:26:32.881Z","2026chcmp","2026chcmp_qm59","59","","5","","5","5","","","Auto broke lol","Sai","9072","2026-04-11T17:26:32.881Z"
"Intake from Neutral Zone","Score","40","Right Trench","Not Attempted","Score","Intake from Neutral Zone","40","None","Defense","Defense","","None","Score","Score","50","None","Defense","Defense","","None","Score","Score","30","None","Score","Intake from Neutral Zone","60","None","Not Attempted","69da84356596dd6511f9b724","bd833af40a0900c7f49aeaa9bf61ab3273badbc73d2a1ec309aa342fce88fc77","","blue","2026-04-11T17:26:13.639Z","2026chcmp","2026chcmp_qm59","59","","3","","4","4","","4","locking us down","Falco Carey","540","2026-04-11T17:26:13.639Z"
"Score","None","50","Left Trench","Not Attempted","Score","None","60","None","Intake from Neutral Zone","None","50","None","Score","None","50","None","Intake from Neutral Zone","None","","None","Score","None","60","None","Score","None","60","None","Not Attempted","69da82be6596dd6511f9b6cf","bbe4e08b125f326b9065f42e77f4220bf5efba0bdf2c9a6abf879c65d546418b","","red","2026-04-11T17:19:58.190Z","2026chcmp","2026chcmp_qm58","58","","4","","3","4","","","Pretty good","Arihan","4099","2026-04-11T17:19:58.190Z"
"Score","None","20","Right Bump","Not Attempted","Intake from Neutral Zone","None","","Light","Score","None","30","None","Intake from Neutral Zone","None","30","None","Score","None","30","None","Idle","None","30","None","Score","None","30","None","Not Attempted","69da82ad6596dd6511f9b6cc","ef2f91a6ecce95e37daa2bf7a5b81028e99e1fb5c8f6e6a3de7c4f0a842bb7bf","","red","2026-04-11T17:19:41.282Z","2026chcmp","2026chcmp_qm58","58","","2","","1","2","","","Intake was a hole in their robot it worked but not well and they had a slow turret.","Snithik","5243","2026-04-11T17:19:41.282Z"
"Idle","None","","Hub","Not Attempted","Idle","None","","None","Pass","None","","None","Idle","None","","None","Idle","None","","None","Idle","None","","None","Idle","None","","None","Not Attempted","69da82a46596dd6511f9b6c6","90f223a522f02b013b1a1b62003eed3a94fe2ce01a9871d7681b4aaf56bff0ad","","blue","2026-04-11T17:19:32.546Z","2026chcmp","2026chcmp_qm58","58","","","3","1","4","","","Passed the ball only. ","Nidhish","5724","2026-04-11T17:19:32.546Z"
"Intake from Neutral Zone","Score","80","Right Trench","Not Attempted","Intake from Neutral Zone","Score","70","None","Intake from Neutral Zone","Score","60","None","Intake from Neutral Zone","Intake from Neutral Zone","","None","Score","Intake from Neutral Zone","80","None","Intake from Neutral Zone","Pass","","None","Score","Score","70","None","Not Attempted","69da828f6596dd6511f9b6b4","4654f3cd3e215409e47852fe26edab6562009f7259339b7e1ac8e2dc7d96be79","","blue","2026-04-11T17:19:11.262Z","2026chcmp","2026chcmp_qm58","58","","5","","4","3","","","great shooter","Falco Carey","346","2026-04-11T17:19:11.262Z"
"Score","None","20","Left Trench","Not Attempted","Score","None","","None","Intake from Neutral Zone","None","","Light","Score","None","40","Moderate","Intake from Neutral Zone","Score","","None","Score","None","40","None","Intake from Neutral Zone","None","40","None","Not Attempted","69da82836596dd6511f9b6ab","61989424011215bf85a4bc24ec4e13ed044ec182b05fb749f455288ec4bb8c7f","","blue","2026-04-11T17:18:59.432Z","2026chcmp","2026chcmp_qm59","59","true","3","","3","4","2","","","lucas","1262","2026-04-11T17:26:19.122Z"
"Score","None","50","Left Trench","Not Attempted","Score","None","50","None","Intake from Neutral Zone","None","40","None","Intake from Neutral Zone","None","","None","Score","Intake from Neutral Zone","20","None","Intake from Neutral Zone","None","10","None","Score","None","60","None","Not Attempted","69da82836596dd6511f9b6aa","8df305143d01e9442a36ce8ec562101e44b4ba253ac1a0abd8865b5f9f5d0155","","blue","2026-04-11T17:18:59.071Z","2026chcmp","2026chcmp_qm58","58","","4","","4","4","3","","","lucas","10224","2026-04-11T17:18:59.071Z"
"Intake from Neutral Zone","Score","10","Hub","Not Attempted","Intake from Neutral Zone","Intake from Neutral Zone","","None","Intake from Neutral Zone","Intake from Neutral Zone","","None","Score","Score","10","None","Defense","Defense","","None","Defense","Defense","","None","Defense","Defense","","None","Not Attempted","69da82806596dd6511f9b6a8","81b64b53791b9fff2db3a6836e32923b19c2546515a30f05f1fa70cd3db5821f","","red","2026-04-11T17:18:56.710Z","2026chcmp","2026chcmp_qm58","58","","","","","2","","","","Sai","11318","2026-04-11T17:18:56.710Z"
"Score","None","","Hub","Not Attempted","Intake from Neutral Zone","None","","None","Intake from Neutral Zone","None","","None","Idle","None","","None","Idle","None","","None","Defense","None","","None","Pass","None","","None","Not Attempted","69da81936596dd6511f9b67b","2df3df6e9115983ef40f3008713874af91c1a6f76d78c408f8406615c9295b00","","blue","2026-04-11T17:14:59.743Z","2026chcmp","2026chcmp_qm57","57","","2","3","1","2","","3","Very cluless at times. Bad feeder.","Nidhish","620","2026-04-11T17:14:59.743Z"
"Score","None","70","Left Trench","Not Attempted","Score","None","70","None","Pass","None","70","None","Score","None","70","None","Intake from Neutral Zone","None","","None","Score","None","80","None","Score","None","80","None","Not Attempted","69da80fc6596dd6511f9b651","a0e34edcaebc4e9b3b6236ff7b8eff3bd5561eb86c21d86b6c02721541c0064c","","red","2026-04-11T17:12:28.367Z","2026chcmp","2026chcmp_qm57","57","","4","3","4","3","","","","Arihan","1731","2026-04-11T17:12:28.367Z"
"Intake from Neutral Zone","Score","40","Right Trench","Not Attempted","Score","None","40","None","Intake from Neutral Zone","Pass","40","None","Score","None","40","None","Pass","Intake from Neutral Zone","40","None","Score","Intake from Neutral Zone","40","None","Score","Intake from Neutral Zone","50","None","Not Attempted","69da80f86596dd6511f9b650","fed9dbe84ecb20486252c58de3c4b62fb0b630f55c2d860eb23890284453c783","","red","2026-04-11T17:12:24.253Z","2026chcmp","2026chcmp_qm57","57","","5","5","4","5","","","Really good at everything and with help it is a really good robot.","Snithik","11415","2026-04-11T17:12:24.699Z"
"Intake from Neutral Zone","Score","20","Left Trench","Not Attempted","Score","Idle","80","None","Intake from Neutral Zone","Pass","","None","Pass","Defense","","None","Pass","Pass","","None","Pass","Pass","","None","Pass","Defense","","None","Not Attempted","69da80db6596dd6511f9b64d","9c8235ae97be6b72ce3675bff69c1c196bff75310227794151d78904129391cf","","blue","2026-04-11T17:11:55.448Z","2026chcmp","2026chcmp_qm57","57","","1","3","3","3","1","1","only passed with exception of auto","Falco Carey","2421","2026-04-11T17:11:55.448Z"
"Score","Score","20","Hub","Not Attempted","Intake from Neutral Zone","None","","None","Pass","Pass","","None","Defense","Defense","","None","Defense","Defense","","None","Pass","Pass","","None","Score","Pass","10","None","Not Attempted","69da80c96596dd6511f9b647","8c483a0b95fcb600ce32767e1f757ac572ee395209c673e22627609a0aa9aa59","","red","2026-04-11T17:11:37.848Z","2026chcmp","2026chcmp_qm57","57","","","","","3","","4","Good defense when done but only did for 5 seconds ","Sai","2068","2026-04-11T17:11:37.848Z"
"Score","None","70","Right Trench","L1 Attempted","Score","None","","Moderate","Score","None","","Light","Score","None","","None","Score","None","90","Moderate","Score","Pass","","None","Score","None","100","None","L1 Attempted","69da80c36596dd6511f9b645","20e96d588ed057b11fae92198a767070f7866fbf3279dbaf370152b8471ce5bc","","blue","2026-04-11T17:11:31.626Z","2026chcmp","2026chcmp_qm57","57","","3","","3","4","2","","","lucas","2890","2026-04-11T17:11:31.626Z"
"Intake from Neutral Zone","Score","60","Left Trench","Not Attempted","Score","None","80","None","Intake from Neutral Zone","Score","80","None","Intake from Neutral Zone","Pass","80","None","Score","None","80","None","Intake from Neutral Zone","Pass","80","None","Score","Intake from Neutral Zone","80","None","Not Attempted","69da7f286596dd6511f9b5e8","438791786aae9978926d3acd1f432163eca54b0e6872373cf5207143185b5d58","","red","2026-04-11T17:04:40.887Z","2026chcmp","2026chcmp_qm56","56","","4","4","4","4","","","Only robot on alliance actually shooting.","Snithik","122","2026-04-11T17:04:41.908Z"
"Idle","None","","Hub","Not Attempted","Score","None","70","None","Pass","None","","None","Score","None","50","None","Pass","None","","None","Score","None","50","None","Intake from Neutral Zone","Score","50","None","Not Attempted","69da7f286596dd6511f9b5e6","d153df3888198518e12044882fa919d9dd7089c7973dc06e44f038de41c33cb6","","blue","2026-04-11T17:04:40.082Z","2026chcmp","2026chcmp_qm56","56","","5","4","3","3","","","Great shooter and strategy. ","Nidhish","8592","2026-04-11T17:04:40.082Z"
"Score","None","30","Right Trench","Not Attempted","Score","None","30","None","Score","None","30","None","Score","None","30","None","Score","None","30","None","Score","None","30","None","Score","None","30","None","Not Attempted","69da7ef36596dd6511f9b5cb","17b31dba1a965a3472ca105ffa2f3217d169cf33124ffd5df41583f6253eb55f","","red","2026-04-11T17:03:47.279Z","2026chcmp","2026chcmp_qm56","56","","3","","2","3","","","","Arihan","2537","2026-04-11T17:03:47.623Z"
"Intake from Neutral Zone","Score","50","Left Trench","Not Attempted","Intake from Neutral Zone","Score","40","None","Intake from Neutral Zone","Pass","","None","Score","Score","60","None","Idle","Pass","","None","Score","Score","70","None","Score","Intake from Neutral Zone","60","None","Not Attempted","69da7ef36596dd6511f9b5ca","346172b0d2efa8a3a4a8fd3f0548bc5b5aced695d373b3a18f221d579f28af4f","","blue","2026-04-11T17:03:46.943Z","2026chcmp","2026chcmp_qm56","56","","4","5","5","5","2","","tuff","Falco Carey","836","2026-04-11T17:03:47.048Z"
"Intake from Neutral Zone","Score","40","Hub","Not Attempted","Intake from Neutral Zone","Score","30","None","Score","None","30","None","Intake from Neutral Zone","None","","Moderate","Score","None","30","None","Intake from Neutral Zone","None","40","None","Score","None","40","Heavy","Not Attempted","69da6df06596dd6511f9b167","f85cdfc31047976c7cee150bc354bdd990bdf1b2964d162c411311facfce00cc","","blue","2026-04-11T15:51:12.416Z","2026chcmp","2026chcmp_qm55","55","","4","","4","4","2","","Good shooter. Good intake. Good strategy.","Nidhish","1629","2026-04-11T15:51:12.416Z"
"Intake from Neutral Zone","Score","40","Right Trench","Not Attempted","Intake from Neutral Zone","Score","50","None","Intake from Neutral Zone","Pass","","None","Score","None","50","None","Intake from Neutral Zone","None","","None","Score","None","60","None","Idle","None","60","None","Not Attempted","69da6dd86596dd6511f9b164","86e4aac06fac85314a273a84a31c3857cad0c4cd6262baabd2ef5616e30f4d2d","","red","2026-04-11T15:50:48.146Z","2026chcmp","2026chcmp_qm55","55","","4","4","4","4","","","Ver good overall then at the end game it randomly stoped for some reason.","Snithik","5338","2026-04-11T15:50:48.146Z"
"Intake from Neutral Zone","Idle","","Right Trench","Not Attempted","Pass","Score","60","None","Intake from Neutral Zone","Score","60","None","Intake from Neutral Zone","Pass","","None","Score","Intake from Neutral Zone","80","Light","Intake from Neutral Zone","Defense","","None","Score","Score","70","None","Not Attempted","69da6dbf6596dd6511f9b162","baa63aefe81037ee202fe6f0898ad135fff8ea4d0ea4ff43bb5f557fd25e35a1","","blue","2026-04-11T15:50:23.418Z","2026chcmp","2026chcmp_qm55","55","","5","5","5","4","2","1","auto got stuck and driver crashed few times, toward end drivetrain became jittery probably wiring","Falco Carey","449","2026-04-11T15:50:23.418Z"
"Score","None","10","Hub","Not Attempted","Score","None","10","None","Score","None","20","None","Pass","None","","None","Score","None","10","None","Score","None","","None","Score","None","10","Light","Not Attempted","69da6db56596dd6511f9b161","b7044a2cf4223cd675ee1c48da08b1ae861cfc5e97a7fcc4c770496e8e05b530","","blue","2026-04-11T15:50:13.071Z","2026chcmp","2026chcmp_qm55","55","","2","2","2","3","","","slow shooting, bad accuracy, driver was a bit clueless ","lucas","4541","2026-04-11T15:50:13.071Z"
"Score","Score","30","Left Bump","Not Attempted","Intake from Neutral Zone","Idle","","None","Pass","Defense","","None","Defense","Defense","","None","Defense","Defense","","None","Intake from Neutral Zone","Intake from Neutral Zone","","None","Score","Score","70","None","Not Attempted","69da6daa6596dd6511f9b15d","07b07984daf124e25943b8e2a745c7c46f0e53165de6a7f36ef83bce5b9fa840","","red","2026-04-11T15:50:02.825Z","2026chcmp","2026chcmp_qm55","55","","3","2","","3","","","","Sai","3748","2026-04-11T15:50:02.825Z"
"Idle","None","","Hub","Not Attempted","Pass","None","","None","Pass","None","","None","Pass","None","","None","Pass","None","","None","Pass","None","","None","Pass","None","","None","Not Attempted","69da6c2f6596dd6511f9b0f5","b6e8197f7b646df92e938cb5c3e5bfeebcef4e3f83fa0cd9967348b6b368ba98","","red","2026-04-11T15:43:43.367Z","2026chcmp","2026chcmp_qm54","54","","","3","","3","","","Just pushes balls into alliance zone very slowly.  ","Snithik","11425","2026-04-11T15:43:43.404Z"
"Score","None","30","Hub","Not Attempted","Pass","Intake from Neutral Zone","","None","Pass","None","","None","Score","None","20","None","Intake from Neutral Zone","Pass","","None","Score","None","30","None","Score","None","30","None","Not Attempted","69da6c0b6596dd6511f9b0ec","0e5dd2bc330aa134b0ffd0e835753de0e881451793a97fecdee42b0cbe13dc8c","","blue","2026-04-11T15:43:07.325Z","2026chcmp","2026chcmp_qm54","54","","3","4","2","3","","","Mid robot. Good shooter and great passing. ","Nidhish","3939","2026-04-11T15:44:47.964Z"
"Score","None","30","Left Trench","Not Attempted","Score","None","40","None","Score","None","30","None","Score","None","30","None","Intake from Neutral Zone","None","30","None","Score","None","40","None","Score","None","30","None","Not Attempted","69da6c086596dd6511f9b0e8","1ffb6b077dcc3c0b0946961f9d4822fc4a065bb58af9157314c6cab121ca5f34","","red","2026-04-11T15:43:04.275Z","2026chcmp","2026chcmp_qm55","55","true","4","","4","3","","","","Arihan","888","2026-04-11T15:50:36.149Z"
"Idle","None","","Hub","Not Attempted","Idle","None","","None","Score","None","10","None","Score","None","10","None","Score","None","10","None","Score","None","10","None","Score","None","10","None","Not Attempted","69da6c076596dd6511f9b0e7","cb09378233623758f9aa6f7cd66636c080c29e4b180ddad9decc4ac8846b54dd","","red","2026-04-11T15:43:03.926Z","2026chcmp","2026chcmp_qm54","54","","2","","2","3","","","Pretty bad don't pick.","Arihan","8590","2026-04-11T15:43:03.926Z"
"Intake from Neutral Zone","Score","60","Right Trench","Not Attempted","Intake from Neutral Zone","Score","100","None","Pass","Intake from Neutral Zone","","None","Score","Score","70","None","Intake from Neutral Zone","Pass","","None","Score","Score","60","None","Score","None","70","None","Not Attempted","69da6bf66596dd6511f9b0e1","cbf170350068c2b50d8aa6a7ff8622fd5907133c51eeebd004eea114e2e5c0e2","","blue","2026-04-11T15:42:46.112Z","2026chcmp","2026chcmp_qm54","54","","4","4","4","5","","","","Falco Carey","2199","2026-04-11T15:42:46.112Z"
"Score","Score","","Right Bump","Not Attempted","Idle","Idle","","None","Idle","Idle","","None","Idle","Idle","","None","Idle","Idle","","None","Idle","Idle","","None","Idle","Idle","","None","Not Attempted","69da6b9f6596dd6511f9b0d5","b96b4ed328d77d1f8d065bfb467482d4c1f60db493406c3cf85b2b24eb35d778","","red","2026-04-11T15:41:19.792Z","2026chcmp","2026chcmp_qm54","54","","","","","1","","","Idle the entire match ","Sai","1111","2026-04-11T15:41:19.792Z"
"Intake from Neutral Zone","Score","50","Hub","Not Attempted","Intake from Neutral Zone","Score","80","None","Intake from Neutral Zone","Score","40","Light","Intake from Neutral Zone","None","","None","Score","None","30","None","Intake from Neutral Zone","None","","None","Score","None","40","None","Not Attempted","69da6ade6596dd6511f9b0a4","0e4b4a9bbb7055bcc3417b4bd85746f8b24aeb435b4897974c8263367f2247b0","","blue","2026-04-11T15:38:06.710Z","2026chcmp","2026chcmp_qm53","53","","4","","3","4","","","Good shooter and intake. Great strategy. ","Nidhish","5549","2026-04-11T15:38:06.710Z"
"Intake from Neutral Zone","Score","40","Right Trench","Not Attempted","Intake from Neutral Zone","Score","50","None","Intake from Neutral Zone","Score","50","None","Intake from Neutral Zone","Pass","","None","Score","Score","50","None","Intake from Neutral Zone","Intake from Neutral Zone","","None","Score","Score","30","None","Not Attempted","69da6ac86596dd6511f9b09f","f51032ab81b2f21f2dbac650e4236c92bfd071ae4dc6a6c2e4b0d3379c59a2c3","","red","2026-04-11T15:37:44.689Z","2026chcmp","2026chcmp_qm53","53","","4","","4","4","","","","Sai","540","2026-04-11T15:37:44.689Z"
"Score","None","80","Left Trench","Not Attempted","Score","None","70","None","Intake from Neutral Zone","None","70","None","Score","None","70","None","Intake from Neutral Zone","None","70","None","Score","None","80","None","Score","None","80","None","Not Attempted","69da6ab56596dd6511f9b093","86b75b0486cbdcb93072c114fb3bb79454a7dfb1fb0da719faff9dc5884badb2","","red","2026-04-11T15:37:25.068Z","2026chcmp","2026chcmp_qm53","53","","5","","5","5","","","Great job Ben. That was tuff.","Arihan","686","2026-04-11T15:37:25.068Z"
"Score","Idle","10","Hub","Not Attempted","Defense","Pass","10","None","Defense","Pass","","None","Defense","None","","None","Defense","None","","None","Defense","None","","None","Defense","None","","None","Not Attempted","69da6aad6596dd6511f9b08c","fb58030e7ee07de1b70fd24302103769b34bde875351a053183d99b260564afc","","red","2026-04-11T15:37:17.175Z","2026chcmp","2026chcmp_qm53","53","","1","","2","3","","4","Good defense helped quite a bit preventing the other alliance scoring.","Snithik","5804","2026-04-11T15:37:17.248Z"
"Score","Idle","30","Hub","Not Attempted","Pass","Intake from Neutral Zone","","None","Intake from Neutral Zone","Pass","","None","Pass","Pass","","None","Pass","Pass","","Moderate","Pass","Pass","","None","Score","Score","30","None","Not Attempted","69da6a446596dd6511f9b070","2e2734881b2ff8c38725645cd221e2dd7efd340941720f9761a079ccbf600484","","blue","2026-04-11T15:35:32.242Z","2026chcmp","2026chcmp_qm53","53","","3","4","4","4","","","","Falco Carey","1908","2026-04-11T15:35:32.242Z"
"Idle","None","","Right Trench","Not Attempted","Idle","None","","None","Idle","None","","None","Idle","None","","None","Defense","None","","None","Idle","None","","None","Idle","None","","None","Not Attempted","69da690f6596dd6511f9b01b","97a30faa10c732d56a16e9c4ec2555c3a1fc9a205b5fede588326c36ede5fe69","","red","2026-04-11T15:30:23.309Z","2026chcmp","2026chcmp_qm52","52","","","","","1","","1","God awful.","Arihan","1719","2026-04-11T15:30:23.309Z"
"Score","Idle","50","Hub","Not Attempted","Intake from Neutral Zone","None","","None","Intake from Neutral Zone","Pass","","None","Score","None","40","None","Intake from Neutral Zone","None","","Light","Score","None","50","None","Intake from Neutral Zone","Score","40","None","Not Attempted","69da68e36596dd6511f9b016","f335e8637bec0183499c38a080a0ab00722c362b493499f45fe6b3c33ae18749","","blue","2026-04-11T15:29:39.673Z","2026chcmp","2026chcmp_qm52","52","","4","","3","4","","","Good shooter and intake. Great strategy. ","Nidhish","1727","2026-04-11T15:29:39.676Z"
"Intake from Neutral Zone","Score","70","Left Trench","Not Attempted","Intake from Neutral Zone","Score","20","None","Pass","Intake from Neutral Zone","","None","Score","Score","20","None","Pass","Intake from Neutral Zone","","None","Score","Score","20","None","Score","Score","30","None","Not Attempted","69da68956596dd6511f9b000","e2dfaa0bff2ff1703ff6d3d470c166b2ab31a1e8276dbbe71d8188dd9727739e","","blue","2026-04-11T15:28:21.892Z","2026chcmp","2026chcmp_qm52","52","","3","5","4","4","","","Great team for cleaning up 
 the corners and scoring at the same time","Falco Carey","2106","2026-04-11T15:28:21.892Z"
"Intake from Neutral Zone","Score","80","Left Bump","Not Attempted","Intake from Neutral Zone","Intake from Neutral Zone","","None","Score","Score","100","None","Defense","Pass","","None","Score","Score","100","None","Intake from Neutral Zone","Intake from Neutral Zone","","None","Score","Score","100","None","L1 Attempted","69da686b6596dd6511f9afea","3d2eb62f53ac54c5c0867a900297f19bf45bb598d1cbc1b54249379e3e84a2e3","","red","2026-04-11T15:27:39.063Z","2026chcmp","2026chcmp_qm52","52","","","","","3","","","","Sai","614","2026-04-11T15:27:39.063Z"
"None","None","","Hub","Not Attempted","None","None","","None","None","None","","None","None","None","","None","None","None","","None","None","None","","None","None","None","","None","Not Attempted","69da67f26596dd6511f9afcb","912bca13e18268f244c4c5fe999817257904ce963f8c623208a7e7b0fa33962d","","red","2026-04-11T15:25:38.480Z","2026chcmp","2026chcmp_qm52","52","true","","","","","","","","Snithik","5724","2026-04-11T15:25:38.480Z"
"Intake from Neutral Zone","Score","90","Right Trench","Not Attempted","Score","None","90","None","Intake from Neutral Zone","None","90","None","Score","None","90","Heavy","Pass","None","90","None","Pass","None","80","None","Idle","None","80","None","Not Attempted","69da66ee6596dd6511f9af71","00463007455f9e559ab457112d2dfc97d3d0f4201d460bf8300f346edd44a036","","red","2026-04-11T15:21:18.121Z","2026chcmp","2026chcmp_qm51","51","","5","","3","5","1","","Their intake broke when the got pushed into a wall while intake it was great until that happened.","Snithik","9072","2026-04-11T15:21:18.121Z"
"Score","None","40","Hub","Not Attempted","Idle","None","","None","Score","Pass","40","None","Defense","None","","None","Score","Defense","","None","Defense","Intake from Neutral Zone","","None","Score","None","40","None","Not Attempted","69da66c76596dd6511f9af6d","4e77281e465b05a1ac45ba361c3644b5c2b30ebf6da05225cdebd8c0537d6000","","blue","2026-04-11T15:20:39.678Z","2026chcmp","2026chcmp_qm51","51","","2","3","1","4","","5","Put tiger bots on lockdown. Great defence. Great strategy.","Nidhish","5587","2026-04-11T15:20:39.678Z"
"Idle","Idle","","Hub","Not Attempted","Score","Score","20","None","Defense","Defense","","None","Defense","Defense","","None","Defense","Defense","","None","Intake from Neutral Zone","Intake from Neutral Zone","","None","Score","Score","10","None","Not Attempted","69da66bf6596dd6511f9af6c","018fc799a3bc44c4fbbb1d73536ac83b956faf329b5c8fa035d4e72a781ef1ad","","red","2026-04-11T15:20:31.920Z","2026chcmp","2026chcmp_qm51","51","","","","","1","","","Can barely intake and shoot and so slow it looks like it has tank drive ","Sai","3361","2026-04-11T15:20:31.920Z"
"Idle","None","","Hub","Not Attempted","Idle","None","","None","Idle","None","","None","Pass","None","","None","Defense","None","","None","Idle","None","","None","Idle","None","","None","Not Attempted","69da66b26596dd6511f9af6a","dd1bea42f098aa7280a07bdad5bb36116cc6d2e5f47309e0b0c24e1cf0f25369","","red","2026-04-11T15:20:18.640Z","2026chcmp","2026chcmp_qm51","51","","","","","2","","2","Bad defense and didn't i take or shoot sucks.","Arihan","2421","2026-04-11T15:20:18.640Z"
"Pass","Score","20","Left Trench","Not Attempted","Pass","Score","70","None","Intake from Neutral Zone","Score","60","None","Intake from Neutral Zone","Pass","","None","Score","Score","40","Moderate","Pass","Pass","","None","Score","Score","80","None","Not Attempted","69da66b16596dd6511f9af69","d5de70f46a83033d73014e3e2670946a46afa0d1ba394399d42d048daed90d6b","","blue","2026-04-11T15:20:17.380Z","2026chcmp","2026chcmp_qm51","51","","2","4","3","3","","","slow jittery robot","Falco Carey","2377","2026-04-11T15:20:17.380Z"
"Intake from Neutral Zone","Score","40","Right Trench","Not Attempted","Score","None","50","None","Intake from Neutral Zone","None","50","Light","Score","None","40","None","Intake from Neutral Zone","None","50","Moderate","Score","None","60","Moderate","Score","None","70","None","Not Attempted","69da65796596dd6511f9af07","78049df62b55e6919f867fe4818fcd82eafcbd2de67994f82a37cd487b790361","","red","2026-04-11T15:15:05.311Z","2026chcmp","2026chcmp_qm50","50","","3","","3","3","1","","It was kinda like our original robot but 0 defense avoidance and can be defended very easily.","Snithik","3136","2026-04-11T15:15:05.314Z"
"Score","None","50","Left Bump","Not Attempted","Score","None","40","None","Score","None","40","None","Score","None","30","None","Score","None","30","None","Score","None","40","None","Idle","None","30","None","Not Attempted","69da65746596dd6511f9af03","7ebff39b96b0e4fc28930c3bc2e2b6470c4e8b23cd3ebb1aed8561ef7452c51c","","red","2026-04-11T15:15:00.223Z","2026chcmp","2026chcmp_qm50","50","","4","","3","3","","","","Arihan","401","2026-04-11T15:15:00.223Z"
"None","None","","Hub","Not Attempted","None","None","","None","None","None","","None","None","None","","None","None","None","","None","None","None","","None","None","None","","None","Not Attempted","69da65596596dd6511f9af00","184a9a6e291a9115724753b404cee24c17fd4100e8ee9be02ba29890498b9f81","","red","2026-04-11T15:14:33.238Z","2026chcmp","2026chcmp_qm51","51","true","","","","","","","","Sai","3361","2026-04-11T15:14:33.238Z"
"Intake from Neutral Zone","Score","50","Left Trench","Not Attempted","Idle","None","","None","Defense","None","","None","Defense","None","","None","Pass","Defense","","None","Defense","None","","None","Pass","None","","None","Not Attempted","69da65456596dd6511f9aefd","f45cbc3b1b859c7cd65afa84320631ad183fd761c3c05bb58402cafcec50e32a","","blue","2026-04-11T15:14:13.437Z","2026chcmp","2026chcmp_qm50","50","","3","3","","4","","5","Amazing defence. Intake broken. ","Nidhish","422","2026-04-11T15:14:13.437Z"
"Intake from Neutral Zone","Score","50","Left Trench","Not Attempted","Idle","None","","None","Defense","None","","None","Defense","None","","None","Pass","Defense","","None","Defense","None","","None","Pass","None","","None","Not Attempted","69da65456596dd6511f9aefc","346333a708b6b37109598089295648126ac31f4002ff8e3d3629583312e187cf","","blue","2026-04-11T15:14:13.053Z","2026chcmp","2026chcmp_qm50","50","","3","3","","5","","5","Amazing defence. Intake broken. ","Nidhish","422","2026-04-11T15:14:13.053Z"
"Idle","Idle","","Hub","Not Attempted","Intake from Neutral Zone","Intake from Neutral Zone","","None","Intake from Neutral Zone","Intake from Neutral Zone","","None","Idle","Idle","","None","Idle","Idle","","None","Idle","Idle","","None","Idle","Idle","","None","Not Attempted","69da65246596dd6511f9aef3","24becba66241cf50a1e3477ecf80209e6ea001a069cafe1219d4241595f2682f","","red","2026-04-11T15:13:40.220Z","2026chcmp","2026chcmp_qm50","50","","","","","1","","","Stayed idle and doesn’t have auto","Sai","3258","2026-04-11T15:13:40.220Z"
"Score","None","10","Hub","L1 Attempted","Pass","Pass","","None","Score","Intake from Neutral Zone","30","None","Intake from Neutral Zone","Intake from Neutral Zone","","None","Score","Score","100","None","Intake from Neutral Zone","Intake from Neutral Zone","","None","Score","Score","80","None","Not Attempted","69da65176596dd6511f9aeed","c204a7cd6ffed2ecf01966b39004fa08c3b936f4e3320b60555f7be6ca347d7e","","blue","2026-04-11T15:13:27.218Z","2026chcmp","2026chcmp_qm50","50","","2","","1","2","","","","Falco Carey","5243","2026-04-11T15:13:27.218Z"
"Intake from Neutral Zone","Score","40","Right Trench","Not Attempted","Score","Score","50","None","Intake from Neutral Zone","Pass","","None","Score","Score","50","None","Intake from Neutral Zone","Pass","","None","Score","Score","60","None","Score","Intake from Neutral Zone","100","None","Not Attempted","69da62e26596dd6511f9ae52","de8dafbd904bf8b1275c748c9aa5c02edc2de15a724be020398a50998e7b09ce","","red","2026-04-11T15:04:02.399Z","2026chcmp","2026chcmp_qm49","49","","5","5","5","5","5","","I love this robot, this robot is the goat, never challenge the bee, they will cook anyone in their way ","Sai","836","2026-04-11T15:04:02.399Z"
"Score","None","10","Hub","Not Attempted","Intake from Neutral Zone","None","10","None","Intake from Neutral Zone","Idle","10","None","Score","None","10","None","Intake from Neutral Zone","None","10","None","Score","None","10","None","Pass","None","","None","Not Attempted","69da62c66596dd6511f9ae47","681f75db8c72bb0b8bd0d66764105ff4b87256858a9d17a2878f992880ffc03c","","red","2026-04-11T15:03:34.675Z","2026chcmp","2026chcmp_qm49","49","","3","2","3","3","","","Didn’t have to do much just got hard carried by Robot bees and Blair.","Snithik","11318","2026-04-11T15:03:34.675Z"
"Intake from Neutral Zone","Score","60","Right Trench","Not Attempted","Intake from Neutral Zone","Score","50","None","Intake from Neutral Zone","Score","40","None","Intake from Neutral Zone","Pass","","Heavy","Intake from Neutral Zone","Score","60","Heavy","Intake from Neutral Zone","Intake from Neutral Zone","","Heavy","Score","Pass","30","None","Not Attempted","69da62aa6596dd6511f9ae46","8da0b3febe0a4cfc7132fbe32a86eb68eaa3cd3be81ec9e084d24a3c7083434c","","blue","2026-04-11T15:03:06.412Z","2026chcmp","2026chcmp_qm49","49","","4","4","4","4","3","","got their intake smashed and kept cooking, shooter didnt work at  end though","Falco Carey","1731","2026-04-11T15:03:06.412Z"
"Score","None","40","Left Trench","Not Attempted","Score","None","40","None","Score","None","40","None","Score","None","40","None","Score","None","40","None","Idle","None","","None","Score","None","40","None","Not Attempted","69da629f6596dd6511f9ae43","4df77fda6f8c0156f05f321a924ad1308ecf9dce5c8c3cdd609b3d803eb57daf","","red","2026-04-11T15:02:55.161Z","2026chcmp","2026chcmp_qm49","49","","5","","5","5","","","Blair. Need i say more.","Arihan","449","2026-04-11T15:02:55.161Z"
"Score","None","30","Hub","Not Attempted","Intake from Neutral Zone","None","","None","Pass","Intake from Neutral Zone","","None","Pass","Defense","","None","Pass","None","","None","Defense","None","","None","Pass","Defense","","None","Not Attempted","69da62996596dd6511f9ae41","b4a476616db075df2c7e37a9db636bb8dd1ac2019a20cc2572b5fdfb164c4fd0","","blue","2026-04-11T15:02:49.086Z","2026chcmp","2026chcmp_qm49","49","","3","5","3","3","","2","Great passing. Shooter is pretty good.","Nidhish","4472","2026-04-11T15:02:49.086Z"
"Intake from Neutral Zone","Score","50","Hub","Not Attempted","Score","None","80","None","Score","None","20","None","Intake from Neutral Zone","None","","None","Score","None","30","None","Intake from Neutral Zone","Pass","","None","Score","Intake from Neutral Zone","40","None","Not Attempted","69da60f96596dd6511f9adda","b60bec218dcfef26c49ea00fd5250ff0739d191ded630e0496b73a9a94be291a","","blue","2026-04-11T14:55:53.400Z","2026chcmp","2026chcmp_qm48","48","","3","3","3","3","","","Average. Slow shooter. ","Nidhish","11415","2026-04-11T14:55:53.400Z"
"Score","None","20","Hub","Not Attempted","Idle","None","20","None","Intake from Neutral Zone","None","20","None","Score","None","30","None","Intake from Neutral Zone","None","30","None","Score","None","30","None","Score","None","30","None","Not Attempted","69da60dc6596dd6511f9add2","07a820227d11ca5e27e9073cb323c7197c51f2b66f812606d53e1ca9a06623c8","","red","2026-04-11T14:55:24.533Z","2026chcmp","2026chcmp_qm48","48","","2","","1","1","","","Slow intaking and shooting accuracy was high kind of but requires to be refilled a lot because of the small hopper size.","Snithik","4541","2026-04-11T14:55:24.533Z"
"Idle","Idle","","Left Trench","Not Attempted","Idle","Idle","","None","Idle","Pass","","None","Pass","Defense","","None","Defense","Defense","","None","Defense","Defense","","None","Pass","Pass","","None","Not Attempted","69da60876596dd6511f9adae","60f31afec832b738dc841b5af155b315e05061ff4c4c7105bc1fe5104f270542","","red","2026-04-11T14:53:59.731Z","2026chcmp","2026chcmp_qm48","48","","","4","","4","","4","Good defense ","Sai","2537","2026-04-11T14:53:59.731Z"
"Intake from Neutral Zone","Score","10","Left Bump","Not Attempted","Intake from Neutral Zone","Score","40","None","Score","Intake from Neutral Zone","60","None","Intake from Neutral Zone","Score","","None","Score","Score","40","None","Intake from Neutral Zone","Intake from Neutral Zone","","None","Score","Score","50","None","Not Attempted","69da60876596dd6511f9adad","19970594c6940c0db1e772b77932e7b2942a3c0e10512d8c8b1e2b1bd5ac9927","","blue","2026-04-11T14:53:59.648Z","2026chcmp","2026chcmp_qm48","48","","4","","4","4","","","clutched up at the end","Falco Carey","1086","2026-04-11T14:53:59.648Z"
"Intake from Neutral Zone","Idle","","Left Bump","Not Attempted","Intake from Neutral Zone","Score","20","None","Score","Intake from Neutral Zone","30","None","Intake from Neutral Zone","None","30","None","Score","Intake from Neutral Zone","30","None","Intake from Neutral Zone","Pass","","None","Score","Intake from Neutral Zone","40","None","Not Attempted","69da5ea96596dd6511f9ad2c","947eac46f32e246ded8f59d11754d073b7665c08b7ee223f26f1b9409c464a9a","","red","2026-04-11T14:46:01.039Z","2026chcmp","2026chcmp_qm47","47","","5","4","4","4","","","Good robot they just need a lot better autos so they actually score the balls they shoot in auto.","Snithik","8592","2026-04-11T14:46:01.039Z"
"Intake from Neutral Zone","Score","50","Left Trench","Not Attempted","Intake from Neutral Zone","None","","None","Pass","Idle","","None","Score","None","50","None","Intake from Neutral Zone","Pass","","None","Score","None","40","None","Score","None","50","None","Not Attempted","69da5ea16596dd6511f9ad23","84a091da0b3e9d333de11cbb67018bf63f1f6effe0880064d9bc143523bac447","","blue","2026-04-11T14:45:53.649Z","2026chcmp","2026chcmp_qm47","47","","4","3","4","3","","","Good shooter and intake. Bad strategy. ","Nidhish","1262","2026-04-11T14:45:53.649Z"
"Intake from Neutral Zone","Score","10","Right Trench","Not Attempted","Intake from Neutral Zone","Score","100","None","Score","Score","30","None","Intake from Neutral Zone","Intake from Neutral Zone","","None","Score","Score","30","None","Intake from Neutral Zone","Intake from Neutral Zone","","None","Score","Score","40","None","Not Attempted","69da5e7c6596dd6511f9ad1d","7fd1c07d8576845b40e2bc32ec59329d2bbd46684820a981674f4bc457072b05","","red","2026-04-11T14:45:16.942Z","2026chcmp","2026chcmp_qm47","47","","4","","3","3","","","","Sai","3748","2026-04-11T14:45:16.942Z"
"Score","None","80","Right Trench","Not Attempted","Score","None","70","None","Intake from Neutral Zone","None","70","None","Score","None","80","None","Intake from Neutral Zone","None","","None","Score","None","80","None","Score","None","70","None","Not Attempted","69da5e7a6596dd6511f9ad1c","c963025fd44d76699fb81d819529532bba8d1937e1e51bb38896d564383684ef","","red","2026-04-11T14:45:14.293Z","2026chcmp","2026chcmp_qm48","48","true","5","","5","5","","","","Arihan","5338","2026-04-11T14:55:07.711Z"
"Idle","None","","Hub","Not Attempted","Score","None","20","None","Score","None","20","None","Score","None","20","None","Idle","None","","None","Idle","None","","None","Score","None","20","None","Not Attempted","69da5e796596dd6511f9ad1b","a0a49a7f0a4b40d7e51d56ad68c8a2ba7eb83bbee2c9af93296783803d5ddae3","","red","2026-04-11T14:45:13.785Z","2026chcmp","2026chcmp_qm47","47","","2","","4","3","","","Good intake bad shooter. Don't pick.","Arihan","620","2026-04-11T14:45:13.785Z"
"Idle","Idle","","Hub","Not Attempted","Idle","Idle","","None","Pass","Defense","","None","Idle","Idle","","None","Idle","Idle","","None","Idle","Idle","","None","Idle","Idle","","None","Not Attempted","69da5e616596dd6511f9ad17","78414dfd3821743fe270ab370fdce3277e1f0d5e524b7926b6ff157a07bbc150","","blue","2026-04-11T14:44:49.973Z","2026chcmp","2026chcmp_qm47","47","","1","1","1","1","","1","yikes","Falco Carey","9033","2026-04-11T14:44:49.973Z"
"Score","None","20","Hub","Not Attempted","Idle","None","","None","Score","None","30","None","Idle","None","30","None","Idle","None","20","None","Idle","None","10","None","Idle","None","10","None","Not Attempted","69da5cd06596dd6511f9acb3","0a1aeda2cb29770fc14bfbe7e9d331b61c9c7d7b7a7cf09ef699b2533037b944","","red","2026-04-11T14:38:08.948Z","2026chcmp","2026chcmp_qm46","46","","2","","3","1","","","They went idle after the 2 transition so their wasn’t much they did this game.","Snithik","1895","2026-04-11T14:38:08.948Z"
"Score","Score","","Hub","L1 Attempted","Intake from Neutral Zone","Intake from Neutral Zone","","None","Intake from Neutral Zone","Pass","","None","Score","Idle","20","None","Intake from Neutral Zone","Intake from Neutral Zone","","None","Pass","Score","10","None","Score","Score","20","None","L1 Attempted","69da5cbb6596dd6511f9acaf","64dff8afbbdb2b6c94197d33590de78bbbdf3e70656cdf7a964827764b566491","","blue","2026-04-11T14:37:47.630Z","2026chcmp","2026chcmp_qm46","46","","3","2","3","4","3","","not too shabby, got their alliance a climb ranking point in endgame","Falco Carey","2890","2026-04-11T14:37:47.630Z"
"Intake from Neutral Zone","Score","40","Left Trench","Not Attempted","Score","None","90","None","Intake from Neutral Zone","Pass","","None","Score","None","50","None","Intake from Neutral Zone","Pass","","None","Score","None","50","Light","Score","Intake from Neutral Zone","50","None","Not Attempted","69da5cb46596dd6511f9acac","65c5f442ad97ee2462dfe1fcc9af01d214700c8c5aa207a1193427413a1d0928","","blue","2026-04-11T14:37:40.432Z","2026chcmp","2026chcmp_qm46","46","","4","2","4","4","","","Great robot. Great shooter, great intake. Great strategy.","Nidhish","122","2026-04-11T14:37:41.548Z"
"Intake from Neutral Zone","Score","50","Hub","Not Attempted","Score","Score","70","None","Score","Score","80","None","Intake from Neutral Zone","Pass","","None","Score","Score","100","None","Intake from Neutral Zone","Pass","","None","Score","Score","100","None","Not Attempted","69da5c926596dd6511f9ac98","77acfe73463552db078313ad266453bbe555627f03a24ccc91129bd379f5cea3","","red","2026-04-11T14:37:06.636Z","2026chcmp","2026chcmp_qm46","46","","4","","4","4","","","Only working robot in that alliance so good","Sai","1629","2026-04-11T14:37:06.636Z"
"Intake from Neutral Zone","Score","60","Right Bump","Not Attempted","Intake from Neutral Zone","None","70","None","Score","None","70","None","Intake from Neutral Zone","None","70","Moderate","Score","None","80","Moderate","Intake from Neutral Zone","None","80","None","Score","None","80","None","Not Attempted","69da5b0f6596dd6511f9ac22","56b46c6aaa5ac3e9aea84126095fb8c1b78ac09f181d6571a58eb572a9b46211","","red","2026-04-11T14:30:39.626Z","2026chcmp","2026chcmp_qm45","45","","4","","4","4","","","It intakes a large amount of balls and when their hub activates they unload the entire hopper and repeated the process the entire game.","Snithik","346","2026-04-11T14:30:39.626Z"
"Score","None","10","Hub","Not Attempted","Score","None","10","None","Defense","None","","None","Pass","None","","None","Pass","None","","None","Pass","None","","None","Pass","None","","None","Not Attempted","69da5aef6596dd6511f9ac1f","fe1af042b280d444111597eeaed8b3dceeaa8e652c8ba8fec2e4641a6d96db1b","","blue","2026-04-11T14:30:07.292Z","2026chcmp","2026chcmp_qm45","45","","2","3","1","3","","2","Bad overall. ","Nidhish","8590","2026-04-11T14:30:07.292Z"
"Intake from Neutral Zone","Score","10","Right Trench","Not Attempted","Pass","Defense","","None","Defense","Defense","","None","Defense","Defense","","None","Pass","Defense","","None","Defense","Defense","","None","Defense","Pass","","None","Not Attempted","69da5ac16596dd6511f9ac15","30184dbaa1466748e12d18ea2ceb1951ddc106fa9a76da06452488aecd2b6e06","","red","2026-04-11T14:29:21.904Z","2026chcmp","2026chcmp_qm45","45","","","","","2","","","","Sai","339","2026-04-11T14:29:21.904Z"
"Idle","None","","Right Bump","Not Attempted","Defense","None","","None","Defense","None","","None","Idle","None","","None","Idle","None","","None","Idle","None","","None","Idle","None","","None","Not Attempted","69da5ab66596dd6511f9ac10","c0d5a7249850d5c905a46e259618c8058a09f1ab53c6eac4b7800d94c0e9f915","","red","2026-04-11T14:29:10.147Z","2026chcmp","2026chcmp_qm46","46","true","","","","3","","2","They suck don't pick.","Arihan","10679","2026-04-11T14:41:46.711Z"
"Score","None","20","Hub","Not Attempted","Score","None","20","None","Score","None","20","None","Score","None","20","None","Score","None","30","None","Score","None","40","None","Score","None","40","None","Not Attempted","69da5ab56596dd6511f9ac0e","d2de3575c6b076fd598d93f0ef5802942835b0e39cef3bc289241a9862f3167b","","red","2026-04-11T14:29:09.732Z","2026chcmp","2026chcmp_qm45","45","","3","","3","3","","","Decent.","Arihan","10004","2026-04-11T14:29:09.732Z"
"Idle","Idle","","Left Trench","Not Attempted","Score","Score","","None","Intake from Neutral Zone","Pass","","None","Score","Score","","None","Pass","Pass","","None","Pass","Pass","","None","Defense","Pass","","None","Not Attempted","69da5aaa6596dd6511f9ac0b","f5f1220e7cfa754d3c5321c60b4c653db8642e366455efb36ae6d2686e17d659","","blue","2026-04-11T14:28:58.729Z","2026chcmp","2026chcmp_qm45","45","","1","2","1","2","1","1","","Falco Carey","5587","2026-04-11T14:28:58.729Z"
"Idle","None","","Right Trench","Not Attempted","Intake from Neutral Zone","Score","10","None","Idle","None","10","None","Intake from Neutral Zone","None","10","None","Idle","None","10","None","Pass","None","","None","Pass","Idle","","None","Not Attempted","69da59346596dd6511f9aba9","a583c1296f71d8f90a3075bc3f46a83dc7016cdb29d33dab140f27d82285170c","","red","2026-04-11T14:22:44.031Z","2026chcmp","2026chcmp_qm44","44","","1","2","1","1","","","Over or under shots almost every ball and intake was really not that good it is only usefull on passing to human players and pushing teammates of balls. ","Snithik","5724","2026-04-11T14:22:44.099Z"
"Intake from Neutral Zone","Score","30","Right Trench","Not Attempted","Score","Intake from Neutral Zone","30","None","Intake from Neutral Zone","Intake from Neutral Zone","","None","Score","Score","40","None","Intake from Neutral Zone","Intake from Neutral Zone","","None","Score","Intake from Neutral Zone","30","None","Score","Pass","30","None","Not Attempted","69da58ee6596dd6511f9ab8a","e3527608cafc78150e5239aa90696cb7c1e8bbbdef0f207b10b3a07b1ffd0b9d","","blue","2026-04-11T14:21:34.959Z","2026chcmp","2026chcmp_qm44","44","","3","3","3","3","","","single turret","Falco Carey","1908","2026-04-11T14:21:34.959Z"
"Intake from Neutral Zone","Score","70","Left Trench","Not Attempted","Score","None","60","None","Intake from Neutral Zone","None","","Moderate","Score","None","70","None","Intake from Neutral Zone","None","","None","Score","None","70","None","Intake from Neutral Zone","Score","60","None","Not Attempted","69da58ec6596dd6511f9ab87","ffe4af685fc8d53d8d3d5978b32f4f94053bae606a940b96a98e43a3ccebf24f","","blue","2026-04-11T14:21:32.927Z","2026chcmp","2026chcmp_qm44","44","","5","","4","3","2","","Amazing shooter. Great intake. Dosnt pass.","Nidhish","9072","2026-04-11T14:21:32.927Z"
"Score","None","10","Hub","Not Attempted","Score","None","10","None","Idle","None","","None","Idle","None","","None","Idle","None","","None","Idle","None","","None","Idle","None","","None","Not Attempted","69da58cf6596dd6511f9ab83","3e3755d168fcfb9ddfa055c52c871314b8380c46d57858f78c67a9dd7bd863fd","","red","2026-04-11T14:21:03.132Z","2026chcmp","2026chcmp_qm44","44","","2","","1","3","","","Okay but don't pick.","Arihan","11425","2026-04-11T14:21:03.132Z"
"Intake from Neutral Zone","Intake from Neutral Zone","","Left Trench","Not Attempted","Intake from Neutral Zone","Intake from Neutral Zone","","None","Score","Score","80","None","Intake from Neutral Zone","Intake from Neutral Zone","","None","Score","Score","40","None","Score","Score","50","None","Score","Score","50","None","Not Attempted","69da58cc6596dd6511f9ab81","35ef59c8b58989107863eae8278a0297230935f62bed54e75e1b51fe6b0562dc","","red","2026-04-11T14:21:00.174Z","2026chcmp","2026chcmp_qm44","44","","4","","4","4","","","","Sai","5549","2026-04-11T14:21:00.174Z"
"Idle","None","","Hub","Not Attempted","Pass","None","","None","Score","None","30","None","Score","None","30","None","Score","None","30","None","Score","None","30","None","Score","None","30","None","Not Attempted","69da574f6596dd6511f9ab1e","a8b7d080613686b75f430a88371e29c2e482beee7748181df39a1e10a22e72d6","","red","2026-04-11T14:14:39.053Z","2026chcmp","2026chcmp_qm43","43","","4","","3","3","","","Good i guess.","Arihan","4472","2026-04-11T14:14:39.053Z"
"Score","None","10","Hub","Not Attempted","Intake from Neutral Zone","None","","None","Defense","None","","None","Pass","None","","None","Defense","None","","None","Pass","None","","None","Intake from Neutral Zone","Score","30","None","Not Attempted","69da573e6596dd6511f9ab1c","88956535e7ae42a9a7fd3722acb294a5820bc3bf92b7e7c9877767d679cb9ad2","","blue","2026-04-11T14:14:22.811Z","2026chcmp","2026chcmp_qm43","43","","3","2","1","4","","3","Not bad.","Nidhish","2421","2026-04-11T14:14:22.811Z"
"Intake from Neutral Zone","Score","20","Right Trench","Not Attempted","Intake from Neutral Zone","Score","20","None","Intake from Neutral Zone","Intake from Neutral Zone","","None","Score","Score","20","None","Idle","Idle","","None","Idle","Idle","","None","Idle","Idle","","None","Not Attempted","69da573e6596dd6511f9ab1b","42349b8096d2a2efeecb8d1bff4f4bda8ae742cdc703a53e7a63d7f2ff42e3ca","","red","2026-04-11T14:14:21.988Z","2026chcmp","2026chcmp_qm43","43","","","","","2","","","","Sai","3939","2026-04-11T14:14:21.988Z"
"Intake from Neutral Zone","None","","Left Trench","Not Attempted","Score","None","20","None","Score","None","30","None","Pass","Intake from Neutral Zone","30","None","Score","None","20","None","Pass","Intake from Neutral Zone","","None","Idle","None","","None","Not Attempted","69da56dd6596dd6511f9aaf2","7f9130942969e934e9c11a481b00e6457811b184e662dbe79ae57a5ba8be8fe5","","red","2026-04-11T14:12:45.803Z","2026chcmp","2026chcmp_qm43","43","","2","3","3","3","","","Their shots were very inaccurate and they shot a lot but missed most of them mainly good only as a passing bot.","Snithik","401","2026-04-11T14:12:45.803Z"
"Intake from Neutral Zone","Score","70","Left Trench","Not Attempted","Intake from Neutral Zone","Score","60","None","Intake from Neutral Zone","Intake from Neutral Zone","","None","Score","Score","80","None","Pass","Intake from Neutral Zone","","None","Score","Intake from Neutral Zone","70","None","Intake from Neutral Zone","Score","90","None","Not Attempted","69da569f6596dd6511f9aae8","4ffaaeabda7dbe41cac3d2e33fe37fc7d55667fd8427dbd27ac60200733f1746","","blue","2026-04-11T14:11:43.291Z","2026chcmp","2026chcmp_qm43","43","","4","5","5","4","2","","","Falco Carey","686","2026-04-11T14:11:43.291Z"
"Score","Intake from Neutral Zone","50","Right Trench","Not Attempted","Intake from Neutral Zone","Score","60","None","Pass","Intake from Neutral Zone","60","None","Score","None","70","Moderate","Pass","Intake from Neutral Zone","70","None","Score","None","60","None","Score","None","70","None","Not Attempted","69da54a46596dd6511f9aa4b","f48a63cd2383e6804d54af09defec3220577d0507e417bf32bfee8122af274cc","","red","2026-04-11T14:03:16.264Z","2026chcmp","2026chcmp_qm42","42","","5","5","5","5","4","","Great defense avoidance really good turret and intake was amazing and passing was really good.","Snithik","836","2026-04-11T14:03:16.264Z"
"Intake from Neutral Zone","Score","40","Left Trench","Not Attempted","Pass","None","","None","Pass","None","","None","Defense","None","","None","Defense","None","","None","Pass","None","","None","Score","None","50","None","Not Attempted","69da549b6596dd6511f9aa49","dd30e0ae0d901a8dac34505d4720810f648ca92d3d010bba9518c210ce8bd1e5","","blue","2026-04-11T14:03:07.976Z","2026chcmp","2026chcmp_qm42","42","","5","2","","4","","2","Intake broke during auto. ","Nidhish","422","2026-04-11T14:03:07.976Z"
"Intake from Neutral Zone","Score","40","Left Trench","Not Attempted","Intake from Neutral Zone","Score","30","None","Intake from Neutral Zone","Intake from Neutral Zone","","None","Intake from Neutral Zone","Score","30","None","Intake from Neutral Zone","Intake from Neutral Zone","","None","Score","Score","30","None","Score","Score","30","None","Not Attempted","69da54556596dd6511f9aa3f","c49c565867070f39e535d92cfc6da127b5566b0c1a55657d1182903538d18eed","","red","2026-04-11T14:01:57.556Z","2026chcmp","2026chcmp_qm42","42","","3","","4","3","","","Not bad ","Sai","888","2026-04-11T14:01:57.556Z"
"Intake from Neutral Zone","Score","","Right Trench","Not Attempted","Score","Pass","","None","Score","Score","50","None","Intake from Neutral Zone","Pass","","None","Score","Intake from Neutral Zone","70","Light","Intake from Neutral Zone","Pass","","None","Score","Score","70","None","Not Attempted","69da54496596dd6511f9aa3b","c51bee673fa0b2d716e23a4da53b944a655e52078753986cf0373fe5d80367fa","","blue","2026-04-11T14:01:45.794Z","2026chcmp","2026chcmp_qm42","42","","3","4","4","4","1","","auto sold the clip ","Falco Carey","2199","2026-04-11T14:01:45.794Z"
"Score","None","20","Hub","Not Attempted","Score","None","10","None","Score","None","10","None","Score","None","10","None","Score","None","10","None","Score","None","10","None","Score","None","10","None","Not Attempted","69da54436596dd6511f9aa36","c7d7db1500a7cecbbe7f10d5e134f2205f9bf70a378dc821db71f7eecc03289a","","red","2026-04-11T14:01:39.619Z","2026chcmp","2026chcmp_qm42","42","","3","","3","3","","","Actually scored ok but rest of their team was just really good.","Arihan","1086","2026-04-11T14:01:39.619Z"
"Score","None","30","Hub","Not Attempted","Intake from Neutral Zone","None","","None","Intake from Neutral Zone","Score","50","None","Intake from Neutral Zone","None","","None","Score","None","40","None","Intake from Neutral Zone","None","","None","Score","None","50","None","Not Attempted","69da52ce6596dd6511f9a9b0","ec3ad08578ecdff29022e61914f2a4a28cf17b94e7e694a2d086911e1012b53f","","blue","2026-04-11T13:55:26.317Z","2026chcmp","2026chcmp_qm41","41","","3","","2","4","","","Good strategy. Mid shooter. Below average intake.","Nidhish","620","2026-04-11T13:55:26.317Z"
"Intake from Neutral Zone","Score","60","Right Trench","Not Attempted","Intake from Neutral Zone","Score","70","None","Intake from Neutral Zone","Pass","","None","Score","None","60","None","Pass","Intake from Neutral Zone","","None","Score","Intake from Neutral Zone","60","None","Intake from Neutral Zone","Score","60","None","Not Attempted","69da52bc6596dd6511f9a9a9","0ac57d7ab43124bc46be7a47e9d868d56d6b047bb982cbf7a1e3ab0c00c02450","","red","2026-04-11T13:55:08.286Z","2026chcmp","2026chcmp_qm41","41","","4","4","4","4","","","Overall they did good they did give up even though they If team was unable to help them until the end of the match.","Snithik","1727","2026-04-11T13:55:08.309Z"
"Intake from Neutral Zone","Score","","Left Bump","Not Attempted","Score","Score","70","None","Intake from Neutral Zone","Intake from Neutral Zone","","Heavy","Intake from Neutral Zone","Intake from Neutral Zone","","None","Score","Score","40","None","Intake from Neutral Zone","Intake from Neutral Zone","","None","Score","Score","20","None","Not Attempted","69da52536596dd6511f9a991","29ad8ad840f66bdd85a907af47dfd5ad91453962f01d38d8582f0b7ee7aa38cd","","blue","2026-04-11T13:53:23.592Z","2026chcmp","2026chcmp_qm41","41","","2","","3","3","1","","slow intake slow shooter","Falco Carey","10224","2026-04-11T13:53:23.592Z"
"Intake from Neutral Zone","Score","30","Left Trench","Not Attempted","Intake from Neutral Zone","Intake from Neutral Zone","","None","Pass","Intake from Neutral Zone","","None","Score","Score","50","None","Intake from Neutral Zone","Intake from Neutral Zone","","None","Intake from Neutral Zone","Score","50","None","Intake from Neutral Zone","Score","60","None","Not Attempted","69da524a6596dd6511f9a98e","a4b72b5827d2e4b93f925033800d47ba8fe36da47ef76b41753cac211e25c243","","red","2026-04-11T13:53:14.889Z","2026chcmp","2026chcmp_qm41","41","","5","","4","5","","","Really good ","Sai","8592","2026-04-11T13:53:14.889Z"
"Idle","None","","Hub","Not Attempted","Score","None","10","None","Score","None","10","None","Score","None","10","None","Idle","None","","None","Idle","None","","None","Idle","None","","None","Not Attempted","69da51256596dd6511f9a92a","c6b8f8946a15d60d8f16bb351964a9f0f3ff166efa68815ea3b89de5df48f7c1","","red","2026-04-11T13:48:21.375Z","2026chcmp","2026chcmp_qm41","41","true","2","","2","2","","","Idle most of the game. Mid","Arihan","5804","2026-04-11T13:55:36.909Z"
"Intake from Neutral Zone","None","","Right Trench","Not Attempted","Score","None","10","None","Intake from Neutral Zone","None","10","None","Score","None","30","None","Intake from Neutral Zone","None","","None","Score","None","30","None","Score","None","40","None","Not Attempted","69da51256596dd6511f9a929","fa7b6d84f37deb075fb3c9aaf25fb08b1b83cc945f1b5dcf96195e3ee0eab969","","red","2026-04-11T13:48:21.047Z","2026chcmp","2026chcmp_qm40","40","","4","","3","4","","","Good shooter decent intake.","Arihan","619","2026-04-11T13:48:21.047Z"
"Intake from Neutral Zone","Score","50","Left Trench","Not Attempted","Intake from Neutral Zone","Pass","","None","Score","None","90","None","Pass","None","","None","Idle","None","","None","Defense","None","","None","Defense","None","","None","Not Attempted","69da50e96596dd6511f9a920","2d05e2d992ca557d7b8d00829915878814b27cd2105a0e62aacdad41d58af60b","","blue","2026-04-11T13:47:21.813Z","2026chcmp","2026chcmp_qm40","40","","2","3","1","3","","2","Mid shooter. Bad intake. Ok defence. Mid strategy. Something might have broke.","Nidhish","2537","2026-04-11T13:47:21.813Z"
"Intake from Neutral Zone","None","","Hub","Not Attempted","Intake from Neutral Zone","Pass","","None","Intake from Neutral Zone","Pass","","None","Intake from Neutral Zone","Pass","","None","Idle","None","","Light","Idle","None","","None","Idle","None","","None","L1 Attempted","69da50e96596dd6511f9a91f","ab5c5d74487c9208b205adefd12bea93d197e5090adb84cd28bbcd06fda11e79","","red","2026-04-11T13:47:21.783Z","2026chcmp","2026chcmp_qm40","40","","","3","1","3","1","","They had a really nice climb in endgame their intake did not work.","Snithik","2890","2026-04-11T13:47:22.333Z"
"Score","Idle","20","Right Bump","L1 Attempted","Intake from Neutral Zone","Intake from Neutral Zone","","None","Score","Pass","10","None","Pass","Pass","","None","Score","Score","","None","Pass","Score","","None","Score","Score","100","None","Not Attempted","69da50b86596dd6511f9a909","530bf349294c58c9a7566410eba3db061df8cebb48366c571254d13bb6cc9f89","","blue","2026-04-11T13:46:32.154Z","2026chcmp","2026chcmp_qm40","40","","1","2","2","3","","","tank drive and bad indexing","Falco Carey","5243","2026-04-11T13:46:32.154Z"
"Intake from Neutral Zone","Score","50","Left Trench","Not Attempted","Score","Score","60","None","Intake from Neutral Zone","Intake from Neutral Zone","","None","Score","Score","40","None","Intake from Neutral Zone","Intake from Neutral Zone","","None","Score","Score","40","None","Score","Score","40","None","Not Attempted","69da50a66596dd6511f9a901","5cd8844933214b4fd016a06cd99d464c9773cd82fd1d610a795fe7616e5619bb","","red","2026-04-11T13:46:14.513Z","2026chcmp","2026chcmp_qm40","40","","3","","3","4","","","","Sai","1629","2026-04-11T13:46:14.513Z"
"Score","None","10","Hub","Not Attempted","Idle","None","10","None","Intake from Neutral Zone","None","10","None","Score","None","10","None","Defense","Intake from Neutral Zone","10","None","Score","Defense","","None","Pass","None","","None","Not Attempted","69da500d6596dd6511f9a8db","48204f220c8bfb950e271bea94ecae9e9dc5486f5c9a27d4f823b6d5ca7e2737","","red","2026-04-11T13:43:41.181Z","2026chcmp","2026chcmp_qm39","39","","1","1","1","1","1","1","Helped the other teams human players rather than defending slow shooting takes forever to shoot 1 or 2 balls was defended for 2 seconds and couldn’t even do much the entire game.","Snithik","2068","2026-04-11T13:43:59.034Z"
"Intake from Neutral Zone","Score","20","Left Trench","Not Attempted","Intake from Neutral Zone","None","","None","Defense","None","","None","Defense","None","","None","Defense","None","","None","Defense","None","","None","Defense","Pass","","None","Not Attempted","69da4f226596dd6511f9a88e","a1a1fd2ba25181e5cbc40f1667880247521cae52448f99ecd6de6b9f1920202c","","blue","2026-04-11T13:39:46.370Z","2026chcmp","2026chcmp_qm39","39","","2","2","2","3","","3","Great defence. Didnt shoot much. Below average auto.","Nidhish","9033","2026-04-11T13:39:46.370Z"
"Score","Score","30","Hub","Not Attempted","Score","Score","10","None","Score","Score","10","None","Pass","Defense","","None","Defense","Pass","","None","Pass","Defense","","None","Pass","Pass","","None","Not Attempted","69da4ed36596dd6511f9a883","b3c80e29de27490bd5f7b2694e64c119172a82c3dbbcb038ec2c1aae43d44cb8","","blue","2026-04-11T13:38:27.061Z","2026chcmp","2026chcmp_qm39","39","","1","2","1","2","","2","indecisive driver","Falco Carey","4541","2026-04-11T13:38:27.061Z"
"Intake from Neutral Zone","Score","50","Right Trench","Not Attempted","Score","Score","100","None","Intake from Neutral Zone","Intake from Neutral Zone","","None","Score","Score","60","None","Intake from Neutral Zone","Intake from Neutral Zone","","None","Score","Score","60","None","Score","Score","60","None","Not Attempted","69da4ec96596dd6511f9a881","c0315ce5e0bac26b4fd134c490442f475080defd15b83b7d52cadbba52730398","","red","2026-04-11T13:38:17.784Z","2026chcmp","2026chcmp_qm39","39","","5","","4","4","","","Good shooter ","Sai","540","2026-04-11T13:38:17.784Z"
"Intake from Neutral Zone","Score","80","Right Trench","Not Attempted","Score","None","80","None","Intake from Neutral Zone","Pass","80","None","Score","Intake from Neutral Zone","90","None","Intake from Neutral Zone","Pass","90","None","Score","Intake from Neutral Zone","90","Moderate","Score","Intake from Neutral Zone","90","None","Not Attempted","69da4db16596dd6511f9a815","952d4b0fd505021d6c9a0c07c0ab960d6a85708e437168889f900babe8e5c983","","red","2026-04-11T13:33:37.024Z","2026chcmp","2026chcmp_qm38","38","","5","5","5","5","3","","One of they best robots had great shooting, passing, intaking, and the only thing they could improve upon is defense avoidance the rest was amazing.","Snithik","449","2026-04-11T13:33:39.031Z"
"Score","None","40","Left Trench","Not Attempted","Score","None","40","None","Intake from Neutral Zone","None","40","None","Score","None","40","None","Intake from Neutral Zone","None","40","None","Score","None","30","None","Score","None","20","None","Not Attempted","69da4d386596dd6511f9a7fe","a27ad0c5f6e9ad0f622045ae3ee1364383f3ff5267f10090abacfaadabff1e72","","red","2026-04-11T13:31:36.621Z","2026chcmp","2026chcmp_qm39","39","true","3","","4","3","","","Accuracy dropped sharply for some reason.","Arihan","122","2026-04-11T13:39:25.240Z"
"Score","None","10","Left Trench","Not Attempted","Idle","None","","None","Pass","None","","None","Idle","None","","None","Idle","None","","None","Idle","None","","None","Idle","None","","None","Not Attempted","69da4d386596dd6511f9a7fd","70877a196112d983e6ec72c043794122bdbf46144c8e400af3d05fdef4d56c00","","red","2026-04-11T13:31:36.193Z","2026chcmp","2026chcmp_qm38","38","","2","2","2","3","","","Their turret disconnected from robot.  Slow.","Arihan","2377","2026-04-11T13:31:36.193Z"
"Score","None","20","Hub","Not Attempted","Pass","Defense","","None","Defense","Defense","","None","Defense","Defense","","None","Defense","Defense","","None","Defense","Defense","","None","Defense","Pass","","None","Not Attempted","69da4d116596dd6511f9a7e8","daecb694d0a3b701da614b3bd68e1336bb0bc99d9dc3d7c32f761e06ad2d4793","","blue","2026-04-11T13:30:56.936Z","2026chcmp","2026chcmp_qm38","38","","1","","1","2","","2","slow slow swerve drivetrain","Falco Carey","10679","2026-04-11T13:30:57.453Z"
"None","None","","Hub","Not Attempted","None","None","","None","None","None","","None","None","None","","None","None","None","","None","None","None","","None","None","None","","None","Not Attempted","69da4d108c52fb600a35792f","8784cca8bb1c41913479622b256988eeea25538f414479e12dd18fdd482bec1a","","blue","2026-04-11T13:30:56.727Z","2026chcmp","2026chcmp_qm39","39","true","","","","","","","","Sai","9033","2026-04-11T13:30:56.727Z"
"Intake from Neutral Zone","Score","20","Left Trench","Not Attempted","Intake from Neutral Zone","Intake from Neutral Zone","","None","Score","Score","20","None","Intake from Neutral Zone","Intake from Neutral Zone","","None","Score","Score","70","None","Intake from Neutral Zone","Intake from Neutral Zone","","None","Score","Score","30","None","Not Attempted","69da4d108c52fb600a35792e","bc6179c382ada36de2819c37ef3e1adfe4d83158a1f04cb81bcb91b19cf03f0b","","blue","2026-04-11T13:30:56.641Z","2026chcmp","2026chcmp_qm38","38","","2","","3","2","","","","Sai","11318","2026-04-11T13:30:57.426Z"
"Intake from Neutral Zone","Score","40","Left Trench","Not Attempted","Pass","None","40","None","Intake from Neutral Zone","None","40","None","Intake from Neutral Zone","None","40","None","Score","None","50","None","Intake from Neutral Zone","None","50","None","Score","None","40","None","Not Attempted","69d972a66596dd6511f96815","46f47f7967bcc2941b17c33d3b4c97d9cf37f8ba646c54c4eb3a82336dc5a097","","red","2026-04-10T21:59:02.290Z","2026chcmp","2026chcmp_qm37","37","","4","","4","4","","","Pretty good for not doing anything other than intake and shoot.","Snithik","3136","2026-04-10T21:59:02.290Z"
"Idle","None","","Right Trench","Not Attempted","Defense","None","","None","Defense","None","","None","Defense","None","","None","Idle","None","","None","Defense","None","","None","Idle","None","","None","Not Attempted","69d9729d6596dd6511f96812","a7aef0e0d5a4dae4c358b74cc979850ecf5d010b52596ba10f8fbb5a24cef088","","red","2026-04-10T21:58:53.409Z","2026chcmp","2026chcmp_qm37","37","","","","","4","","4","Good defence.","Arihan","1895","2026-04-10T21:58:53.409Z"
"Intake from Neutral Zone","Score","70","Right Bump","Not Attempted","Pass","Intake from Neutral Zone","","None","Score","None","70","None","Pass","Intake from Neutral Zone","","None","Score","None","50","None","Pass","Intake from Neutral Zone","","None","Score","None","50","None","L1 Attempted","69d9727a6596dd6511f9680b","0f85e81e6a8d63e53f3683700a2d64173d962734ba2d2a1a514d9236d526ec2d","","red","2026-04-10T21:58:18.606Z","2026chcmp","2026chcmp_qm37","37","","3","3","3","4","","","Good shooter intake and passing.","Nidhish","614","2026-04-10T21:58:18.606Z"
"Score","Score","10","Hub","Not Attempted","Idle","Idle","","None","Idle","Idle","","None","Defense","Idle","","None","Defense","Defense","","None","Intake from Neutral Zone","Intake from Neutral Zone","","None","Score","Score","10","None","Not Attempted","69d972616596dd6511f967fd","1a278762f45613b2393fed45991d872fe07bd7d9d0e5b40aa1d054a14ecf2172","","blue","2026-04-10T21:57:53.580Z","2026chcmp","2026chcmp_qm37","37","","2","","1","1","","","","Sai","3361","2026-04-10T21:57:53.580Z"
"Intake from Neutral Zone","Score","50","Left Trench","Not Attempted","Intake from Neutral Zone","Score","50","None","Intake from Neutral Zone","Intake from Neutral Zone","","None","Score","Score","30","None","Score","Score","","None","Score","Score","30","None","Score","Score","60","None","Not Attempted","69d972586596dd6511f967f4","26baa30b1d9b677b232e2249ea554b4876e23a8ec1825a26a8153d31fc88f108","","blue","2026-04-10T21:57:44.268Z","2026chcmp","2026chcmp_qm37","37","","4","","4","4","1","","","Falco Carey","5338","2026-04-10T21:57:44.268Z"
"Score","Intake from Neutral Zone","90","Left Bump","Not Attempted","Intake from Neutral Zone","None","","None","Intake from Neutral Zone","Pass","","None","Score","None","90","None","Idle","None","90","Light","Score","None","90","Moderate","Score","None","90","None","Not Attempted","69d9710a6596dd6511f967aa","ab6162fbbcd969e5ef1a1bc0927a1687a283de183faa279716516ed6151f95c7","","red","2026-04-10T21:52:10.331Z","2026chcmp","2026chcmp_qm36","36","","4","","3","4","3","","Good at shooting decent intake it can stop working if they put it down on a ball.","Snithik","1086","2026-04-10T21:52:10.331Z"
"Intake from Neutral Zone","Score","50","Hub","Not Attempted","Score","Intake from Neutral Zone","40","None","Score","Score","60","None","Intake from Neutral Zone","Intake from Neutral Zone","","None","Score","Score","80","None","Intake from Neutral Zone","Intake from Neutral Zone","","None","Score","Idle","50","None","Not Attempted","69d970d16596dd6511f96799","81e376c8d7d14693b89e7d088f64477950317f1bd650bf0194af5eaab3918e07","","blue","2026-04-10T21:51:13.691Z","2026chcmp","2026chcmp_qm36","36","","5","","4","4","","","Couldn’t shoot at very very end, but really good double turret robot ","Sai","1731","2026-04-10T21:51:13.691Z"
"Idle","None","","Hub","Not Attempted","Pass","None","","None","Pass","None","","None","Defense","Pass","","None","Pass","None","","None","Pass","None","","None","Pass","None","","None","Not Attempted","69d970cb6596dd6511f96798","e5fbe5548998e434d9b4fbe8ef186d56237ca897125e38106f921c540b225f65","","red","2026-04-10T21:51:07.990Z","2026chcmp","2026chcmp_qm36","36","","","4","","4","","3","Good passer","Nidhish","11425","2026-04-10T21:51:07.990Z"
"Intake from Neutral Zone","Score","50","Hub","Not Attempted","Score","Score","40","None","Pass","Pass","","None","Score","Pass","50","None","Intake from Neutral Zone","Intake from Neutral Zone","","None","Score","Score","60","None","Score","Score","60","None","Not Attempted","69d970b46596dd6511f96796","d4fe93103fdd3fdccf1b9b562382442d876c990fabf1450605b3ab5c5f0ee79a","","blue","2026-04-10T21:50:44.052Z","2026chcmp","2026chcmp_qm36","36","","4","","4","3","","","","Falco Carey","401","2026-04-10T21:50:44.052Z"
"None","None","","Hub","Not Attempted","None","None","","None","None","None","","None","None","None","","None","None","None","","None","None","None","","None","None","None","","None","Not Attempted","69d970276596dd6511f96779","66d4334b168be0b068d05f3dd50c16a19ef15b3898cbf8a5af6591099ca4d4b7","","red","2026-04-10T21:48:23.536Z","2026chcmp","2026chcmp_qm36","36","true","","","","","","","","Arihan","3258","2026-04-10T21:48:23.536Z"
"Intake from Neutral Zone","Score","80","Left Trench","Not Attempted","Score","None","80","None","Intake from Neutral Zone","Score","80","None","Intake from Neutral Zone","None","80","None","Score","Intake from Neutral Zone","70","None","Intake from Neutral Zone","Pass","70","None","Score","None","70","None","Not Attempted","69d96fc7bf568fbb13dfc9d5","e1d1fd424d42212630925f429581b06d264ec469ac5c7403ac23a4624bf19555","","red","2026-04-10T21:46:47.886Z","2026chcmp","2026chcmp_qm35","35","","4","5","4","5","","","Getting balls from behind them makes them have to spin around the rest was really good the still were relatively accurate.","Snithik","686","2026-04-10T21:46:47.886Z"
"Score","None","50","Left Trench","Not Attempted","Intake from Neutral Zone","None","50","None","Pass","None","50","None","Score","None","50","None","Intake from Neutral Zone","None","50","Moderate","Score","Intake from Neutral Zone","60","None","Intake from Neutral Zone","Score","60","None","Not Attempted","69d96fc7bf568fbb13dfc9d4","761fc7aeaade16f9c8adc2ce748e9c9e2dc89668c6f22bc56b9d33f7683e13ee","","red","2026-04-10T21:46:47.886Z","2026chcmp","2026chcmp_qm34","34","","3","4","","3","","","Not accurate but can hold a lot of balls and pass and decent shooting speed.","Snithik","1908","2026-04-10T21:46:47.886Z"
"Idle","None","","Hub","Not Attempted","Intake from Neutral Zone","None","","None","Score","Intake from Neutral Zone","40","None","Intake from Neutral Zone","None","","None","Score","None","40","None","Intake from Neutral Zone","None","","None","Score","None","40","None","Not Attempted","69d96f3b6596dd6511f9674d","5cb994d0279b26bbb5c9140698d42df09ca3e16691227eec2c47949dcdaed959","","red","2026-04-10T21:44:27.266Z","2026chcmp","2026chcmp_qm35","35","","3","","2","3","","","Big hopper, slow shooter. ","Nidhish","620","2026-04-10T21:44:27.266Z"
"Idle","Idle","","Hub","Not Attempted","Score","Score","10","None","Intake from Neutral Zone","Intake from Neutral Zone","","None","Score","Score","40","None","Intake from Neutral Zone","Pass","","None","Score","Score","40","None","Intake from Neutral Zone","Score","40","None","Not Attempted","69d96f266596dd6511f96748","44998512918c386bf0371ecaccb3251ac6ddf2eea6d685bb0945b0a400252fa4","","blue","2026-04-10T21:44:06.532Z","2026chcmp","2026chcmp_qm35","35","","5","","4","4","","","","Sai","10224","2026-04-10T21:44:06.532Z"
"Intake from Neutral Zone","Score","","Right Trench","Not Attempted","Score","Intake from Neutral Zone","40","None","Score","Score","40","None","Intake from Neutral Zone","Score","30","None","Score","Score","","None","Score","Score","40","None","Score","Score","60","None","Not Attempted","69d96f256596dd6511f96747","d54c47a6931851a8e0aa46c7c0ef65ec40c4d7aaff1850bbacb3b0b663f2560b","","blue","2026-04-10T21:44:05.364Z","2026chcmp","2026chcmp_qm35","35","","4","","4","4","","1","","Falco Carey","888","2026-04-10T21:44:05.506Z"
"Idle","None","","Right Bump","Not Attempted","Score","None","10","None","Score","None","20","None","Score","None","20","None","Score","None","30","None","Score","None","30","None","Score","None","20","None","Not Attempted","69d96ee36596dd6511f96735","9e4683eab9e159a82da959b3c8d70b7a4f0cf7855db9f1c4fb124156b13b4795","","red","2026-04-10T21:42:59.411Z","2026chcmp","2026chcmp_qm35","35","","2","","2","4","","","","Arihan","5724","2026-04-10T21:42:59.411Z"
"Intake from Neutral Zone","Score","20","Right Trench","Not Attempted","Intake from Neutral Zone","Score","60","None","Idle","None","","None","Intake from Neutral Zone","Score","10","Light","Intake from Neutral Zone","None","","None","Score","Intake from Neutral Zone","40","None","Idle","None","","None","Not Attempted","69d96cee6596dd6511f966e0","7f87dff2a12b918f0fde1ac34460e45d954ddd143c25968d92c68c90df30c571","","red","2026-04-10T21:34:38.121Z","2026chcmp","2026chcmp_qm34","34","","3","","2","4","","","Good shooter. Ok intake.","Nidhish","2199","2026-04-10T21:34:38.121Z"
"None","None","","Hub","Not Attempted","None","None","","None","None","None","","None","None","None","","None","None","None","","None","None","None","","None","None","None","","None","Not Attempted","69d96cd86596dd6511f966d8","b7e94a878098a76a6876792079ce9ecf556072c62bc3a306c4db24cc0470650d","","red","2026-04-10T21:34:16.511Z","2026chcmp","2026chcmp_qm35","35","true","","","","","","","","Arihan","5724","2026-04-10T21:34:16.511Z"
"Idle","None","","Hub","Not Attempted","Idle","None","","None","Idle","None","","None","Idle","None","","None","Idle","None","","None","Idle","None","","None","Idle","None","","None","Not Attempted","69d96cd86596dd6511f966d7","8851fbb017addf646bc57eaaa4502afbc7086aaed8db4da873f306a8106f4bd3","","red","2026-04-10T21:34:16.004Z","2026chcmp","2026chcmp_qm34","34","","","","","1","","","Did genuinely like nothing.","Arihan","5587","2026-04-10T21:34:16.004Z"
"Idle","Idle","","Hub","Not Attempted","Pass","Pass","","None","Defense","Defense","","None","Defense","Defense","","None","Defense","Defense","","None","Defense","Defense","","None","Defense","Defense","","None","Not Attempted","69d96c936596dd6511f966c4","a181bd4fbcd939fc1674da3da191aeef646bffd57c5fbc031b506a99b74f9551","","blue","2026-04-10T21:33:07.497Z","2026chcmp","2026chcmp_qm34","34","","","","","3","","3","","Sai","8590","2026-04-10T21:33:07.497Z"
"Idle","Idle","","Right Trench","Not Attempted","Idle","Idle","","None","Idle","Idle","","None","Idle","Idle","","None","Idle","Idle","","None","Idle","Idle","","None","Idle","Idle","","None","Not Attempted","69d96c4d6596dd6511f966bd","624804cf581ddd1c381106635a42f5b8965ddd72660e0973bf6e050250fe80d9","","blue","2026-04-10T21:31:57.747Z","2026chcmp","2026chcmp_qm34","34","","","","","4","","","pressed e stop instead of auto stop button during auto","Falco Carey","2537","2026-04-10T21:31:57.747Z"
"Intake from Neutral Zone","None","","Right Bump","Not Attempted","Score","Intake from Neutral Zone","10","None","Score","Intake from Neutral Zone","40","None","Score","Intake from Neutral Zone","30","None","Intake from Neutral Zone","None","40","None","Score","None","40","None","Score","None","30","None","Not Attempted","69d96c28bf568fbb13dfc9c3","5ddc84cc134b528e09ef1e8513c49c128632a5c631d4b93d5407171c58483368","","red","2026-04-10T21:31:20.954Z","2026chcmp","2026chcmp_qm29","29","","3","","3","3","","","Okay overall not the best team.","Snithik","1389","2026-04-10T21:31:20.954Z"
"Idle","None","","Right Bump","Not Attempted","Pass","None","","None","Idle","None","","None","Score","Intake from Neutral Zone","20","None","Defense","None","","None","Score","None","10","Light","Pass","Defense","","None","Not Attempted","69d96c28bf568fbb13dfc9ba","0b2550f2d5e823a55a76b6f4bb6edda53a3a7ec54f75c8671029d704f0b0dcd7","","red","2026-04-10T21:31:20.954Z","2026chcmp","2026chcmp_qm20","20","","1","2","1","1","1","2","Mainly only defense after being really bad at shooting it was defense and passing endgame didn’t do to much well overall.","Snithik","3361","2026-04-10T21:31:20.954Z"
"Intake from Neutral Zone","Score","50","Right Bump","Not Attempted","Intake from Neutral Zone","None","50","None","Intake from Neutral Zone","None","40","None","Score","None","50","None","Intake from Neutral Zone","None","50","None","Score","None","40","Moderate","Score","None","40","None","Not Attempted","69d96c28bf568fbb13dfc9bb","59b0d56834ddb212e16b8e55101ffa6d5b7b68def22f238c7846ecb2c85c1197","","red","2026-04-10T21:31:20.954Z","2026chcmp","2026chcmp_qm21","21","","4","","3","4","","","Good team helped their alliance partners get of the bump and good at shooting and decent intake at the end the last few balls they shot did not seem to go high enough most likely a low battery.","Snithik","614","2026-04-10T21:31:20.954Z"
"Intake from Neutral Zone","Idle","","Left Bump","Not Attempted","Intake from Neutral Zone","None","","None","Pass","Intake from Neutral Zone","","None","Score","None","20","None","Intake from Neutral Zone","None","30","None","Score","None","30","None","Score","None","30","None","Not Attempted","69d96c28bf568fbb13dfc9bc","9b530e7397d8566085996523120ce25252f32e0b62b3b5802657bccea4b61f71","","red","2026-04-10T21:31:20.954Z","2026chcmp","2026chcmp_qm22","22","","2","4","4","3","","","Low accuracy at the start improved enough to make about 30% of shots afterwards intake was really fast and effective great passing good mainly as a passing robot.","Snithik","1389","2026-04-10T21:31:20.954Z"
"Intake from Neutral Zone","Score","50","Left Trench","Not Attempted","Intake from Neutral Zone","Score","50","None","Intake from Neutral Zone","Pass","","None","Score","None","50","None","Intake from Neutral Zone","Idle","","None","Score","None","50","None","Score","None","50","Heavy","Not Attempted","69d96c28bf568fbb13dfc9bd","c3d010ac520268a7d76feac15a51d4754580dea8012782f13bb27dd5cf1ca9b0","","red","2026-04-10T21:31:20.954Z","2026chcmp","2026chcmp_qm23","23","","3","5","4","4","2","","Best passing robot extremely fast turret can send balls really fast and not very accurate but they amount of balls it can shoot in a few seconds defense wasn’t able to do. much to it even if it couldn’t avoid it it could shoot as a turret.","Snithik","422","2026-04-10T21:31:20.954Z"
"Intake from Neutral Zone","Score","40","Right Trench","Not Attempted","Intake from Neutral Zone","Score","50","None","Score","None","60","None","Intake from Neutral Zone","Pass","60","None","Score","None","60","None","Intake from Neutral Zone","Pass","60","None","Score","None","60","None","Not Attempted","69d96c28bf568fbb13dfc9be","e9b3599c6ba4017d2acf030c05143f08a13221af11659413b4ee44cbec609f8b","","red","2026-04-10T21:31:20.954Z","2026chcmp","2026chcmp_qm24","24","","4","5","4","4","","","Great passing accuracy and speed same with shooting the hub good at getting all the neutral zone balls go into it’s alliance zone.","Snithik","11415","2026-04-10T21:31:20.954Z"
"Intake from Neutral Zone","Score","10","Left Trench","Not Attempted","Score","None","30","None","Intake from Neutral Zone","None","","Moderate","Score","None","40","Moderate","Intake from Neutral Zone","None","","Light","Score","None","50","None","Score","None","40","None","Not Attempted","69d96c28bf568fbb13dfc9bf","a7e59aa42d0c058864ec3f6e3d98317933fe40c7e1372bc9da70b1634dc24dcb","","red","2026-04-10T21:31:20.954Z","2026chcmp","2026chcmp_qm25","25","","3","","4","4","","","Auto wasn’t the best they intake a lot of balls then shoot low accuracy just had a lot of balls they could shoot and intake.","Snithik","5338","2026-04-10T21:31:20.954Z"
"Intake from Neutral Zone","Score","30","Left Trench","Not Attempted","Intake from Neutral Zone","Score","50","None","Score","None","40","None","Intake from Neutral Zone","Pass","40","None","Score","None","30","None","Intake from Neutral Zone","None","","None","Score","None","50","None","Not Attempted","69d96c28bf568fbb13dfc9c0","28ebd4791c7f499a4bdd821ed08314531b88aa79ffb59d8ba13058ce7017dffe","","red","2026-04-10T21:31:20.954Z","2026chcmp","2026chcmp_qm26","26","","3","3","3","3","","","Okay team overall decent at most things.","Snithik","2377","2026-04-10T21:31:20.954Z"
"Intake from Neutral Zone","Score","60","Left Trench","Not Attempted","Score","Intake from Neutral Zone","70","None","Idle","None","70","None","Score","None","80","None","Intake from Neutral Zone","Pass","80","None","Score","None","80","None","Score","None","80","None","Not Attempted","69d96c28bf568fbb13dfc9c2","fc37c211fe929d0d7e577bb489df92b61b17bfa8100fd3190c27ffe872b508a6","","red","2026-04-10T21:31:20.954Z","2026chcmp","2026chcmp_qm28","28","","5","5","4","5","","","Shooting extremely fast and accurately carried the entire alliance shooting and anything with its shooter went well along with intaking.","Snithik","2106","2026-04-10T21:31:20.954Z"
"Score","Intake from Neutral Zone","30","Left Trench","Not Attempted","Intake from Neutral Zone","None","30","None","Intake from Neutral Zone","None","20","None","Intake from Neutral Zone","None","20","None","Intake from Neutral Zone","None","","None","Defense","None","10","None","Idle","None","10","None","Not Attempted","69d96c28bf568fbb13dfc9c1","f32d60dd025a78809d1affc1b1f756f8e055411f779f5ad4c4c1df8a993e3796","","red","2026-04-10T21:31:20.954Z","2026chcmp","2026chcmp_qm27","27","","2","","3","3","","2","Changed to defense because shooter wasn’t great so driver was able to change strategies from collect balls and shoot to defense and passing I’m pretty sure.","Snithik","888","2026-04-10T21:31:20.954Z"
"Idle","None","","Hub","Not Attempted","Defense","None","","None","Defense","None","","None","Defense","None","","None","Defense","None","","None","Defense","None","","None","Pass","None","","None","Not Attempted","69d96c28bf568fbb13dfc9c4","43901f2dcf8dddc6c83eab733369b83b0e0cf1529a73566bfd8441ec171acc81","","red","2026-04-10T21:31:20.954Z","2026chcmp","2026chcmp_qm30","30","","1","1","","1","","1","Defense was almost impossible and it was to slow and light to defend any robot also its shooter made 0 balls go into the hub and did pass a few balls to both sides and human players.","Snithik","10679","2026-04-10T21:31:20.954Z"
"Intake from Neutral Zone","Score","50","Left Trench","Not Attempted","Idle","None","50","None","Intake from Neutral Zone","None","30","None","Defense","None","","None","Defense","None","","None","Score","None","40","None","Intake from Neutral Zone","Score","40","None","Not Attempted","69d96c28bf568fbb13dfc9c5","3f77df73e9bc18ca6020ccbc498375ee305f3e099e370a34ffc32467b9b67e16","","red","2026-04-10T21:31:20.954Z","2026chcmp","2026chcmp_qm31","31","","2","","3","2","","2","Shooter worked sometimes and others it was completely useless the constituency of the robot was horrible the defense did work but the intaking was okay.","Snithik","4099","2026-04-10T21:31:20.954Z"
"Score","None","10","Hub","Not Attempted","Pass","None","","None","Defense","None","","None","Pass","None","","None","Pass","None","","None","Defense","None","","None","Pass","None","","None","Not Attempted","69d96c28bf568fbb13dfc9c6","bfb473bb9586f35aaeda42ab1e07b57043909c98de5950ce125aee2adaf405e0","","red","2026-04-10T21:31:20.954Z","2026chcmp","2026chcmp_qm32","32","","1","2","1","1","","1","Defense helped the other team boosting them into balls allowing them to intake faster the hoper couldn’t even store any of the balls it collected has accuracy but takes forever to shot only one shot.","Snithik","2068","2026-04-10T21:31:20.954Z"
"Idle","None","","Right Bump","Not Attempted","Idle","None","","None","Score","None","20","None","Defense","None","20","None","Intake from Neutral Zone","Score","20","None","Defense","None","","None","Score","None","20","None","Not Attempted","69d96c28bf568fbb13dfc9c7","c43cdfe8b9133fb0b8d035422215a79de4c22151b192393d05819f3217befead","","red","2026-04-10T21:31:20.954Z","2026chcmp","2026chcmp_qm33","33","","1","","","1","","1","Most skilled robot able to miss every shot at the start of the match and then finally got a few points but not much.","Snithik","3939","2026-04-10T21:31:20.954Z"
"Idle","None","","Hub","Not Attempted","Score","Intake from Neutral Zone","10","None","Intake from Neutral Zone","None","","None","Score","Intake from Neutral Zone","30","None","Intake from Neutral Zone","None","30","None","Score","None","30","None","Score","None","30","None","Not Attempted","69d96c28bf568fbb13dfc9b5","56feafe3a35f0264acb4ba56818c5e5c991b41e571406a27988da3c7da6b5963","","red","2026-04-10T21:31:20.953Z","2026chcmp","2026chcmp_qm15","15","","2","","3","2","","","Slow shooter with extremely low accuracy and not great intaking other teammate got most of the points.","Snithik","10004","2026-04-10T21:31:20.953Z"
"Intake from Neutral Zone","Score","40","Left Trench","Not Attempted","Intake from Neutral Zone","None","30","None","Intake from Neutral Zone","None","20","Light","Intake from Neutral Zone","Pass","20","None","Intake from Neutral Zone","Pass","20","None","Defense","None","10","None","Defense","None","10","None","Not Attempted","69d96c28bf568fbb13dfc9ad","3cbe9f36a95cd2bebe9e798b601a56462446309f5eb62635d4403209849e7721","","red","2026-04-10T21:31:20.953Z","2026chcmp","2026chcmp_qm7","7","","2","4","","4","","4","Shooter started missing horribly so changed strategy to passing and defense.","Snithik","1629","2026-04-10T21:31:20.953Z"
"Score","Idle","10","Hub","Not Attempted","Intake from Neutral Zone","None","","None","Idle","Score","20","None","Intake from Neutral Zone","Score","20","None","Score","None","30","None","Intake from Neutral Zone","None","","None","Score","None","30","None","Not Attempted","69d96c28bf568fbb13dfc9ae","600f97e6c160d114239b4c67482a6a544f4cd62935bd7355a15d0c0a6d35d63e","","red","2026-04-10T21:31:20.953Z","2026chcmp","2026chcmp_qm8","8","","2","","3","3","","","Accurate but slow shooting not the best to empty their hoper quickly even with a turret.","Snithik","5243","2026-04-10T21:31:20.953Z"
"Score","Intake from Neutral Zone","50","Left Trench","Not Attempted","Intake from Neutral Zone","Score","50","None","Intake from Neutral Zone","None","50","None","Score","None","60","None","Idle","None","60","None","Idle","None","","None","Idle","None","50","None","Not Attempted","69d96c28bf568fbb13dfc9af","7abab21b73358d5bf0702f67c6954b2237a4f0f917fddd429037417def853e40","","red","2026-04-10T21:31:20.953Z","2026chcmp","2026chcmp_qm9","9","","4","","3","4","","","Good at shooting until it stopped shooting and got stuck for the rest of the match when it stopped shooting it’s team also stopped shooting.","Snithik","5338","2026-04-10T21:31:20.953Z"
"Score","Idle","40","Right Bump","Not Attempted","Idle","None","20","None","Intake from Neutral Zone","Score","30","Light","Intake from Neutral Zone","Score","30","None","Score","None","40","None","Intake from Neutral Zone","None","40","Light","Score","None","30","None","Not Attempted","69d96c28bf568fbb13dfc9b0","f60228e680295b87176b7ace7448e7c169ef2f60f721b722b57b3a789f9b7dfd","","red","2026-04-10T21:31:20.953Z","2026chcmp","2026chcmp_qm10","10","","2","","3","2","1",""," Can’t shoot fast not the most accurate either can’t avoid defense they go straight in to defense and move slowly.","Snithik","1086","2026-04-10T21:31:20.953Z"
"Idle","Score","10","Right Bump","Not Attempted","Idle","None","10","None","Idle","None","","None","Idle","None","","None","Idle","None","","None","Idle","Pass","","None","Intake from Neutral Zone","Pass","","None","Not Attempted","69d96c28bf568fbb13dfc9b1","94d5c36cecad71b5e018de6657d1402937bd7175413d1e1641c2c30a9a52b60f","","red","2026-04-10T21:31:20.953Z","2026chcmp","2026chcmp_qm11","11","","1","3","","1","","","Couldn’t move after auto until the 5 transition and moved a little and in endgame they passed their shooter could only shoot very low and only got about 5 points at the start and that was it.","Snithik","1389","2026-04-10T21:31:20.953Z"
"Score","Intake from Neutral Zone","20","Right Trench","Not Attempted","Idle","None","20","None","Idle","None","10","None","Idle","None","","None","Idle","None","","None","Idle","None","","None","Idle","None","","None","Not Attempted","69d96c28bf568fbb13dfc9b2","4f5bce5589f4793c33f5f85c3997165a220b46e8fb8332ca9740b0514d5b77f2","","red","2026-04-10T21:31:20.953Z","2026chcmp","2026chcmp_qm12","12","","1","","1","1","","","Couldn’t intake bad shooting and ideal for the entire game they couldn’t find out what went wrong with their robot the entire time.","Snithik","2199","2026-04-10T21:31:20.953Z"
"Intake from Neutral Zone","Score","70","Right Trench","Not Attempted","Intake from Neutral Zone","None","","None","Intake from Neutral Zone","Score","60","None","Intake from Neutral Zone","None","60","None","Score","Intake from Neutral Zone","70","None","Intake from Neutral Zone","Pass","70","None","Score","None","70","None","Not Attempted","69d96c28bf568fbb13dfc9b3","fac74aa1db5c54fcf765c10d8d67f2f8b19557c67d02916959daf192ebb44874","","red","2026-04-10T21:31:20.953Z","2026chcmp","2026chcmp_qm13","13","","3","","3","3","","","Acutely shoot until balls did not go high enough and was a decent robot overall.","Snithik","619","2026-04-10T21:31:20.953Z"
"Idle","None","","Right Bump","Not Attempted","Intake from Neutral Zone","None","","None","Score","None","50","None","Pass","None","","None","Score","None","70","None","Intake from Neutral Zone","Pass","","None","Score","None","60","None","Not Attempted","69d96c28bf568fbb13dfc9b4","74e46df4b2d9a14ff9fb4793d25db4bb2b50a8e3315b14328297dbb73cc2cbb8","","red","2026-04-10T21:31:20.953Z","2026chcmp","2026chcmp_qm14","14","","3","2","3","3","","","Shot a lot of points I got confused with 346 for autonomous.","Snithik","3748","2026-04-10T21:31:20.953Z"
"Idle","None","","Left Trench","Not Attempted","Idle","None","","None","Idle","None","","None","Idle","None","","None","Idle","None","","None","Pass","None","","None","Idle","None","","None","Not Attempted","69d96c28bf568fbb13dfc9b6","1e9805821950d31dbbb94fc42179dbe19478cc0361b6f0027c0ed68e984b6ee4","","red","2026-04-10T21:31:20.953Z","2026chcmp","2026chcmp_qm16","16","","1","2","1","1","","","Can’t intake at all and shooting is horrible can pass not well defended it’s teammates a little bit and moved around trying to intake falling the entire match.","Snithik","339","2026-04-10T21:31:20.953Z"
"Intake from Neutral Zone","Score","60","Left Bump","Not Attempted","Intake from Neutral Zone","None","","None","Intake from Neutral Zone","Defense","","Moderate","Score","None","70","Heavy","Intake from Neutral Zone","None","70","Light","Score","None","70","Moderate","Score","None","80","Moderate","Not Attempted","69d96c28bf568fbb13dfc9b7","09e3ffe1ce5445b492a6c28f78090f34b273eb8ba2e95d7247661b83db5f149b","","red","2026-04-10T21:31:20.953Z","2026chcmp","2026chcmp_qm17","17","","4","","3","4","1","","Were getting a lot of points with some help until it and the human players were the only ones shooting they were defended but it didn’t effect them to much.","Snithik","4099","2026-04-10T21:31:20.953Z"
"Score","None","20","Hub","Not Attempted","Intake from Neutral Zone","None","","None","Intake from Neutral Zone","Pass","","None","Score","None","30","None","Intake from Neutral Zone","None","30","None","Score","None","30","None","Defense","None","30","None","Not Attempted","69d96c28bf568fbb13dfc9b8","dca2bd18c7c5e20a0d2575d0b847c3e66f42443f7411a61283013f775d5ef127","","red","2026-04-10T21:31:20.953Z","2026chcmp","2026chcmp_qm18","18","","2","","2","2","","1","Not the very good at shooting horrible at defense stoped shooting after some time and seemed like something went wrong with their robot moved shooter or intake causing them to attempt defense.","Snithik","1262","2026-04-10T21:31:20.953Z"
"Intake from Neutral Zone","Score","30","Left Trench","Not Attempted","Score","Intake from Neutral Zone","40","None","Intake from Neutral Zone","None","","None","Score","Intake from Neutral Zone","30","None","Intake from Neutral Zone","Defense","30","None","Score","None","30","None","Score","None","40","None","Not Attempted","69d96c28bf568fbb13dfc9b9","8a28b79464848f199bfd7818c9719ec4631f84ef65b7c5cb74741d0feeb80845","","red","2026-04-10T21:31:20.953Z","2026chcmp","2026chcmp_qm19","19","","3","","2","3","","1","Good turret relatively accurate and not good at defense mort of the points came from their teammates.","Snithik","540","2026-04-10T21:31:20.953Z"
"Idle","None","","Hub","Not Attempted","Intake from Neutral Zone","None","10","Light","Idle","None","","None","Idle","None","","None","Score","None","10","Light","Idle","Score","","None","Score","None","","None","Not Attempted","69d96c28bf568fbb13dfc9a9","5899587119069d0929db1d0b23974dd59eb52ca0ccdd73e0d68675baca48ea7f","","red","2026-04-10T21:31:20.952Z","2026chcmp","2026chcmp_qm3","3","","1","","1","1","1","","Moving around trying to intake it was bad and when they tried to shoot their accuracy and the number of balls that went in in total seemed to be at most 10 they failed to avoid defense that wasn’t really defense.","Snithik","1111","2026-04-10T21:31:20.952Z"
"Idle","None","","Hub","Not Attempted","Defense","Pass","","None","Pass","None","","None","Defense","Pass","","None","Defense","None","","None","Defense","Idle","","None","Idle","Defense","","None","Not Attempted","69d96c28bf568fbb13dfc9a8","fcecb6f8c4ad827c91a6872b15f9c8afa27502f9056f820517335f885b084e19","","red","2026-04-10T21:31:20.952Z","2026chcmp","2026chcmp_qm2","2","","","","","1","","1","Idle most of the time and horrible defense it didn’t help at all it seemed to try pushing bots failed and got trapped between 2 bots and when it got out it was useless.","Snithik","8590","2026-04-10T21:31:20.952Z"
"Intake from Neutral Zone","Score","70","Left Trench","Not Attempted","Score","Idle","70","None","Intake from Neutral Zone","None","70","None","Score","None","70","None","Intake from Neutral Zone","None","70","None","Score","None","60","None","Score","Intake from Neutral Zone","60","None","Not Attempted","69d96c28bf568fbb13dfc9aa","40edb7dfae5e89a2baef9a905827b47f0e35c84b5fd6448c7b3fac5c28747793","","red","2026-04-10T21:31:20.952Z","2026chcmp","2026chcmp_qm4","4","","4","","3","4","","","Decent in taking good shooter accurate high unload speed and can store a lot of balls in their hopper their team was ok and helped them get quite a bit of points.","Snithik","4099","2026-04-10T21:31:20.952Z"
"Score","Intake from Neutral Zone","60","Right Trench","Not Attempted","Intake from Neutral Zone","None","","None","Score","Intake from Neutral Zone","60","None","Intake from Neutral Zone","Pass","60","None","Score","None","60","None","Intake from Neutral Zone","Score","60","None","Score","None","60","None","Not Attempted","69d96c28bf568fbb13dfc9ac","1b484d01af4050fb3555be556a49f47030c4b514a828fbe9afd6adc9d37cd72f","","red","2026-04-10T21:31:20.952Z","2026chcmp","2026chcmp_qm6","6","","4","2","4","4","","","Their battery was probably almost dead because at the end their robot moved extremely slowly and stoped shooting fast can intake and shoot well pretty good robot overall.","Snithik","619","2026-04-10T21:31:20.952Z"
"Score","Idle","20","Right Bump","Not Attempted","Score","None","30","None","Intake from Neutral Zone","None","30","None","Score","None","40","None","Intake from Neutral Zone","None","40","None","Score","None","40","None","Score","None","40","None","Not Attempted","69d96c28bf568fbb13dfc9ab","cc313f1f0212e1063733f1d6bb4b9319c29cfbc812a1842a21c85b7570a695e8","","red","2026-04-10T21:31:20.952Z","2026chcmp","2026chcmp_qm5","5","","3","","3","3","","","Couldn’t get accurate shoots but had about 40% most of the end game for their teams balls in the hub.","Snithik","11318","2026-04-10T21:31:20.952Z"
"Score","Intake from Neutral Zone","50","Right Trench","Not Attempted","Score","Intake from Neutral Zone","60","None","Intake from Neutral Zone","None","60","None","Score","None","80","None","Intake from Neutral Zone","Pass","70","None","Score","None","70","None","Score","None","80","None","Not Attempted","69d96c28bf568fbb13dfc9a7","78969cb82ef789d23b6b745c83ea49efc009bad94f21abf8356fb03b70914342","","red","2026-04-10T21:31:20.945Z","2026chcmp","2026chcmp_qm1","1","","5","5","3","4","","","","Snithik","2106","2026-04-10T21:31:20.945Z"
"Score","None","20","Hub","Not Attempted","Score","None","30","None","Score","None","20","None","Score","None","30","None","Score","None","20","None","Defense","None","20","None","Score","None","30","None","Not Attempted","69d96b3f6596dd6511f96689","40df09dbee80ef2c6fcd7e326c7e3436ee52a567873bdad05dc309d73dc0f4b1","","red","2026-04-10T21:27:27.340Z","2026chcmp","2026chcmp_qm33","33","","3","","3","3","","4","","Arihan","9033","2026-04-10T21:27:27.340Z"
"Intake from Neutral Zone","Score","50","Left Bump","Not Attempted","Intake from Neutral Zone","Intake from Neutral Zone","","None","Intake from Neutral Zone","Pass","","None","Score","Score","60","None","Intake from Neutral Zone","Pass","","None","Score","Score","40","None","Score","Score","60","None","Not Attempted","69d96ae36596dd6511f96682","7ff92f61a64ca98876ed368b8268fcb9ee980a8dd7ff1820397c5ff7852389d9","","blue","2026-04-10T21:25:55.794Z","2026chcmp","2026chcmp_qm33","33","","5","","4","5","","","Pretty good","Sai","346","2026-04-10T21:25:55.794Z"
"Intake from Neutral Zone","Score","20","Right Trench","Not Attempted","Intake from Neutral Zone","Score","20","None","Score","Pass","","None","Score","Intake from Neutral Zone","30","Moderate","Intake from Neutral Zone","Pass","","None","Score","Score","10","Light","Intake from Neutral Zone","Score","20","Moderate","Not Attempted","69d96add6596dd6511f96680","8781d19c5af2e6161ce3a867f4f4f3cb732a37ec06ab4a3c4f7412ceec641735","","blue","2026-04-10T21:25:49.271Z","2026chcmp","2026chcmp_qm33","33","","1","2","4","3","1","","","Falco Carey","11415","2026-04-10T21:25:49.814Z"
"Intake from Neutral Zone","Score","40","Left Trench","Not Attempted","Intake from Neutral Zone","Score","60","None","Score","Intake from Neutral Zone","70","None","Idle","None","","None","Idle","None","","None","Idle","None","","None","Idle","None","","None","Not Attempted","69d96ad56596dd6511f9667f","964ef84f5b82c5ae657e3961a6a35ceecdb81c7a6b985f49462b0a356da2fea6","","red","2026-04-10T21:25:41.351Z","2026chcmp","2026chcmp_qm33","33","","5","","4","4","","","Idle for almost whole match. But really good robot.","Nidhish","9072","2026-04-10T21:25:41.351Z"
"Intake from Neutral Zone","Score","10","Left Trench","Not Attempted","Score","None","80","None","Score","None","40","None","Intake from Neutral Zone","Pass","","None","Score","None","80","None","Intake from Neutral Zone","Pass","","None","Score","None","70","None","Not Attempted","69d969056596dd6511f96602","d2389788ac51d3901775e18fdfd55c832fc9ab8fe0cc1b031c21a54dd77fbdc1","","red","2026-04-10T21:17:57.290Z","2026chcmp","2026chcmp_qm32","32","","3","3","3","4","","","Good shooter, ok intake, good strategy.","Nidhish","4472","2026-04-10T21:17:57.290Z"
"Score","None","20","Right Bump","Not Attempted","Score","None","20","None","Score","None","20","None","Score","None","20","None","Score","None","20","None","Score","None","20","None","Score","None","20","None","Not Attempted","69d968ec6596dd6511f965ff","393262cdbefd8cdc9bd688a1b45d2f6f72f44c99cb8142eac19b8f3002dc50f2","","red","2026-04-10T21:17:32.819Z","2026chcmp","2026chcmp_qm32","32","","2","","2","3","","","Mid. Don't pick.","Arihan","5804","2026-04-10T21:17:32.991Z"
"Intake from Neutral Zone","Score","50","Hub","Not Attempted","Score","Score","50","None","Pass","Intake from Neutral Zone","","None","Score","Score","30","None","Pass","Intake from Neutral Zone","","None","Score","Score","40","None","Score","Intake from Neutral Zone","40","None","Not Attempted","69d968e86596dd6511f965fe","6cb673569fe2c3f59cb9b344a143454d0797ffa93798ad78c7f828e73f85e12e","","blue","2026-04-10T21:17:28.328Z","2026chcmp","2026chcmp_qm32","32","","2","4","4","4","1","","","Falco Carey","1262","2026-04-10T21:17:28.328Z"
"Score","Score","20","Left Bump","Not Attempted","Intake from Neutral Zone","Intake from Neutral Zone","","None","Pass","Intake from Neutral Zone","","None","Score","Score","30","None","Intake from Neutral Zone","Intake from Neutral Zone","","None","Score","Score","30","None","Score","Score","30","None","Not Attempted","69d968e86596dd6511f965fd","978dd185da53ca749579667d84bd8edf08b97fa980be5c69de065fbfe2f3a008","","blue","2026-04-10T21:17:28.141Z","2026chcmp","2026chcmp_qm32","32","","3","","4","3","","","","Sai","2377","2026-04-10T21:17:28.141Z"
"Idle","None","","Hub","Not Attempted","Idle","None","","None","Intake from Neutral Zone","Score","40","None","Intake from Neutral Zone","None","","None","Intake from Neutral Zone","None","40","None","Idle","None","","None","Defense","None","","None","Not Attempted","69d9674b6596dd6511f965b5","acfa059bb5bb90784c84d0029e5388f48b1e4dc2ff5f5f105963c4938ebb8f29","","red","2026-04-10T21:10:35.543Z","2026chcmp","2026chcmp_qm31","31","","3","","2","3","","4","Good defence. Ok shoter. Bad intake.","Nidhish","619","2026-04-10T21:10:35.543Z"
"Intake from Neutral Zone","Score","70","Left Trench","Not Attempted","Score","Intake from Neutral Zone","60","None","Score","Intake from Neutral Zone","60","None","Intake from Neutral Zone","Intake from Neutral Zone","","None","Score","Score","80","None","Intake from Neutral Zone","Intake from Neutral Zone","","None","Score","Score","50","None","Not Attempted","69d967326596dd6511f965a6","29e5180c5aa1df34451726fcd2b695b6d28b78fec664517a92a2f78b8b4428a5","","blue","2026-04-10T21:10:10.163Z","2026chcmp","2026chcmp_qm31","31","","4","","5","4","","","","Sai","5338","2026-04-10T21:10:10.163Z"
"Score","None","20","Right Trench","Not Attempted","Score","None","30","None","Pass","None","","None","Score","None","40","None","Pass","None","50","None","Pass","None","40","None","Score","None","50","None","Not Attempted","69d967226596dd6511f965a1","6c6ee71b6e6893c3dad29c239f427997e077e8892410893c45b507be80513d73","","red","2026-04-10T21:09:54.499Z","2026chcmp","2026chcmp_qm31","31","","4","3","4","4","","","","Arihan","836","2026-04-10T21:09:54.499Z"
"Score","Score","10","Hub","Not Attempted","Pass","Pass","","None","Pass","Pass","","None","Pass","Pass","","None","Pass","Pass","","None","Pass","Pass","","None","Pass","Pass","","None","Not Attempted","69d966f16596dd6511f96597","1cf88ad7360c768993bcc829d8cff4d41b3d66cc02125aed8e081157ef113a8e","","blue","2026-04-10T21:09:05.772Z","2026chcmp","2026chcmp_qm31","31","","1","2","","3","","","","Falco Carey","1719","2026-04-10T21:09:05.772Z"
"Score","None","50","Hub","Not Attempted","Score","None","60","None","Pass","None","","None","Score","None","60","None","Pass","None","","None","Score","None","70","None","Score","None","70","None","Not Attempted","69d9656f6596dd6511f9654b","2a7b18d8c85e154252f33271161216ad9361c6b4bc58b8ca7cef2836641657af","","red","2026-04-10T21:02:39.948Z","2026chcmp","2026chcmp_qm30","30","","5","4","5","4","","","Holy crap that was amazing. They scored like 300 points by themselves.","Arihan","449","2026-04-10T21:02:39.948Z"
"Intake from Neutral Zone","Score","30","Right Trench","Not Attempted","Intake from Neutral Zone","None","","None","Intake from Neutral Zone","Pass","","None","Score","None","50","Light","Intake from Neutral Zone","None","","None","Score","None","50","None","Score","Intake from Neutral Zone","50","None","Not Attempted","69d964f76596dd6511f9652f","31e6202f741edeb5ffc964179fb094853beec3ba0f037dc8eca266e834349d79","","red","2026-04-10T21:00:39.780Z","2026chcmp","2026chcmp_qm30","30","","4","2","3","4","","","Great shooter. Good intake. Auto messed up. ","Nidhish","3136","2026-04-10T21:00:39.780Z"
"Idle","Idle","","Hub","Not Attempted","Score","Score","70","None","Score","Score","80","Heavy","Intake from Neutral Zone","Intake from Neutral Zone","","None","Score","Score","90","Moderate","Intake from Neutral Zone","Pass","","None","Score","Score","100","None","Not Attempted","69d964c36596dd6511f9652b","34fee662787a31331d92e8cf0d0d1936aeb427ccd439d5df46da69ead0f939c5","","blue","2026-04-10T20:59:47.265Z","2026chcmp","2026chcmp_qm30","30","","4","5","4","4","1","","","Falco Carey","1727","2026-04-10T20:59:47.265Z"
"Idle","Idle","","Left Trench","Not Attempted","Idle","Idle","","None","Score","Score","","None","Defense","Defense","","None","Defense","Score","10","None","Defense","Defense","","None","Score","Score","10","None","Not Attempted","69d964b76596dd6511f96529","6891fcdd8a7c476a395569d0fe0ef99ebacea18053b8a3dd7cc0858459e3ed74","","blue","2026-04-10T20:59:35.360Z","2026chcmp","2026chcmp_qm30","30","","1","","1","2","","","Awful","Sai","1111","2026-04-10T20:59:35.360Z"
"Intake from Neutral Zone","Score","40","Left Trench","Not Attempted","Score","Score","70","None","Intake from Neutral Zone","Pass","","None","Score","Score","40","None","Intake from Neutral Zone","Intake from Neutral Zone","","None","Score","Score","50","None","Score","Score","50","None","Not Attempted","69d9633e6596dd6511f964dd","ae93b2dab8c1a04a4c72a688182f5408e653539af5bb5001f0f319ded67b3792","","blue","2026-04-10T20:53:18.917Z","2026chcmp","2026chcmp_qm29","29","","4","","4","4","","","Pretty good ","Sai","10004","2026-04-10T20:53:18.917Z"
"Score","None","20","Hub","Not Attempted","Intake from Neutral Zone","None","","None","Pass","Score","30","None","Intake from Neutral Zone","Pass","","Light","Score","None","40","None","Idle","None","","None","Pass","None","","None","Not Attempted","69d9632a6596dd6511f964da","851755b0cc6e5d582b2b4ac281ae37482424b5b8878fa680f067ebb3d5015d2b","","red","2026-04-10T20:52:58.974Z","2026chcmp","2026chcmp_qm29","29","","3","2","1","3","","","Ok shooter. Bad intake. Great strategy. ","Nidhish","11318","2026-04-10T20:52:58.974Z"
"Intake from Neutral Zone","Score","50","Right Bump","Not Attempted","Intake from Neutral Zone","Score","90","None","Intake from Neutral Zone","Score","","None","Score","Score","90","None","Intake from Neutral Zone","Intake from Neutral Zone","","None","Score","Score","80","None","Score","Score","70","None","Not Attempted","69d963286596dd6511f964d9","997834cb622e4bf0ccd41b0aa2b94486ce7f54431ed5b65af05ed7bc5798bcf7","","blue","2026-04-10T20:52:56.066Z","2026chcmp","2026chcmp_qm29","29","","5","","4","4","2","","intake broke kinda but still worked a bit ","Falco Carey","614","2026-04-10T20:52:56.066Z"
"Score","None","20","Hub","Not Attempted","Score","None","30","None","Score","None","30","None","Score","None","30","None","Score","None","30","None","Score","None","30","None","Score","None","30","None","Not Attempted","69d9630d6596dd6511f964d5","f9fe0ef30eb874fb3414a35e6aa261c7a3e735bfc6438bd72dd9d844f3819f98","","red","2026-04-10T20:52:29.118Z","2026chcmp","2026chcmp_qm29","29","","3","","3","3","","","","Arihan","3748","2026-04-10T20:52:29.118Z"
"Score","None","20","Right Bump","L1 Attempted","Idle","None","","None","Intake from Neutral Zone","None","","None","Score","None","20","None","Intake from Neutral Zone","None","","None","Score","None","20","None","Intake from Neutral Zone","Score","10","None","Not Attempted","69d9614f6596dd6511f96476","6ca4edbcc467596e8b96e210fd14d1565b63c3be0de4f10eadfe8f058f819caa","","red","2026-04-10T20:45:03.391Z","2026chcmp","2026chcmp_qm28","28","","2","1","1","2","","","Horrible intake. Slow shooter. No stategy.","Nidhish","5243","2026-04-10T20:45:03.391Z"
"Intake from Neutral Zone","Score","60","Right Trench","Not Attempted","Intake from Neutral Zone","Intake from Neutral Zone","","None","Score","Score","60","None","Intake from Neutral Zone","Intake from Neutral Zone","","None","Score","Score","30","None","Intake from Neutral Zone","Pass","","None","Score","Score","30","None","Not Attempted","69d961366596dd6511f96474","8ae4ab49d317441de43c274333b05a92cca6047b875a8d795c179b793ab8c9f0","","blue","2026-04-10T20:44:38.599Z","2026chcmp","2026chcmp_qm28","28","","4","3","3","4","","","","Sai","5549","2026-04-10T20:44:38.599Z"
"Score","Score","20","Hub","Not Attempted","Intake from Neutral Zone","Idle","","None","Pass","Idle","","None","Defense","Pass","","None","Defense","Pass","","None","Pass","Pass","","None","Pass","Pass","","None","Not Attempted","69d961266596dd6511f96471","9eb3b1acfa3c0fe7ae2678ec86d45fd6d762aad62b69ff31b8f7ffa685fb1a39","","blue","2026-04-10T20:44:22.979Z","2026chcmp","2026chcmp_qm28","28","","","2","","2","1","1","chud","Falco Carey","2421","2026-04-10T20:44:22.979Z"
"Idle","None","","Hub","Not Attempted","Idle","None","","None","Idle","None","","None","Idle","None","","None","Idle","None","","None","Idle","None","","None","Idle","None","","None","Not Attempted","69d95fa56596dd6511f9640e","27b5d5bdc4fd421f3afefc5b6690e52a2f960e817a6ba0d11ab36bd7b5642b90","","red","2026-04-10T20:37:57.366Z","2026chcmp","2026chcmp_qm28","28","true","","","","2","","","Hit random things.","Arihan","3361","2026-04-10T20:44:43.707Z"
"Idle","None","","Hub","Not Attempted","Score","None","20","None","Score","None","20","None","Score","None","20","None","Pass","None","","None","Score","None","30","None","Score","None","30","None","Not Attempted","69d95fa46596dd6511f9640d","dd6c5ba0bb9d2866f51c061833b4c82ccea77399813193f4c92257d263fff899","","red","2026-04-10T20:37:56.862Z","2026chcmp","2026chcmp_qm27","27","","3","","2","3","","","Not as good as I thought they were. Did good at Pasadena bad here.","Arihan","2537","2026-04-10T20:37:56.862Z"
"Intake from Neutral Zone","Score","40","Right Trench","Not Attempted","Score","None","100","None","Intake from Neutral Zone","Pass","","None","Score","None","70","Light","Intake from Neutral Zone","None","","Moderate","Score","None","80","Moderate","Score","Intake from Neutral Zone","70","None","Not Attempted","69d95f826596dd6511f96403","234f3fcbdc370b5b5a3ab650afd91e3ea36ea907ae105c638c6b860a944aa52e","","red","2026-04-10T20:37:22.097Z","2026chcmp","2026chcmp_qm27","27","","5","3","4","4","3","","Great shooter and Intake. Alr passing.","Nidhish","1908","2026-04-10T20:37:22.137Z"
"Idle","Idle","","Hub","Not Attempted","Intake from Neutral Zone","Intake from Neutral Zone","","None","Score","Score","30","None","Intake from Neutral Zone","Defense","","None","Score","Score","50","None","Defense","Intake from Neutral Zone","","None","Score","Score","40","None","Not Attempted","69d95f616596dd6511f963fa","8fe6ff34dd4413b3090d9a5361098fb2500f21a353eea5f0e19788241a7b3e38","","blue","2026-04-10T20:36:49.028Z","2026chcmp","2026chcmp_qm27","27","","3","3","4","3","","","","Sai","620","2026-04-10T20:36:49.028Z"
"Score","Intake from Neutral Zone","90","Right Trench","Not Attempted","Score","Score","90","None","Score","Score","50","None","Pass","Intake from Neutral Zone","","None","Score","Score","40","None","Pass","Intake from Neutral Zone","","None","Score","Score","10","None","Not Attempted","69d95f4d6596dd6511f963f6","1633cf3a10a7e17ac8b5a4831897b1e47f04444c5a7ea28683ed1c18ade8c25f","","blue","2026-04-10T20:36:29.246Z","2026chcmp","2026chcmp_qm27","27","","3","4","4","4","","","shorted put towards end","Falco Carey","401","2026-04-10T20:36:29.246Z"
"Score","None","20","Hub","Not Attempted","Intake from Neutral Zone","None","","None","Score","Intake from Neutral Zone","50","None","Intake from Neutral Zone","None","","None","Score","None","30","None","Intake from Neutral Zone","None","","None","Score","None","30","None","Not Attempted","69d95dc96596dd6511f963ad","43f065ca8ff80158d3490bc6b5fe5bea92c6e1fa5d380fa2052f4b2782291983","","red","2026-04-10T20:30:01.452Z","2026chcmp","2026chcmp_qm26","26","","3","","2","3","","","Alright shooter. Big hopper. Bad intake. Good strategy.","Nidhish","10224","2026-04-10T20:30:01.452Z"
"Intake from Neutral Zone","Score","80","Right Trench","Not Attempted","Intake from Neutral Zone","Intake from Neutral Zone","","None","Pass","Pass","","None","Score","Score","60","None","Pass","Intake from Neutral Zone","","None","Score","Score","50","None","Score","Defense","30","None","Not Attempted","69d95dbe6596dd6511f963ac","e735fbb0237debfc1c0f233c8d38f46696dec1c5c1eec064bada65725cd06cf6","","blue","2026-04-10T20:29:50.721Z","2026chcmp","2026chcmp_qm26","26","","5","4","3","4","","","Intake broke ","Sai","1629","2026-04-10T20:29:50.721Z"
"Score","Score","30","Right Trench","Not Attempted","Score","None","40","None","Score","None","30","None","Idle","None","","None","Score","None","30","None","Idle","None","","None","Score","None","30","None","Not Attempted","69d95dbc6596dd6511f963ab","8c8eed1b6576ccac17da51cc2a3ad1c2af6891ea4e9c1e34f2419605eb85feab","","red","2026-04-10T20:29:48.857Z","2026chcmp","2026chcmp_qm26","26","","4","","3","4","","","","Arihan","4472","2026-04-10T20:29:49.166Z"
"Score","Score","10","Hub","Not Attempted","Pass","Defense","","None","Defense","Defense","","None","Defense","Idle","","None","Defense","Defense","","None","Defense","Defense","","None","Pass","Pass","","None","Not Attempted","69d95da06596dd6511f963a9","24a0818f6ef6bce4764d53640db7922ca12b4df3b6623c6361bad21792688de0","","blue","2026-04-10T20:29:20.767Z","2026chcmp","2026chcmp_qm26","26","","1","","1","2","1","1","tank drive","Falco Carey","11425","2026-04-10T20:29:20.767Z"
"Score","Intake from Neutral Zone","40","Right Trench","Not Attempted","Intake from Neutral Zone","Score","60","None","Pass","Intake from Neutral Zone","","None","Score","None","80","None","Intake from Neutral Zone","Pass","","None","Score","None","80","None","Score","None","80","None","Not Attempted","69d95c646596dd6511f96367","d4145b995ac81d780a5ae61db6dadf312f977b95d1636a07c113f7d6cb19b1a7","","red","2026-04-10T20:24:04.043Z","2026chcmp","2026chcmp_qm25","25","","5","4","3","5","","","Great shooter. Very nice passing. Good intake.","Nidhish","836","2026-04-10T20:24:04.043Z"
"Score","None","10","Hub","Not Attempted","Score","None","20","None","Score","None","20","None","Score","None","20","None","Score","None","20","None","Score","None","20","None","Score","None","20","None","Not Attempted","69d95c1e6596dd6511f962cc","f7b91a91b13d8ae9a9e9af96b67a2f9f1bc71ed8f476f100743af243dc27feb4","","red","2026-04-10T20:22:54.392Z","2026chcmp","2026chcmp_qm25","25","","2","","3","3","","","","Arihan","1262","2026-04-10T20:22:54.392Z"
"Score","Score","20","Hub","Not Attempted","Intake from Neutral Zone","Intake from Neutral Zone","","None","Score","Score","40","None","Pass","Pass","","None","Defense","Defense","","None","Intake from Neutral Zone","Intake from Neutral Zone","","None","Score","Score","90","None","Not Attempted","69d95be16596dd6511f962be","ee2d58d7de4518d27a47514bcedda21de18f7de0db53648eba82c816b5de2d73","","blue","2026-04-10T20:21:53.703Z","2026chcmp","2026chcmp_qm25","25","","1","","1","1","","","Only robot shooting and can barely shoot ","Sai","2068","2026-04-10T20:21:53.703Z"
"Idle","Idle","","Hub","Not Attempted","Score","Score","30","None","Pass","Pass","","None","Defense","Defense","","None","Pass","Pass","","None","Defense","Pass","","None","Idle","Idle","","None","Not Attempted","69d95bc36596dd6511f962b6","e8d9c8fbefe07e6eb6c46cffb3dca3de4cc068d3ecab95815478b9f288b0e0ce","","blue","2026-04-10T20:21:23.708Z","2026chcmp","2026chcmp_qm25","25","","1","3","","3","","2","","Falco Carey","8590","2026-04-10T20:21:23.708Z"
"Score","None","","Hub","Not Attempted","Idle","None","","None","Idle","None","","None","Idle","None","","None","Idle","None","","None","Intake from Neutral Zone","None","","Heavy","Idle","None","","None","Not Attempted","69d95aab6596dd6511f9628a","96bc26c5f45761732246b95d48341f4fb54e0dbb8aedbb61f90a5fdb540bdbda","","red","2026-04-10T20:16:43.038Z","2026chcmp","2026chcmp_qm24","24","","","","","1","","","Got stuck. Did no defence or passing. No shooting either.","Nidhish","5587","2026-04-10T20:16:43.038Z"
"Score","None","40","Left Trench","Not Attempted","Intake from Neutral Zone","None","40","None","Score","None","40","None","Intake from Neutral Zone","None","40","None","Score","None","40","None","Intake from Neutral Zone","None","","None","Score","None","40","None","Not Attempted","69d95aa36596dd6511f96286","acb799c284f6ff19456ff203819005537d7954f29f669b07b30f4b0f5bddc5a3","","red","2026-04-10T20:16:35.120Z","2026chcmp","2026chcmp_qm24","24","","4","","4","4","","","It's rex bro.","Arihan","1727","2026-04-10T20:16:35.189Z"
"Intake from Neutral Zone","Score","60","Right Trench","Not Attempted","Intake from Neutral Zone","Score","80","None","Intake from Neutral Zone","Score","","None","Score","Score","70","None","Intake from Neutral Zone","Pass","","None","Score","Score","80","None","Score","Intake from Neutral Zone","80","None","Not Attempted","69d95a686596dd6511f96275","bb0143ad64dd8df40d0f21bd8c367ade914d7353d0d676450db0c08eaa432790","","blue","2026-04-10T20:15:36.188Z","2026chcmp","2026chcmp_qm24","24","","5","","5","4","","","got stuck jn auto on second pass but other than that flawless","Falco Carey","449","2026-04-10T20:15:36.188Z"
"Intake from Neutral Zone","Score","20","Left Trench","Not Attempted","Pass","Pass","","None","Intake from Neutral Zone","Intake from Neutral Zone","","None","Score","Score","40","None","Intake from Neutral Zone","Pass","","None","Score","Score","30","None","Score","Score","30","None","Not Attempted","69d95a496596dd6511f96271","597b9ab4314eb6b9a077f8b63a947677cadcfe0ae7c2bfcb3c68fdb05b159694","","blue","2026-04-10T20:15:05.534Z","2026chcmp","2026chcmp_qm24","24","","","","","3","","","","Sai","4099","2026-04-10T20:15:05.534Z"
"Score","None","40","Right Trench","Not Attempted","Score","None","40","None","Score","None","40","None","Score","None","40","None","Score","None","30","None","Score","None","40","None","Score","None","50","None","Not Attempted","69d958676596dd6511f96217","b4a26d7b6860eded438123242a37d9a72f2801e36b4a687bc1d4723f206c53f1","","red","2026-04-10T20:07:03.070Z","2026chcmp","2026chcmp_qm23","23","","4","","4","4","","","Fresta be tuff. Scored a lot.","Arihan","1731","2026-04-10T20:07:03.070Z"
"Score","None","10","Hub","Not Attempted","Intake from Neutral Zone","None","","None","Pass","Defense","","None","Defense","None","","None","Defense","None","","None","Defense","None","","None","Defense","None","","None","Not Attempted","69d958416596dd6511f9620d","bbee4dc60a6906825afd498f15adcc9fbbd023d895e8a3d751c6afb9c3c23966","","red","2026-04-10T20:06:25.534Z","2026chcmp","2026chcmp_qm23","23","","2","2","1","3","","3","Alright defence. Slow shooter horrible intake.","Nidhish","4541","2026-04-10T20:06:25.534Z"
"Idle","Idle","","Left Bump","Not Attempted","Intake from Neutral Zone","Intake from Neutral Zone","","Heavy","Score","Score","30","Light","Intake from Neutral Zone","Intake from Neutral Zone","","Heavy","Score","Score","60","Moderate","Intake from Neutral Zone","Intake from Neutral Zone","","Heavy","Score","Score","70","Moderate","Not Attempted","69d958326596dd6511f9620b","62b0f3cd9d7374d1d1218d0ac9e712fcbcf218bf3e86cbf9c287d574774bf01e","","blue","2026-04-10T20:06:10.113Z","2026chcmp","2026chcmp_qm23","23","","4","","4","4","2","","solid bot","Falco Carey","346","2026-04-10T20:06:10.113Z"
"Score","Intake from Neutral Zone","10","Hub","Not Attempted","Defense","Defense","","None","Defense","Defense","","None","Defense","Defense","","None","Defense","Defense","","None","Intake from Neutral Zone","Intake from Neutral Zone","","None","Score","Score","10","None","Not Attempted","69d9581f6596dd6511f96208","81aa0f9d56e8d9e428a8465ac113144d66e40fbf58fc4cef48b53b471ce4a5bc","","blue","2026-04-10T20:05:51.940Z","2026chcmp","2026chcmp_qm23","23","","","","","2","","","","Sai","1895","2026-04-10T20:05:51.940Z"
"Score","None","20","Right Trench","Not Attempted","Score","None","20","None","Score","None","30","None","Score","None","20","None","Score","None","30","None","Score","None","20","None","Score","None","30","None","Not Attempted","69d956a46596dd6511f961c6","339cf088af90839e8677c4397945c6d79e429d192523b8c386c7cff010a5d4e7","","red","2026-04-10T19:59:32.958Z","2026chcmp","2026chcmp_qm22","22","","3","","3","3","","","","Arihan","3136","2026-04-10T19:59:32.958Z"
"Score","None","30","Right Bump","L1 Attempted","Idle","None","","None","Intake from Neutral Zone","None","","None","Score","None","30","None","Intake from Neutral Zone","None","","None","Score","None","30","None","Score","Intake from Neutral Zone","30","None","Not Attempted","69d956486596dd6511f961ae","1827b8b648ed6d9ee339e8be56bacea394b40e1e88c4dbd8783ba37e29734445","","red","2026-04-10T19:58:00.702Z","2026chcmp","2026chcmp_qm22","22","","3","1","2","3","","","Slow shooter. Narrow intake. Mid robot.","Nidhish","5243","2026-04-10T19:58:00.702Z"
"Score","Idle","30","Hub","Not Attempted","Pass","Pass","","None","Defense","Defense","","None","Defense","Defense","","None","Pass","Pass","","None","Defense","Pass","","None","Score","Score","70","None","Not Attempted","69d955f86596dd6511f9619e","d1878e0fce5481d051ba03ee5efe3575fce6721a9349f80f5782d5b96ef768e9","","blue","2026-04-10T19:56:40.133Z","2026chcmp","2026chcmp_qm22","22","","","","","2","","4","Just pretty good defense ","Sai","1719","2026-04-10T19:56:40.133Z"
"Intake from Neutral Zone","Score","50","Left Trench","Not Attempted","Pass","Score","80","None","Score","Score","60","None","Defense","Pass","","None","Score","Idle","10","None","Idle","Idle","","None","Idle","Idle","","None","Not Attempted","69d955ce6596dd6511f96197","edbe52b07987cd39506cb4eb90e52f1a8b1eb8d7940de3ffcb6ad225d0457e84","","blue","2026-04-10T19:55:58.529Z","2026chcmp","2026chcmp_qm22","22","","2","","3","3","","1","robot broke jn 4/6","Falco Carey","3748","2026-04-10T19:55:58.529Z"
"None","None","","Hub","Not Attempted","None","None","","None","None","None","","None","None","None","","None","None","None","","None","None","None","","None","None","None","","None","Not Attempted","69d954f46596dd6511f9616c","e5c03e0cfd0980c2db6f184eb614dac93ace53e73a66ca0c699e4735549dda2d","","red","2026-04-10T19:52:20.603Z","2026chcmp","2026chcmp_qm22","22","true","","","","","","","","Arihan","3136","2026-04-10T19:52:20.603Z"
"Score","None","20","Right Trench","Not Attempted","Score","None","20","None","Score","None","20","None","Score","None","20","None","Score","None","20","None","Score","None","20","None","Score","None","20","None","Not Attempted","69d954f36596dd6511f9616b","72128d83072a9e8c67353b45c4c787023d8d82cb1f6842f634c8def22fa3854f","","red","2026-04-10T19:52:19.816Z","2026chcmp","2026chcmp_qm21","21","","4","","3","2","","","Ok. Not too great but decent scoring.","Arihan","5549","2026-04-10T19:52:19.816Z"
"Intake from Neutral Zone","Score","20","Left Trench","Not Attempted","Score","None","100","None","Intake from Neutral Zone","Pass","","None","Score","None","70","None","Intake from Neutral Zone","Pass","","None","Score","Intake from Neutral Zone","40","None","Score","None","10","None","Not Attempted","69d9548b6596dd6511f96154","38ab57100f2afc212c94bf76a522db76e53152f3030d752479ed092e8c666463","","red","2026-04-10T19:50:35.982Z","2026chcmp","2026chcmp_qm21","21","","4","3","3","4","","","Great shooter, great strategy. Ayto kinda messed up.","Nidhish","686","2026-04-10T19:50:35.982Z"
"Intake from Neutral Zone","Score","","Right Trench","Not Attempted","Score","Score","60","None","Score","Score","100","None","Intake from Neutral Zone","Intake from Neutral Zone","","None","Score","Score","50","None","Intake from Neutral Zone","Intake from Neutral Zone","","None","Score","Score","50","None","Not Attempted","69d9548a6596dd6511f96153","db5acc8ccfbb267b1618863bf87ddccd26e5dc23883e8f936885b3b32d7f9400","","blue","2026-04-10T19:50:34.783Z","2026chcmp","2026chcmp_qm21","21","","","","","3","","","","Sai","10004","2026-04-10T19:50:34.783Z"
"Pass","Pass","","Hub","Not Attempted","Pass","Pass","","None","Pass","Pass","","None","Pass","Pass","","None","Pass","Pass","","None","Pass","Pass","","None","Pass","Pass","","None","Not Attempted","69d9540c6596dd6511f96134","256db0561f185ccfd99cf61d1f13459d23a2a36b1f21015aae467f11e5f78979","","blue","2026-04-10T19:48:28.019Z","2026chcmp","2026chcmp_qm21","21","","","2","","2","","1","chud drivetrain","Falco Carey","10679","2026-04-10T19:48:28.019Z"
"Score","None","30","Right Trench","Not Attempted","Score","None","30","None","Score","None","30","None","Score","None","30","None","Defense","None","","None","Defense","None","","None","Score","None","30","None","Not Attempted","69d952bc6596dd6511f960ee","691d2907a61fe34a163c24800c317381f01cb235d2620ee80c8340160d3c0c22","","red","2026-04-10T19:42:52.911Z","2026chcmp","2026chcmp_qm20","20","","3","","4","3","","","","Arihan","122","2026-04-10T19:42:52.911Z"
"Idle","Idle","","Left Trench","Not Attempted","Score","Score","","Moderate","Score","Score","","Moderate","Score","Score","","None","Score","Score","30","None","Score","Score","","None","Score","Score","50","None","Not Attempted","69d952b46596dd6511f960ec","99fdadf24abe01de5d6e1d93f27a60e06509af4394f893ffd299a1254edd9aad","","blue","2026-04-10T19:42:44.172Z","2026chcmp","2026chcmp_qm20","20","","3","","2","3","1","","stayed in allinc zone basically whole time","Falco Carey","619","2026-04-10T19:42:44.673Z"
"Score","Score","80","Hub","Not Attempted","Score","Score","100","None","Score","Score","80","None","Intake from Neutral Zone","Intake from Neutral Zone","","None","Score","Score","50","Heavy","Intake from Neutral Zone","Intake from Neutral Zone","","None","Score","Score","80","None","Not Attempted","69d952856596dd6511f960e9","b70e3a5bc9958c2060db8323d57ac765075db0c6129a1548b20837c20c42817a","","blue","2026-04-10T19:41:57.770Z","2026chcmp","2026chcmp_qm20","20","","5","","5","5","","","They angered the dogs, they cooked ","Sai","2106","2026-04-10T19:41:57.770Z"
"Idle","Score","40","Left Bump","Not Attempted","Intake from Neutral Zone","Pass","","None","Score","None","20","Light","Intake from Neutral Zone","Pass","","None","Score","None","40","Light","Intake from Neutral Zone","None","","None","Intake from Neutral Zone","Score","50","None","Not Attempted","69d952816596dd6511f960e8","d5c2cc5370f7064abf955480e43219470de569812a2afdc8df71cb044e933e4b","","red","2026-04-10T19:41:53.425Z","2026chcmp","2026chcmp_qm20","20","","5","3","3","4","2","","Great shooter and strategy.","Nidhish","1086","2026-04-10T19:41:53.425Z"
"Idle","None","","Hub","Not Attempted","Idle","None","","None","Idle","None","","None","Idle","None","","None","Intake from Neutral Zone","None","","None","Defense","None","","None","Idle","None","","None","Not Attempted","69d950ac6596dd6511f96090","66f008a338a405d8abc71278fbd42812c432ec2b5ed3441618ac62a7471052ad","","red","2026-04-10T19:34:04.414Z","2026chcmp","2026chcmp_qm19","19","","","","1","4","","3","Was idle most of the match. Good defence when not idle.","Nidhish","1111","2026-04-10T19:34:04.414Z"
"Score","Idle","20","Hub","Not Attempted","Intake from Neutral Zone","Pass","","None","Score","Score","30","None","Intake from Neutral Zone","Pass","","None","Intake from Neutral Zone","Pass","","None","Score","Score","30","None","Score","Score","10","None","Not Attempted","69d950966596dd6511f96083","9e7042f93ec23e3624067ab6f4a57ae05b3d963fa308fe19efdb38b4aa4af7a6","","blue","2026-04-10T19:33:42.919Z","2026chcmp","2026chcmp_qm19","19","","3","","3","3","","","","Falco Carey","11318","2026-04-10T19:33:42.919Z"
"Score","None","50","Hub","Not Attempted","Score","None","50","None","Intake from Neutral Zone","None","","None","Score","None","60","None","Pass","Intake from Neutral Zone","","None","Score","None","70","None","Score","None","60","None","Not Attempted","69d9508c6596dd6511f96082","6172c86c03247e909dc3193c7a7a445109bb6ef586f78c15e986d42a42ca8e62","","red","2026-04-10T19:33:32.158Z","2026chcmp","2026chcmp_qm19","19","","4","","3","4","","","","Arihan","2199","2026-04-10T19:33:32.250Z"
"Score","Idle","60","Left Trench","Not Attempted","Score","Score","20","None","Score","Score","60","None","Intake from Neutral Zone","Intake from Neutral Zone","","None","Score","Score","60","None","Intake from Neutral Zone","Intake from Neutral Zone","","None","Idle","Score","10","None","Not Attempted","69d950896596dd6511f96081","c6d5ba6bb946488eaab8fec9204fb77afc9d7d66688087bddca90e0cb7c1bbff","","blue","2026-04-10T19:33:29.881Z","2026chcmp","2026chcmp_qm19","19","","","","","2","","","Got blocked by 1111","Sai","5804","2026-04-10T19:33:29.881Z"
"Intake from Neutral Zone","Score","50","Left Trench","Not Attempted","Pass","Intake from Neutral Zone","","None","Pass","Intake from Neutral Zone","","None","Score","None","40","None","Pass","Intake from Neutral Zone","","None","Score","None","60","None","Score","None","90","None","Not Attempted","69d94f056596dd6511f96036","44c64ec08251ae637902e91ede179f1e80e19b0de0daab8a67b2e1e565263bad","","red","2026-04-10T19:27:01.652Z","2026chcmp","2026chcmp_qm18","18","","3","4","2","5","","","Strategic passing. Not bad shooter. ","Nidhish","2537","2026-04-10T19:27:01.652Z"
"Intake from Neutral Zone","Score","70","Right Trench","Not Attempted","Intake from Neutral Zone","Score","50","None","Score","Score","40","None","Intake from Neutral Zone","Pass","","None","Score","Score","40","None","Intake from Neutral Zone","Intake from Neutral Zone","","None","Score","Score","30","None","Not Attempted","69d94eb96596dd6511f9602d","6fbdab022e4da3513985cca52da410d2e37955d23fd2c024afcb735a4f7ebd9e","","blue","2026-04-10T19:25:45.189Z","2026chcmp","2026chcmp_qm18","18","","3","3","3","4","","","slow bt reliabld","Falco Carey","1727","2026-04-10T19:25:45.189Z"
"Score","Score","50","Left Trench","Not Attempted","Idle","Idle","","None","Intake from Neutral Zone","Score","70","None","Intake from Neutral Zone","Intake from Neutral Zone","","None","Score","Score","30","None","Intake from Neutral Zone","Pass","","None","Score","Score","20","None","Not Attempted","69d94ea96596dd6511f96027","ad7611e4a664977baf74beb31a89ba9d613b8775411f4c2c031f87b3a7fba4cc","","blue","2026-04-10T19:25:29.632Z","2026chcmp","2026chcmp_qm18","18","","3","","","3","","","","Sai","3939","2026-04-10T19:25:29.632Z"
"Idle","None","","Hub","Not Attempted","Score","None","30","None","Score","None","40","None","Score","None","40","None","Score","None","30","None","Score","None","40","None","Score","None","30","None","Not Attempted","69d94ea46596dd6511f96024","eff1180548ebdc8cf57f4639479752641c8841c578fa9b4252a8e1798a4cdccd","","red","2026-04-10T19:25:23.983Z","2026chcmp","2026chcmp_qm18","18","","4","","3","3","","","Decent team. Good shooter mid intaking.","Arihan","4472","2026-04-10T19:25:23.983Z"
"Score","None","30","Hub","Not Attempted","Score","None","20","None","Score","None","30","None","Score","None","30","None","Score","None","30","None","Score","None","30","None","Score","None","30","None","Not Attempted","69d94d906596dd6511f95fe4","8659ceadc3b629867cb84dca6e2eefab601a21e286d67a38f34dcee115aa6448","","red","2026-04-10T19:20:48.153Z","2026chcmp","2026chcmp_qm17","17","","3","","3","3","","","They were okay. All around mid.","Arihan","4541","2026-04-10T19:20:48.153Z"
"Intake from Neutral Zone","Score","40","Right Trench","Not Attempted","Pass","None","","None","Pass","None","","None","Score","None","10","Light","Intake from Neutral Zone","None","80","Moderate","Idle","None","","Moderate","Idle","None","","Heavy","Not Attempted","69d94cfc6596dd6511f95fc4","d333329c154d208fa980cce343e3d7c6b35a8d5681604be3e5b1d241095b4102","","red","2026-04-10T19:18:20.541Z","2026chcmp","2026chcmp_qm17","17","","4","3","3","3","1","","Not bad. Defence played on them. Good shooter anf strategy.","Nidhish","401","2026-04-10T19:18:20.541Z"
"Idle","Idle","","Hub","Not Attempted","Intake from Neutral Zone","Intake from Neutral Zone","","None","Score","Score","40","None","Idle","Idle","","None","Defense","Defense","","None","Defense","Defense","","None","Idle","Idle","","None","Not Attempted","69d94cb36596dd6511f95fbc","5015c086b752099d02d144d8f34f2ebf49510e49372d874b85e7c7ec2f7120fd","","blue","2026-04-10T19:17:07.698Z","2026chcmp","2026chcmp_qm17","17","","3","1","2","4","","3","what even happened?","Falco Carey","1629","2026-04-10T19:17:07.698Z"
"Idle","Idle","","Left Trench","Not Attempted","Score","Score","","None","Intake from Neutral Zone","Intake from Neutral Zone","","None","Intake from Neutral Zone","Intake from Neutral Zone","","None","Score","Score","","None","Idle","Idle","","None","Score","Score","","None","Not Attempted","69d94cb16596dd6511f95fbb","1a2cb2eb9c6f44ab88845fcc9e7fd0349b9871d8dad819fa0eb1291be1c0d8a3","","blue","2026-04-10T19:17:05.611Z","2026chcmp","2026chcmp_qm17","17","","1","","1","1","","","God awful","Sai","9033","2026-04-10T19:17:05.611Z"
"Idle","None","","Hub","Not Attempted","Idle","None","","None","Idle","None","","None","Idle","None","","None","Idle","None","","None","Idle","None","","None","Idle","None","","None","Not Attempted","69d94b0c6596dd6511f95f63","14aabd44a6ae0d69277cb3f54d7bf9a1483452b5b4b01409e8716be666eb0e93","","red","2026-04-10T19:10:04.535Z","2026chcmp","2026chcmp_qm16","16","","","","","3","","3","Mid.","Arihan","8590","2026-04-10T19:10:04.535Z"
"Pass","Score","80","Left Trench","Not Attempted","Score","Intake from Neutral Zone","70","None","Score","Intake from Neutral Zone","30","None","Intake from Neutral Zone","Pass","","None","Score","Intake from Neutral Zone","50","None","Intake from Neutral Zone","Pass","","None","Score","Score","80","None","Not Attempted","69d94acc6596dd6511f95f51","81e7a0c399106456941e9ed94002a3e523ee7f05f217571f5f28ce47c254e384","","blue","2026-04-10T19:09:00.788Z","2026chcmp","2026chcmp_qm16","16","","3","4","3","3","","","jittery movement towards the end and a jittery turret aswell","Falco Carey","2377","2026-04-10T19:09:01.032Z"
"Intake from Neutral Zone","Score","80","Right Trench","Not Attempted","Score","None","100","None","Pass","None","","None","Score","None","90","None","Pass","Intake from Neutral Zone","","None","Score","None","80","Moderate","Score","None","90","None","Not Attempted","69d94ab56596dd6511f95f4f","eedec1dddbdce388c9cf56bacf0c867960415b52179ae0ea3ff75ff356bbe45d","","red","2026-04-10T19:08:37.268Z","2026chcmp","2026chcmp_qm16","16","","5","4","4","4","2","","Amazing.","Nidhish","11415","2026-04-10T19:08:37.268Z"
"Idle","Idle","","Right Trench","Not Attempted","Idle","Idle","","None","Score","Score","10","None","Intake from Neutral Zone","Intake from Neutral Zone","","None","Score","Score","","None","Idle","Idle","","None","Idle","Idle","","None","Not Attempted","69d94aab6596dd6511f95f4e","af56acd72d9bc41c74c99726cb889b53f467cc350e88c876654ae8ea6b856b9b","","blue","2026-04-10T19:08:27.225Z","2026chcmp","2026chcmp_qm16","16","","","","","2","","","","Sai","5724","2026-04-10T19:08:27.225Z"
"Idle","Idle","","Hub","L1 Attempted","Score","Score","","None","Score","Score","20","None","Intake from Neutral Zone","Intake from Neutral Zone","","None","Score","Score","60","None","Intake from Neutral Zone","Idle","","None","Score","Score","30","None","Not Attempted","69d948ce6596dd6511f95ede","50e573437272ee54c764c71d7392992a78a3540db43396e522519326e2e640cf","","blue","2026-04-10T19:00:30.236Z","2026chcmp","2026chcmp_qm15","15","","","","","2","","","Cool they attempted a climb ","Sai","5243","2026-04-10T19:00:30.236Z"
"Score","None","30","Right Trench","Not Attempted","Score","None","30","None","Idle","None","30","None","Score","None","30","None","Idle","None","","None","Score","None","30","None","Score","None","30","None","Not Attempted","69d948c86596dd6511f95edc","ef7393aff7591a29e64f4c4a1345effc64e547250f23bdb56ccd7365d4301697","","red","2026-04-10T19:00:24.034Z","2026chcmp","2026chcmp_qm15","15","","3","","3","3","","","","Arihan","3136","2026-04-10T19:00:24.063Z"
"Score","Idle","10","Hub","Not Attempted","Pass","Pass","","None","Pass","Defense","","None","Defense","Defense","","None","Defense","Pass","","None","Pass","Pass","","None","Pass","Pass","","None","Not Attempted","69d948c46596dd6511f95edb","4499bad74dfebc0e083eff5b275f0ea5e4c5e48254010228da144ff848d92afc","","blue","2026-04-10T19:00:20.634Z","2026chcmp","2026chcmp_qm15","15","","1","","","2","","2","intake don’t work + tank drive ","Falco Carey","11425","2026-04-10T19:00:20.634Z"
"Intake from Neutral Zone","Score","40","Left Trench","Not Attempted","Intake from Neutral Zone","None","","None","Intake from Neutral Zone","Pass","","None","Score","None","50","None","Intake from Neutral Zone","Idle","","None","Idle","None","","None","Idle","None","","None","Not Attempted","69d9489c6596dd6511f95ed7","ecf285dd078ec710b7b5e2c88b90fbca8fc82d61de572964edcdebabc514a745","","red","2026-04-10T18:59:40.177Z","2026chcmp","2026chcmp_qm15","15","","4","2","3","3","","","Good","Nidhish","888","2026-04-10T18:59:40.177Z"
"Idle","Idle","","Left Trench","Not Attempted","Defense","Defense","","None","Pass","Pass","","None","Defense","Defense","","None","Defense","Defense","","None","Defense","Defense","","None","Defense","Defense","","None","Not Attempted","69d947046596dd6511f95e7c","5de57e1ad668c392da27411f97fa31e7e730a144f2456343ce7bf8bc9d89043e","","blue","2026-04-10T18:52:52.085Z","2026chcmp","2026chcmp_qm14","14","","","","","3","","3","Not bad defense 
","Sai","10679","2026-04-10T18:52:52.085Z"
"Idle","Idle","","Hub","Not Attempted","Idle","Idle","","None","Intake from Neutral Zone","Intake from Neutral Zone","","None","Score","Score","30","None","Intake from Neutral Zone","Intake from Neutral Zone","","None","Score","Score","50","None","Score","Score","40","None","Not Attempted","69d947016596dd6511f95e7b","ce3679b6e0a12b33ed451c27d42058aa65d38d0355fb510c2151606a50a4cfb3","","blue","2026-04-10T18:52:49.095Z","2026chcmp","2026chcmp_qm14","14","","3","","4","4","","","pretty good double shooter kinda slow though","Falco Carey","620","2026-04-10T18:52:49.095Z"
"Score","None","40","Hub","Not Attempted","Intake from Neutral Zone","None","","None","Intake from Neutral Zone","Score","10","None","Defense","Pass","","None","Defense","Pass","","None","Defense","None","","None","Pass","Defense","","None","Not Attempted","69d946fe6596dd6511f95e7a","034266957628e0bdab2d4e43fce9f347f014fc6dcf849d24b01443d76d482194","","red","2026-04-10T18:52:46.383Z","2026chcmp","2026chcmp_qm14","14","","1","2","1","3","","2","Bad","Nidhish","2421","2026-04-10T18:52:46.470Z"
"Idle","None","","Hub","Not Attempted","Score","None","40","None","Score","None","40","None","Score","None","40","None","Intake from Neutral Zone","None","40","None","Score","None","40","None","Score","None","40","None","Not Attempted","69d946ea6596dd6511f95e73","29aa0fceecd6c7df5aa3cd90fc83d3717be7274ec06a8e17a778964279689549","","red","2026-04-10T18:52:26.085Z","2026chcmp","2026chcmp_qm14","14","","4","","3","3","","","","Arihan","346","2026-04-10T18:52:26.085Z"
"Intake from Neutral Zone","Score","40","Right Trench","Not Attempted","Intake from Neutral Zone","Intake from Neutral Zone","","None","Pass","Pass","","None","Pass","Pass","","None","Pass","Pass","","None","Pass","Pass","","None","Pass","Pass","","None","Not Attempted","69d945586596dd6511f95de6","af6a97bd512c3735d46133748cb7c612864c36905ea04ce9035157aaf15370b4","","blue","2026-04-10T18:45:44.525Z","2026chcmp","2026chcmp_qm13","13","","4","","1","4","","","Intake broke ","Sai","686","2026-04-10T18:45:44.525Z"
"Idle","None","","Hub","Not Attempted","Idle","None","","None","Idle","None","","None","Idle","None","","None","Idle","None","","None","Idle","None","","None","Idle","None","","None","Not Attempted","69d9452b6596dd6511f95de1","ae2f528240cc411a1614d36b4b022ef6c5208cb5d63857af5bcab6a9f82fb1d4","","red","2026-04-10T18:44:59.368Z","2026chcmp","2026chcmp_qm13","13","true","1","","1","2","","","Shot 6 balls in. Sucks.","Arihan","1111","2026-04-10T18:46:52.616Z"
"Score","Intake from Neutral Zone","50","Left Bump","Not Attempted","Score","None","40","None","Intake from Neutral Zone","None","","None","Score","None","30","None","Intake from Neutral Zone","None","","None","Score","None","30","None","Score","None","20","None","Not Attempted","69d945236596dd6511f95de0","f5f360f033b98623428eb60e6a86e5d51e6ec40d96a7fd0d585c54c9c6c18748","","red","2026-04-10T18:44:51.942Z","2026chcmp","2026chcmp_qm13","13","","2","1","1","4","","","Not so good","Nidhish","11318","2026-04-10T18:44:51.942Z"
"Idle","Idle","","Hub","Not Attempted","Defense","Defense","","None","Defense","Defense","","None","Defense","Defense","10","None","Defense","Defense","","None","Defense","Defense","10","None","Defense","Defense","10","None","Not Attempted","69d944c66596dd6511f95dd0","32f2155f3d68c117f496bdbb22afbb281ed2b673ef4c96ca37cbdd37eb0af8ae","","blue","2026-04-10T18:43:18.008Z","2026chcmp","2026chcmp_qm13","13","","1","","","2","","1","chudded around all game ","Falco Carey","3258","2026-04-10T18:43:18.008Z"
"Score","None","10","Right Trench","L1 Attempted","Score","None","20","None","Score","None","30","None","Score","None","30","None","Score","None","30","None","Score","None","30","None","Score","None","30","None","Not Attempted","69d943136596dd6511f95d7f","8ee9260cc533a443070fb306c301f0c575a6ed375b16bcf5061a105621d77f9c","","red","2026-04-10T18:36:03.311Z","2026chcmp","2026chcmp_qm12","12","","3","","3","3","","","","Arihan","2890","2026-04-10T18:36:03.311Z"
"Intake from Neutral Zone","Score","50","Left Trench","Not Attempted","Score","None","60","None","Intake from Neutral Zone","Score","100","None","Intake from Neutral Zone","None","","None","Score","None","40","None","Intake from Neutral Zone","None","","None","Score","None","50","None","Not Attempted","69d9430f6596dd6511f95d7e","8f1e66ba74e76dfb6973f489b621e6e076d98131b55379bd40c98ac193906a94","","red","2026-04-10T18:35:59.366Z","2026chcmp","2026chcmp_qm12","12","","3","","2","4","","","Not bad","Nidhish","10224","2026-04-10T18:35:59.366Z"
"Intake from Neutral Zone","Score","90","Left Trench","Not Attempted","Score","Score","70","None","Intake from Neutral Zone","Intake from Neutral Zone","","None","Score","Score","100","None","Intake from Neutral Zone","Intake from Neutral Zone","","None","Score","Score","100","None","Score","Score","100","None","Not Attempted","69d943076596dd6511f95d7d","2aea707f49145233a97ca03beb2624fe402702f2c7a5b26f92a4f771cb4a315d","","blue","2026-04-10T18:35:51.537Z","2026chcmp","2026chcmp_qm12","12","","4","","5","4","","","Not bad but not that accurate ","Sai","122","2026-04-10T18:35:51.537Z"
"Intake from Neutral Zone","Idle","","Right Trench","Not Attempted","Score","Idle","","None","Idle","Idle","","None","Idle","Idle","","None","Idle","Idle","","None","Idle","Idle","","None","Idle","Idle","","None","Not Attempted","69d942d66596dd6511f95d78","2ff41a681422d8c0ca9c732994128431d5d47223313601bb2d8134ec9eb4dae4","","blue","2026-04-10T18:35:02.037Z","2026chcmp","2026chcmp_qm12","12","","","","3","3","","","broke fter auto","Falco Carey","5549","2026-04-10T18:35:02.374Z"
"Intake from Neutral Zone","Score","40","Left Trench","Not Attempted","Intake from Neutral Zone","Score","60","None","Intake from Neutral Zone","Score","30","Heavy","Intake from Neutral Zone","Intake from Neutral Zone","","None","Score","Score","50","None","Intake from Neutral Zone","Intake from Neutral Zone","","None","Score","Score","40","None","Not Attempted","69d941596596dd6511f95d33","3845d32c4102267109c6c68e4248e837c43df2e2a3fa7546b06bad95f7c5c11f","","blue","2026-04-10T18:28:41.355Z","2026chcmp","2026chcmp_qm11","11","","5","","4","4","","","Fast accurate shooter ","Sai","9072","2026-04-10T18:28:41.355Z"
"Score","None","60","Left Trench","Not Attempted","Score","None","60","None","Pass","None","","None","Score","None","80","None","Score","None","70","None","Score","None","80","None","Score","None","70","None","Not Attempted","69d9413f6596dd6511f95d2b","e024101f5b183ff6fe72d3d728548fc0572c91ff9ec3c0046fff44f1fe9205f1","","red","2026-04-10T18:28:15.846Z","2026chcmp","2026chcmp_qm11","11","","4","","4","4","","","","Arihan","449","2026-04-10T18:28:15.846Z"
"Score","None","20","Left Bump","Not Attempted","Intake from Neutral Zone","Pass","","None","Defense","None","","None","Score","Intake from Neutral Zone","40","None","Defense","Pass","","None","Pass","None","","None","Intake from Neutral Zone","Pass","","None","Not Attempted","69d941216596dd6511f95d1e","c7473b476e05c78a1809a77880dcda1338f91475b54a05ce29dfff5c382c1210","","red","2026-04-10T18:27:45.568Z","2026chcmp","2026chcmp_qm11","11","","3","3","2","2","","3","Not as bad as it looks","Nidhish","2068","2026-04-10T18:27:45.568Z"
"Idle","Idle","","Right Trench","Not Attempted","Score","Score","60","None","Score","Score","40","None","Pass","Pass","","None","Score","Score","40","None","Pass","Pass","","None","Score","Score","40","None","Not Attempted","69d9410f6596dd6511f95d1b","179a7d6c89f867c72508b5b404ffd29a72542bb0553af4e21ddb04f1873f9866","","blue","2026-04-10T18:27:27.802Z","2026chcmp","2026chcmp_qm11","11","","3","5","4","4","","","pretty tuff","Falco Carey","2106","2026-04-10T18:27:27.802Z"
"Score","Intake from Neutral Zone","10","Left Trench","Not Attempted","Score","Score","10","None","Defense","Defense","","None","Defense","Defense","","None","Defense","Defense","","None","Defense","Defense","","None","Defense","Defense","","None","Not Attempted","69d93f396596dd6511f95cc2","0f28080e42030427b250bfb887e59ec70c0a683e5e11cc2e01f140da9275b3d9","","blue","2026-04-10T18:19:37.999Z","2026chcmp","2026chcmp_qm10","10","","1","","1","3","3","","","Sai","1719","2026-04-10T18:19:37.999Z"
"Intake from Neutral Zone","Score","40","Right Trench","Not Attempted","Score","None","30","None","Intake from Neutral Zone","Score","50","None","Pass","None","","None","Score","None","40","None","Intake from Neutral Zone","Idle","","None","Score","Intake from Neutral Zone","40","None","Not Attempted","69d93f376596dd6511f95cc0","c11f667a5d704bf1bc1f4e750ecfb35ccf287498ea14b0bf87679fde3544e5ba","","red","2026-04-10T18:19:35.858Z","2026chcmp","2026chcmp_qm10","10","","4","2","3","2","","","Good","Nidhish","540","2026-04-10T18:19:35.858Z"
"Score","None","30","Left Bump","Not Attempted","Score","None","30","None","Intake from Neutral Zone","None","30","None","Intake from Neutral Zone","None","30","None","Score","None","50","None","Score","None","50","None","Score","None","50","None","Not Attempted","69d93f1c6596dd6511f95cb0","b32c6a0ad5249b8817455c0dcefc0958af6497f4745de0223ca32f034fa2172b","","red","2026-04-10T18:19:08.047Z","2026chcmp","2026chcmp_qm10","10","","4","","4","4","","","Pretty good.","Arihan","8592","2026-04-10T18:19:08.047Z"
"Idle","Idle","","Right Bump","Not Attempted","Idle","Idle","","None","Idle","Idle","","None","Idle","Idle","","None","Idle","Idle","","None","Idle","Idle","","None","Idle","Idle","","None","Not Attempted","69d93efd6596dd6511f95ca5","bd1a2230504e01ea642e9f053722a29eee8411ce24bea29ff30b505550bec82f","","blue","2026-04-10T18:18:37.437Z","2026chcmp","2026chcmp_qm10","10","","","","","1","","","dint move ","Falco Carey","3361","2026-04-10T18:18:37.437Z"
"Score","None","20","Hub","Not Attempted","Score","None","20","None","Idle","None","","None","Idle","None","","None","Idle","None","","None","Idle","None","","None","Idle","None","","None","Not Attempted","69d93d6e6596dd6511f95c5b","6766db7a8e97fc942cee8fe7adcdf83f03fde40363fe59b1846ad8a11bb73729","","red","2026-04-10T18:11:58.134Z","2026chcmp","2026chcmp_qm9","9","","3","","3","3","","","","Arihan","3136","2026-04-10T18:12:32.199Z"
"Intake from Neutral Zone","Pass","","Left Trench","Not Attempted","Score","Score","10","None","Score","Intake from Neutral Zone","40","None","Intake from Neutral Zone","Intake from Neutral Zone","","None","Score","Score","50","None","Pass","Pass","","None","Score","Score","70","None","Not Attempted","69d93d6d6596dd6511f95c5a","455e4cc537351e0ccafaf72ecbdad5aeef51e0dc57b0ea8ed299d99a053b51d5","","blue","2026-04-10T18:11:57.781Z","2026chcmp","2026chcmp_qm9","9","","3","4","3","4","","","","Sai","2377","2026-04-10T18:11:57.781Z"
"Idle","None","","Hub","Not Attempted","Score","None","","None","Defense","None","","None","Score","None","10","None","Defense","None","","None","Idle","None","","None","Defense","None","","None","Not Attempted","69d93d676596dd6511f95c59","1fe4802ef5e421feb6d4d58011bc01c76dd3587036325054c700a2f988ce5fad","","red","2026-04-10T18:11:51.613Z","2026chcmp","2026chcmp_qm9","9","","2","2","","4","","3","Mid","Nidhish","9033","2026-04-10T18:11:51.613Z"
"Score","Idle","20","Hub","Not Attempted","Idle","Intake from Neutral Zone","","None","Pass","Pass","","None","Intake from Neutral Zone","Pass","","None","Pass","Pass","","None","Pass","Pass","","None","Pass","Pass","","Moderate","Not Attempted","69d93d5d6596dd6511f95c57","96ecebfc7a2a7fe50c895f951252cadefd75e441021b145a21f2cf20f8001c8b","","blue","2026-04-10T18:11:40.998Z","2026chcmp","2026chcmp_qm9","9","","","3","","2","","1","no intaking","Falco Carey","339","2026-04-10T18:11:40.998Z"
"Score","None","10","Left Trench","Not Attempted","Score","None","30","None","Score","None","20","None","Score","None","20","None","Intake from Neutral Zone","None","","None","Idle","None","","None","Score","None","20","None","Not Attempted","69d93bc46596dd6511f95c12","2d3cb39cd8bb9a78081f1c185ec41cb7aa2b70125aa9a248aa8cdcae5ba2cee9","","red","2026-04-10T18:04:52.861Z","2026chcmp","2026chcmp_qm8","8","","3","","3","3","","","","Arihan","10004","2026-04-10T18:04:52.861Z"
"Intake from Neutral Zone","Idle","","Left Trench","Not Attempted","Score","Score","40","None","Intake from Neutral Zone","Idle","","None","Score","Score","20","None","Intake from Neutral Zone","Idle","","None","Score","Score","20","None","Intake from Neutral Zone","Score","10","None","Not Attempted","69d93b946596dd6511f95bfe","d375229f1d2392db0d4715dd97c1bc20ab221dfba2de2f223859a9ee004a0df5","","blue","2026-04-10T18:04:04.518Z","2026chcmp","2026chcmp_qm8","8","","1","","3","3","","","Good idea, wrong execution and not that good of a robot ","Sai","1262","2026-04-10T18:04:04.518Z"
"Intake from Neutral Zone","Score","80","Right Trench","Not Attempted","Score","None","100","None","Intake from Neutral Zone","Score","80","None","Intake from Neutral Zone","None","","None","Score","None","90","None","Intake from Neutral Zone","None","","None","Score","None","70","None","Not Attempted","69d93b896596dd6511f95bf9","e462ba6fe8d491155ff187a2edb02c9c35583e05bc9420346e888ef5a9e83395","","red","2026-04-10T18:03:53.024Z","2026chcmp","2026chcmp_qm8","8","","4","4","3","3","","","Nice","Nidhish","1908","2026-04-10T18:03:53.024Z"
"Score","Idle","","Hub","Not Attempted","Intake from Neutral Zone","Defense","","None","Defense","Defense","","None","Defense","Defense","","None","Defense","Defense","","None","Defense","Defense","","None","Defense","Pass","","None","Not Attempted","69d93b386596dd6511f95be7","7970153d4b6586f7e5727b9181b1e8c71ba1050ee71926ee3cc14b416009340c","","blue","2026-04-10T18:02:32.154Z","2026chcmp","2026chcmp_qm8","8","","","","","3","","2","broken intake","Falco Carey","4541","2026-04-10T18:02:32.154Z"
"Score","None","30","Right Trench","Not Attempted","Idle","None","","None","Idle","None","","None","Score","None","30","None","Intake from Neutral Zone","Score","30","None","Score","None","30","None","Score","None","30","None","Not Attempted","69d93b196596dd6511f95be5","eabaae39bcf16c700281d3f1f2bb38681dd6c30a216cf07c36487211e468dbb1","","red","2026-04-10T18:02:01.083Z","2026chcmp","2026chcmp_qm7","7","","4","","4","4","","","","Arihan","1727","2026-04-10T18:02:01.083Z"
"Idle","Idle","","Left Trench","Not Attempted","Idle","Idle","","None","Score","Score","20","None","Score","Score","","None","Score","Score","10","None","Score","Score","","None","Score","Score","10","None","Not Attempted","69d939ce6596dd6511f95b93","ecb687ba7be6186788826f35d55a70e981c259ebadca89ef438d00afa12b1cc7","","blue","2026-04-10T17:56:30.090Z","2026chcmp","2026chcmp_qm7","7","","1","1","1","2","","","dogwater","Falco Carey","1895","2026-04-10T17:56:30.090Z"
"Idle","Idle","","Hub","Not Attempted","Defense","Defense","","None","Defense","Defense","","None","Defense","Defense","","None","Defense","Pass","","None","Defense","Defense","","None","Defense","Defense","","None","Not Attempted","69d939c46596dd6511f95b91","2676fd889ec865ea6f7e1ed4c7cad0bbb482acab1f69bb2723fb367d616736ac","","blue","2026-04-10T17:56:20.274Z","2026chcmp","2026chcmp_qm7","7","","","","","1","","1","God awful","Sai","11425","2026-04-10T17:56:20.274Z"
"Score","None","20","Hub","Not Attempted","Idle","None","","None","Defense","None","","None","Defense","None","","None","Defense","None","","None","Defense","None","","None","Defense","Pass","","None","Not Attempted","69d939b26596dd6511f95b8f","11f8e0c7ccac571669bf38dfc9a2440de93625ca7048e96234594c8489d0da02","","red","2026-04-10T17:56:02.843Z","2026chcmp","2026chcmp_qm7","7","","1","2","","4","","3","Good defence","Nidhish","2421","2026-04-10T17:56:02.843Z"
"Score","None","10","Hub","Not Attempted","Idle","None","10","None","Defense","None","10","None","Defense","None","","None","Score","None","20","None","Defense","None","20","None","Score","None","30","None","Not Attempted","69d937fc6596dd6511f95b16","405af2f60bb1d4c554e57a8054b3f13b0e6df8e5a386cd3a924267b70b58aeba","","red","2026-04-10T17:48:44.495Z","2026chcmp","2026chcmp_qm6","6","","3","","4","3","","","","Arihan","620","2026-04-10T17:48:44.500Z"
"Score","Intake from Neutral Zone","50","Hub","Not Attempted","Score","Score","100","None","Pass","Intake from Neutral Zone","","None","Score","Score","60","None","Pass","Intake from Neutral Zone","","None","Score","Score","30","Light","Score","Score","50","None","Not Attempted","69d937c46596dd6511f95b0c","af6b916acbe20cde4698f0e2e5c0d9bdd52328d543c6336194c9ff4a8915ba7b","","blue","2026-04-10T17:47:48.061Z","2026chcmp","2026chcmp_qm6","6","","5","5","5","5","","","The goats ","Sai","836","2026-04-10T17:47:48.061Z"
"Score","Score","10","Hub","Not Attempted","Intake from Neutral Zone","Intake from Neutral Zone","","None","Intake from Neutral Zone","Pass","","None","Score","Score","10","None","Intake from Neutral Zone","Pass","","None","Score","Score","20","None","Intake from Neutral Zone","Score","20","None","Not Attempted","69d9378e6596dd6511f95b0a","9262c19cef776dbeceace52355aee2cca410b2deef30dd746f04660eec4a5335","","blue","2026-04-10T17:46:54.605Z","2026chcmp","2026chcmp_qm6","6","","3","2","2","4","1","","slow drivetrain","Falco Carey","3939","2026-04-10T17:46:54.605Z"
"Score","None","","Left Trench","Not Attempted","Idle","None","","None","Idle","None","","None","Idle","None","","None","Idle","None","","None","Idle","None","","None","Idle","None","","None","Not Attempted","69d937776596dd6511f95b04","12114af263257f485a839f664866b1e99c5b709d0e4869139ea4140c6c0ac851","","red","2026-04-10T17:46:31.751Z","2026chcmp","2026chcmp_qm6","6","","1","","","2","","","Very bad","Nidhish","5587","2026-04-10T17:46:31.903Z"
"Score","None","20","Hub","Not Attempted","Score","None","70","None","Intake from Neutral Zone","None","","None","Score","None","70","None","Intake from Neutral Zone","None","","None","Score","None","60","None","Score","None","70","None","Not Attempted","69d936e96596dd6511f95ae3","09479065162d3482e3ff43231d5d5db927d05f91a880503927a8bdc36dcca118","","red","2026-04-10T17:44:09.588Z","2026chcmp","2026chcmp_qm5","5","","4","","4","4","","","","Arihan","422","2026-04-10T17:44:09.588Z"
"Score","None","40","Hub","Not Attempted","Idle","None","","None","Intake from Neutral Zone","None","","None","Score","None","10","None","Idle","None","","None","Pass","Defense","","None","Pass","None","","None","Not Attempted","69d935846596dd6511f95a8a","d9471023a0b97c2bf83b281a4c59c12a847146f77c3a9572ecf2ef3320b7c4e2","","red","2026-04-10T17:38:12.166Z","2026chcmp","2026chcmp_qm5","5","","1","1","1","1","","","The most ass team here","Nidhish","5724","2026-04-10T17:38:12.166Z"
"Idle","Idle","","Hub","Not Attempted","Intake from Neutral Zone","Intake from Neutral Zone","","None","Defense","Defense","","None","Defense","Defense","","None","Defense","Defense","","None","Defense","Defense","","None","Defense","Defense","","None","Not Attempted","69d9356f6596dd6511f95a88","92698a7d657b75665b15ee32b876d10718953c67ce49e4c93baa5bb782e6c34b","","blue","2026-04-10T17:37:51.123Z","2026chcmp","2026chcmp_qm5","5","","","","","2","","2","Very bad defense ","Sai","10679","2026-04-10T17:37:51.123Z"
"Intake from Neutral Zone","Score","20","Left Bump","Not Attempted","Intake from Neutral Zone","Defense","","None","Score","Score","30","None","Pass","Pass","","None","Idle","Idle","","None","Score","Score","30","None","Score","Score","20","None","Not Attempted","69d935636596dd6511f95a87","587df6524838cbed683e7529b20c871c907c3dde04c64def312058d3b3e1cb19","","blue","2026-04-10T17:37:39.820Z","2026chcmp","2026chcmp_qm5","5","","2","1","2","3","","","","Falco Carey","1389","2026-04-10T17:37:39.820Z"
"Intake from Neutral Zone","Score","20","Left Trench","Not Attempted","Score","Score","100","None","Score","Score","20","None","Intake from Neutral Zone","Intake from Neutral Zone","","None","Score","Score","30","None","Intake from Neutral Zone","Intake from Neutral Zone","","None","Score","Score","10","None","Not Attempted","69d9335a6596dd6511f95a0c","2f74c46880b842bc50e8a0c8b7a8681c1956532dec9b96590539660c353ff4ae","","blue","2026-04-10T17:28:58.987Z","2026chcmp","2026chcmp_qm4","4","","2","","1","2","","","","Sai","5804","2026-04-10T17:28:58.987Z"
"Intake from Neutral Zone","Idle","","Right Trench","Not Attempted","Score","Intake from Neutral Zone","30","None","Intake from Neutral Zone","Score","30","None","Defense","Intake from Neutral Zone","","None","Score","Score","20","None","Pass","Pass","","None","Score","Intake from Neutral Zone","20","None","Not Attempted","69d9334f6596dd6511f95a0b","7cefdd6675be1b896568ab3145022518424e3f497240a4eb3e15a85018ea1b08","","blue","2026-04-10T17:28:47.988Z","2026chcmp","2026chcmp_qm4","4","","2","3","2","4","2","1","","Falco Carey","2537","2026-04-10T17:28:47.988Z"
"Idle","None","","Hub","Not Attempted","Score","Intake from Neutral Zone","","None","Intake from Neutral Zone","None","","None","Score","None","50","None","Intake from Neutral Zone","None","","None","Score","None","50","None","Score","None","70","None","Not Attempted","69d933446596dd6511f95a0a","af31702f852e8629a3152078b0f1ace2cbaf8cc0afb7f907a3680ea1dde37bb0","","red","2026-04-10T17:28:36.723Z","2026chcmp","2026chcmp_qm4","4","","4","3","4","4","","","Good","Nidhish","1731","2026-04-10T17:28:36.723Z"
"Score","None","20","Right Trench","Not Attempted","Score","None","40","None","Intake from Neutral Zone","None","","None","Score","None","40","None","Intake from Neutral Zone","None","","None","Score","None","30","None","Score","None","30","None","Not Attempted","69d931d36596dd6511f959b0","49920d941ade5bc91d4844895c1328f0b56d074b08c471338a3717875d5a964d","","red","2026-04-10T17:22:27.900Z","2026chcmp","2026chcmp_qm4","4","true","4","","4","4","","","Pretty good lowk. But bad auto.","Arihan","2199","2026-04-10T17:31:08.593Z"
"Score","None","40","Hub","Not Attempted","Score","None","30","None","Score","None","30","None","Defense","None","30","None","Defense","None","30","None","Defense","None","","None","Defense","None","","None","Not Attempted","69d931d36596dd6511f959af","cacc98ad78ac0237aa3343b3e9787934bc4f77ab0a02ccf31360aecae27fe1d8","","red","2026-04-10T17:22:27.623Z","2026chcmp","2026chcmp_qm3","3","","3","","2","3","","3","Ok. Don't pick probably.","Arihan","5549","2026-04-10T17:22:27.623Z"
"Intake from Neutral Zone","Score","30","Left Trench","Not Attempted","Intake from Neutral Zone","None","","None","Score","None","40","None","Intake from Neutral Zone","None","","None","Score","None","80","Light","Intake from Neutral Zone","None","","None","Score","None","70","None","Not Attempted","69d931906596dd6511f95994","7774a9cf96b8ae3c561befb176ac758041dddf9999886fe11aef5d62de41461d","","red","2026-04-10T17:21:20.080Z","2026chcmp","2026chcmp_qm3","3","","3","2","3","5","2","","Not bad","Nidhish","10224","2026-04-10T17:21:20.080Z"
"Pass","Score","20","Right Trench","Not Attempted","Intake from Neutral Zone","Idle","","None","Defense","Score","","None","Score","Score","30","None","Intake from Neutral Zone","Intake from Neutral Zone","","None","Score","Score","40","None","Score","None","40","Moderate","Not Attempted","69d931766596dd6511f95991","cf360e45386de90cbb7f250b6fc0ad306fb5697e45053448ae7dad4f5b44dcca","","blue","2026-04-10T17:20:54.772Z","2026chcmp","2026chcmp_qm3","3","","5","4","3","4","1","1","kinda chud driver but good bot","Falco Carey","1086","2026-04-10T17:20:54.772Z"
"Intake from Neutral Zone","Score","90","Left Trench","Not Attempted","Pass","Intake from Neutral Zone","","None","Score","Intake from Neutral Zone","60","None","Intake from Neutral Zone","Intake from Neutral Zone","","None","Intake from Neutral Zone","Intake from Neutral Zone","","None","Score","Score","60","None","Score","Score","60","None","Not Attempted","69d931706596dd6511f95990","22a9e49111f133c9b646c793f677ad6103f60b5d3f485b93a84e57f8dc48ae23","","blue","2026-04-10T17:20:48.242Z","2026chcmp","2026chcmp_qm3","3","","4","4","3","5","","","","Sai","346","2026-04-10T17:20:48.242Z"
"Score","None","70","Right Trench","Not Attempted","Intake from Neutral Zone","Pass","","None","Intake from Neutral Zone","Pass","","None","Score","None","70","None","Intake from Neutral Zone","Pass","","None","Score","None","70","None","Score","None","70","None","Not Attempted","69d92f776596dd6511f9591e","ecc43cb1b532dae202e9b56a5f24bb2e196a62b412e917eac0553a2d3634c64e","","red","2026-04-10T17:12:23.645Z","2026chcmp","2026chcmp_qm2","2","","4","","4","3","","","","Arihan","4472","2026-04-10T17:12:23.645Z"
"Idle","Idle","","Right Bump","Not Attempted","Intake from Neutral Zone","Score","20","None","Intake from Neutral Zone","Pass","","None","Score","Score","20","None","Intake from Neutral Zone","Intake from Neutral Zone","","None","Intake from Neutral Zone","Intake from Neutral Zone","","None","Score","Score","20","None","Not Attempted","69d92f70bf568fbb13dfc914","f524582c0a8c8906da7f9daf947dab2555f28cf6c0b685b5645781e1f3b76e90","","blue","2026-04-10T17:12:16.916Z","2026chcmp","2026chcmp_qm2","2","","3","2","4","3","","","","Sai","2890","2026-04-10T17:12:16.916Z"
"Intake from Neutral Zone","Score","20","Right Trench","Not Attempted","Score","Score","80","None","Intake from Neutral Zone","Intake from Neutral Zone","","None","Score","Score","40","None","Pass","Intake from Neutral Zone","","None","Score","Score","20","None","Intake from Neutral Zone","Score","30","Light","Not Attempted","69d92f70bf568fbb13dfc913","2cce6cc3f264dea2cdae1c053a65d5d2561273e170a074090e944124a2359e98","","blue","2026-04-10T17:12:16.915Z","2026chcmp","2026chcmp_qm1","1","","4","4","5","5","2","","Goated","Sai","449","2026-04-10T17:12:16.915Z"
"Intake from Neutral Zone","Score","40","Left Trench","Not Attempted","Intake from Neutral Zone","None","","None","Pass","None","","None","Score","None","60","None","Pass","Intake from Neutral Zone","","None","Score","None","60","None","Idle","None","","None","Not Attempted","69d92f576596dd6511f9591b","8b97fc604b83b5adab7ce434035b63416c261d3f8612779eb5d92ee16a18c34a","","red","2026-04-10T17:11:51.401Z","2026chcmp","2026chcmp_qm2","2","","3","4","3","5","","","Not bad, idle in end game","Nidhish","3748","2026-04-10T17:11:51.401Z"
"Idle","Idle","","Left Trench","Not Attempted","Intake from Neutral Zone","Score","10","None","Pass","Pass","","None","Pass","Pass","","None","Defense","Pass","","None","Pass","Pass","","None","Pass","Pass","","None","Not Attempted","69d92f306596dd6511f95917","90acdc8fed8f1e00a9e6bf466102767dc3c6764d4aec14a860866f90d2b0ce5e","","blue","2026-04-10T17:11:12.140Z","2026chcmp","2026chcmp_qm2","2","","1","3","1","3","","2","","Falco Carey","3258","2026-04-10T17:11:12.140Z"
"Score","Idle","20","Hub","Not Attempted","Intake from Neutral Zone","Intake from Neutral Zone","","None","Intake from Neutral Zone","Pass","","None","Score","Score","10","Light","Intake from Neutral Zone","Intake from Neutral Zone","","None","Score","Defense","10","Light","Defense","Defense","","None","Not Attempted","69d92e6f6596dd6511f958ee","a9ad7e14676bf7ca3064717322b41f03145eb77949c9f57cb3770891e4f33826","","blue","2026-04-10T17:07:59.780Z","2026chcmp","2026chcmp_qm1","1","","2","","3","4","1","4","risky holding ","Falco Carey","540","2026-04-10T17:07:59.780Z"
"Idle","None","","Hub","Not Attempted","Idle","None","","None","Defense","None","","None","Defense","None","","None","Defense","None","","None","Defense","None","","None","Score","Pass","10","None","Not Attempted","69d92e246596dd6511f958d2","161e7313a28ee7868b9f23405d340682ff0b721dfacb8ce3621de80e6d30450f","","red","2026-04-10T17:06:44.953Z","2026chcmp","2026chcmp_qm1","1","","1","","2","3","","3","Slow, not good","Nidhish","1719","2026-04-10T17:06:44.953Z"
"Score","None","20","Left Bump","Not Attempted","Score","None","30","None","Score","None","30","None","Score","None","30","None","Idle","None","20","None","Idle","None","20","None","Idle","None","20","None","Not Attempted","69d92e146596dd6511f958d0","fdf42e3f815e8600e0a8568956eb7ee5f1d44fd5fa20beec95d539ae8ead59a5","","red","2026-04-10T17:06:28.844Z","2026chcmp","2026chcmp_qm1","1","","4","","3","3","","","","Arihan","401","2026-04-10T17:06:28.844Z"
"Score","None","100","Left Bump","Not Attempted","Score","None","20","None","Score","None","30","None","Score","None","30","None","Score","None","20","None","Idle","None","20","None","Score","None","20","None","Not Attempted","69d92ddc6596dd6511f958cb","41bbf0e7514fd6ba0f79b355142eae2ff9bfb6af1a1129d541292e1024ef6260","","red","2026-04-10T17:05:32.226Z","2026chcmp","2026chcmp_qm1","1","","4","","3","3","","","","Arihan","401","2026-04-10T17:05:32.226Z"
"None","None","","Hub","Not Attempted","None","None","","None","None","None","","None","None","None","","None","None","None","","None","None","None","","None","None","None","","None","Not Attempted","69d92dcc6596dd6511f958c8","241c34876696ceff2025c887462333026fee8f15b0d6f56a9eda8bf52636fa82","","red","2026-04-10T17:05:16.360Z","2026chcmp","2026chcmp_qm2","2","true","","","","","","","","Arihan","4472","2026-04-10T17:05:16.360Z"
"None","None","","Hub","Not Attempted","None","None","","None","None","None","","None","None","None","","None","None","None","","None","None","None","","None","None","None","","None","Not Attempted","69c94140a23b3c991703199e","973fce0064190ab50ee8daff3af84e5c6d543b5002cb10f04243f2e7af72d155","","red","2026-03-29T15:12:00.174Z","2026mdsev","2026mdsev_qm62","62","true","","","","","","","","Arihan","4541","2026-03-29T15:12:00.174Z"
"Idle","Idle","","Right Trench","Not Attempted","Score","Score","","None","Idle","Idle","","None","Idle","Idle","","None","Idle","Idle","","None","Idle","Idle","","None","Idle","Idle","","None","Not Attempted","69c94135a23b3c991703199b","e599e16aa40b91bcbe2ee8d3f400fd813da34b0f60af7ce683ec29e8f5a1e1af","","blue","2026-03-29T15:11:49.389Z","2026mdsev","2026mdsev_qm61","61","","","","","1","","","","KING BLUB (OFORI)","2914","2026-03-29T15:11:49.389Z"
"Score","Idle","60","Left Bump","Not Attempted","Intake from Neutral Zone","None","","None","Idle","None","","None","Idle","None","","None","Intake from Neutral Zone","None","","None","Score","None","60","None","Score","None","50","None","Not Attempted","69c94132a23b3c991703199a","f8e93c5da072017864429632691568a349f3493f85428ebaf11bc98ce5902d1e","","blue","2026-03-29T15:11:46.169Z","2026mdsev","2026mdsev_qm61","61","","1","","1","1","","","","Praneel Pothula","11318","2026-03-29T15:11:46.169Z"
"Intake from Neutral Zone","Score","60","Left Trench","Not Attempted","Intake from Neutral Zone","Score","60","None","Intake from Neutral Zone","Intake from Neutral Zone","","None","Score","Score","80","None","Intake from Neutral Zone","Intake from Neutral Zone","","None","Score","Score","60","None","Score","Score","40","None","Not Attempted","69c94130a23b3c9917031999","c540906ec451f9daa10d57a8744b7811188765f0b54e705acd8ce2325b6b4431","","red","2026-03-29T15:11:44.483Z","2026mdsev","2026mdsev_qm61","61","","4","","4","5","","","Good team up with us with Ben defense ","Sai","3748","2026-03-29T15:11:44.483Z"
"Score","None","","Hub","Not Attempted","Defense","None","","Light","Defense","None","","None","Defense","None","","None","Pass","None","","None","Defense","None","","Light","Defense","Pass","","None","Not Attempted","69c9411ca23b3c9917031997","a4a6ce4fe629d9417168e8c72b6338e8a2d4dca84055c37850510abf8a6aadd2","","blue","2026-03-29T15:11:24.247Z","2026mdsev","2026mdsev_qm61","61","","1","2","","2","","3","Okay at the fending can defend one robot if it has help","Snithik","11350","2026-03-29T15:11:24.247Z"
"Score","None","40","Hub","Not Attempted","Intake from Neutral Zone","Pass","","None","Score","None","40","None","Intake from Neutral Zone","Pass","","None","Pass","Defense","","None","Intake from Neutral Zone","None","","None","Score","None","","None","Not Attempted","69c94113a23b3c9917031996","814d9997b4d6edfdaaa2983eb2157fcaadc44337f0fb4ee8d93edc91f07b5ee3","","red","2026-03-29T15:11:15.302Z","2026mdsev","2026mdsev_qm61","61","","1","3","3","3","","","Mid. Bad shooter","Nidhish","8726","2026-03-29T15:11:15.302Z"
"Idle","None","","Left Trench","Not Attempted","Idle","None","","None","Pass","None","","None","Pass","None","","None","Idle","None","","Light","Idle","None","","None","Pass","None","","None","Not Attempted","69c93f68a23b3c9917031924","e3a6b30910dd5baee2125f0b73aeee7d99af9e5b9925c4d286e04aa1e5a7bcc0","","blue","2026-03-29T15:04:08.550Z","2026mdsev","2026mdsev_qm60","60","","","2","","2","","","Idle and passing not very good at anything ","Snithik","2849","2026-03-29T15:04:08.550Z"
"Score","Score","100","Hub","Not Attempted","Idle","Idle","","None","Idle","Idle","","None","Idle","Idle","","None","Idle","Idle","","None","Idle","Idle","","None","Idle","Idle","","None","Not Attempted","69c93f0ca23b3c9917031908","d2d7dc19c97c904b650d9c2963003c474fe30131c973cace3d96b81d49098052","","blue","2026-03-29T15:02:36.321Z","2026mdsev","2026mdsev_qm60","60","","","","","1","","","","KING BLUB (OFORI)","7770","2026-03-29T15:02:36.321Z"
"Idle","None","","Right Bump","Not Attempted","Intake from Neutral Zone","Pass","","None","Pass","Defense","","None","Defense","Pass","","None","Defense","Pass","","None","Pass","None","","None","Pass","None","","None","Not Attempted","69c93f09a23b3c9917031907","bb9a1157bca98f263bd10973615c2420251608f4af55c54215f98cb4ee604444","","red","2026-03-29T15:02:33.460Z","2026mdsev","2026mdsev_qm60","60","","","3","","3","","4","Defence and passing","Nidhish","4505","2026-03-29T15:02:33.460Z"
"Idle","None","","Hub","Not Attempted","Idle","None","","None","Idle","None","","None","Pass","None","","None","Pass","None","","None","Pass","None","","None","Pass","Idle","","None","Not Attempted","69c93f01a23b3c9917031906","f973f372bc0803feabeeb8e28acdd10619cf72ff6bc98bc7627c62e7ada624ab","","blue","2026-03-29T15:02:25.506Z","2026mdsev","2026mdsev_qm60","60","","","2","","1","","","","Praneel Pothula","1446","2026-03-29T15:02:25.506Z"
"Intake from Neutral Zone","Score","90","Right Trench","Not Attempted","Intake from Neutral Zone","Score","100","None","Pass","Intake from Neutral Zone","","None","Score","Score","70","None","Intake from Neutral Zone","Intake from Neutral Zone","","None","Score","Score","70","None","Score","Score","50","None","Not Attempted","69c93ef3a23b3c9917031905","5add1cfe64f3764099730b52d466e69dae12bde42cc44e1850023365c02f4178","","red","2026-03-29T15:02:11.284Z","2026mdsev","2026mdsev_qm60","60","","5","","4","5","","","","Sai","1629","2026-03-29T15:02:11.284Z"
"None","None","","Hub","Not Attempted","None","None","","None","None","None","","None","None","None","","None","None","None","","None","None","None","","None","None","None","","None","Not Attempted","69c93e1da23b3c99170318d5","0163d9b8fa67af31069cc7327d7ffa408a7c40b4635b50071b7a5d6dd1903d54","","red","2026-03-29T14:58:37.426Z","2026mdsev","2026mdsev_qm60","60","true","","","","","","","","Arihan","8622","2026-03-29T14:58:37.426Z"
"Score","None","10","Right Bump","Not Attempted","Pass","None","","None","Pass","None","","None","Idle","None","","None","Pass","None","","None","Pass","None","","None","Idle","None","","None","L1 Attempted","69c93d18a23b3c9917031889","14d8d499d4cbc44213ffd8ace9b0154e270dda5a49df1bbec998978bb28a94d0","","red","2026-03-29T14:54:16.010Z","2026mdsev","2026mdsev_qm59","59","","1","2","","2","","","1l climb and human players were major part.","Nidhish","3714","2026-03-29T14:54:16.010Z"
"Idle","None","","Left Trench","Not Attempted","Idle","None","","None","Defense","None","","None","Idle","None","","None","Idle","None","","None","Idle","None","","None","Idle","None","","None","Not Attempted","69c93d15a23b3c9917031888","ecac76b93b70d76ab8968a2acc239f6402e40133cc4e916d3b81223afc4726d6","","blue","2026-03-29T14:54:13.396Z","2026mdsev","2026mdsev_qm59","59","","","","","1","","1","Moving around doing nothing tried to defend but failed and also started defending its own teammates lost a bumper then got disabled on the other teams bump","Snithik","2963","2026-03-29T14:54:13.396Z"
"Idle","Idle","","Left Trench","Not Attempted","Pass","Pass","","None","Pass","Pass","","None","Pass","Pass","","None","Pass","Pass","","None","Pass","Pass","","None","Pass","Pass","","None","Not Attempted","69c93d0ca23b3c9917031886","4361943173dc300be370a36cc0194cbef7d430b75647a4edc374e144caf2fcd8","","red","2026-03-29T14:54:04.259Z","2026mdsev","2026mdsev_qm59","59","","","2","","3","","","","Sai","2534","2026-03-29T14:54:04.259Z"
"Score","Score","","Hub","Not Attempted","Idle","Idle","","None","Intake from Neutral Zone","Intake from Neutral Zone","","None","Intake from Neutral Zone","Intake from Neutral Zone","","None","Pass","Pass","","None","Pass","Pass","","None","Idle","Idle","","None","Not Attempted","69c93d06a23b3c9917031884","933bf75e9dc1b4a4178106475a9ff75646e29fdf96744b52704876c027730a39","","blue","2026-03-29T14:53:58.783Z","2026mdsev","2026mdsev_qm59","59","","1","2","1","1","1","1","","KING BLUB (OFORI)","10679","2026-03-29T14:53:58.783Z"
"Idle","None","","Right Bump","Not Attempted","Pass","None","","None","Pass","Defense","","None","Defense","None","","None","Idle","None","","None","Idle","None","","None","Idle","None","","None","Not Attempted","69c93b22a23b3c9917031803","6cb2dca4a70fb3687c051a67962e385f61e7c5b3b7d7017bef2f3ec93433aafd","","blue","2026-03-29T14:45:54.287Z","2026mdsev","2026mdsev_qm59","59","true","","3","","2","","3","","Praneel Pothula","1915","2026-03-29T14:53:52.370Z"
"Intake from Neutral Zone","None","","Hub","Not Attempted","Intake from Neutral Zone","None","","None","Idle","None","","None","Intake from Neutral Zone","None","","None","Idle","None","","None","Intake from Neutral Zone","None","","None","Intake from Neutral Zone","None","","None","Not Attempted","69c93b20a23b3c9917031801","d257d8e0c1fd0972a2cf8ad42e7d2bee88cde41bae25e0704f77bd080212436c","","blue","2026-03-29T14:45:52.762Z","2026mdsev","2026mdsev_qm58","58","","2","2","2","2","","","","Praneel Pothula","11350","2026-03-29T14:45:52.766Z"
"Intake from Neutral Zone","Score","50","Right Trench","Not Attempted","Intake from Neutral Zone","None","","None","Intake from Neutral Zone","None","","None","Score","None","100","None","Intake from Neutral Zone","None","","None","Score","None","80","None","Score","None","80","None","Not Attempted","69c93ac9a23b3c99170317ee","7e201c7f6cb6cdf2d46ee35befce0c23b874bd7f192e7a68779b0dff631a0e58","","blue","2026-03-29T14:44:25.255Z","2026mdsev","2026mdsev_qm58","58","","4","","4","4","","","Scored more than the other team ","Snithik","4541","2026-03-29T14:44:25.255Z"
"Idle","None","","Left Trench","Not Attempted","Idle","None","","None","Idle","None","","None","Idle","None","","None","Idle","None","","None","Idle","None","","None","Idle","None","","None","Not Attempted","69c93abea23b3c99170317ed","3e6a4120aec2f43798a2e086abdb013de7a792027bb4529a00c9cc1e69563809","","red","2026-03-29T14:44:14.871Z","2026mdsev","2026mdsev_qm58","58","","","","","2","","","Ran circles in nuetral zone","Nidhish","2914","2026-03-29T14:44:14.871Z"
"Idle","Idle","","Left Trench","Not Attempted","Defense","Defense","","None","Defense","Defense","","None","Defense","Defense","","None","Defense","Defense","","None","Pass","Pass","","None","Pass","Pass","","None","Not Attempted","69c93abca23b3c99170317eb","e2685f9346b8943ec9547b6980127c5cffee0aaba9a5605bda5345473ff72d88","","blue","2026-03-29T14:44:12.873Z","2026mdsev","2026mdsev_qm58","58","","","3","","5","","4","","KING BLUB (OFORI)","686","2026-03-29T14:44:13.001Z"
"Idle","Idle","","Hub","Not Attempted","Intake from Neutral Zone","Intake from Neutral Zone","","None","Intake from Neutral Zone","Intake from Neutral Zone","","None","Score","Score","","None","Score","Score","","None","Idle","Idle","","None","Score","Score","10","None","Not Attempted","69c93aa8a23b3c99170317e9","b9c778115d3e1d39bb56b304f0f090bd05949ce67e3319c4116dcbbbb9f8f068","","red","2026-03-29T14:43:52.335Z","2026mdsev","2026mdsev_qm58","58","","","","","2","","","","Sai","8726","2026-03-29T14:43:52.335Z"
"Intake from Neutral Zone","None","","Right Trench","Not Attempted","Score","None","70","None","Intake from Neutral Zone","None","","None","Score","None","80","None","Intake from Neutral Zone","Pass","","Light","Score","None","80","None","Intake from Neutral Zone","Score","90","None","Not Attempted","69c938bba23b3c991703177d","491b36aba87a4648d90113054b0cbfa2b0a4c57a0e6211c5318fe1be8fad2c41","","blue","2026-03-29T14:35:39.558Z","2026mdsev","2026mdsev_qm57","57","","5","5","5","5","","","Amazing robot good at passing shooting and intaking","Snithik","836","2026-03-29T14:35:39.558Z"
"Score","Score","80","Left Trench","Not Attempted","Score","Pass","","None","Intake from Neutral Zone","Pass","30","None","Intake from Neutral Zone","Pass","","None","Score","Score","","None","Score","Score","","None","Score","Score","50","None","Not Attempted","69c938ada23b3c991703177c","cf720c494fc06d21804cde2c5e50970788c26cc199e0e70627bae20d89295ff8","","blue","2026-03-29T14:35:25.065Z","2026mdsev","2026mdsev_qm57","57","","3","2","3","3","","","","KING BLUB (OFORI)","2377","2026-03-29T14:35:25.065Z"
"Idle","None","","Hub","Not Attempted","Score","None","70","None","Pass","None","","None","Score","None","80","None","Pass","None","","None","Score","None","80","None","Score","None","70","None","Not Attempted","69c938a7a23b3c991703177b","1d629231eed422ff99e444bca8f29efb179e1afe387b3d4bc74929614c743e77","","blue","2026-03-29T14:35:19.150Z","2026mdsev","2026mdsev_qm57","57","","3","2","2","2","","","","Praneel Pothula","9033","2026-03-29T14:35:19.150Z"
"Idle","Idle","","Hub","Not Attempted","Idle","Idle","","None","Pass","Pass","","None","Pass","Pass","","None","Pass","Pass","","None","Idle","Idle","","None","Idle","Idle","","None","Not Attempted","69c9388fa23b3c9917031776","f4f2763c865759061b0df4b721536b25c403d5158596960f20cdb03c36b42500","","red","2026-03-29T14:34:55.436Z","2026mdsev","2026mdsev_qm57","57","","","","","2","","","","Sai","4505","2026-03-29T14:34:55.436Z"
"Intake from Neutral Zone","None","","Left Trench","Not Attempted","Score","None","80","None","Intake from Neutral Zone","Pass","","None","Pass","None","","None","Pass","None","","None","Pass","None","","None","Pass","None","","None","Not Attempted","69c9388ba23b3c9917031775","6986b553952d2a671f19621772f0a14a8ca5c89b4936a057142e33f645701572","","red","2026-03-29T14:34:51.812Z","2026mdsev","2026mdsev_qm57","57","","","3","","2","","","Only passing","Nidhish","339","2026-03-29T14:34:51.812Z"
"Score","Score","","Hub","Not Attempted","Score","Score","","None","Pass","Pass","","None","Pass","Pass","","None","Pass","Pass","","None","Pass","Pass","","None","Pass","Pass","","None","Not Attempted","69c9370da23b3c991703172c","95f47c74e7ae1c5b5879bf82370bbfdafea507f9f2d4da0694e38cd0365dfe1c","","blue","2026-03-29T14:28:29.289Z","2026mdsev","2026mdsev_qm56","56","","","4","","2","","","","KING BLUB (OFORI)","1446","2026-03-29T14:28:29.289Z"
"Intake from Neutral Zone","Score","60","Right Bump","Not Attempted","Intake from Neutral Zone","None","","None","Score","None","40","None","Intake from Neutral Zone","Intake from Neutral Zone","","None","Score","Intake from Neutral Zone","60","None","Intake from Neutral Zone","Intake from Neutral Zone","","None","Score","Score","50","None","Not Attempted","69c936b1a23b3c991703170f","7df4e36d231fdc570a35361213aa4c401951ba5de46e6e4ddd3c4f2f48b2f37d","","red","2026-03-29T14:26:57.360Z","2026mdsev","2026mdsev_qm56","56","","4","","4","4","","","","Sai","614","2026-03-29T14:26:57.360Z"
"Score","Intake from Neutral Zone","70","Right Trench","Not Attempted","Score","Intake from Neutral Zone","70","None","Intake from Neutral Zone","Pass","","None","Score","None","50","None","Intake from Neutral Zone","None","","None","Score","None","80","None","Score","None","60","None","Not Attempted","69c936afa23b3c991703170e","5369b9818ff618f468c94d0ee59b0185424d0e1197eaacd00cc1d57953df5b26","","blue","2026-03-29T14:26:55.119Z","2026mdsev","2026mdsev_qm56","56","","4","4","4","4","","","","Praneel Pothula","1629","2026-03-29T14:26:55.119Z"
"Score","None","40","Hub","Not Attempted","Intake from Neutral Zone","Score","30","None","Pass","None","","None","Score","None","50","None","Pass","None","","None","Score","None","40","None","Score","None","40","None","Not Attempted","69c936a9a23b3c991703170d","5c93551521f827f1d30c17a03151ee5843988dc97b84c8ec3df4550873502951","","red","2026-03-29T14:26:49.542Z","2026mdsev","2026mdsev_qm56","56","","3","4","2","4","","","Good","Nidhish","11318","2026-03-29T14:26:49.542Z"
"None","None","","Hub","Not Attempted","None","None","","None","None","None","","None","None","None","","None","None","None","","None","None","None","","None","None","None","","None","Not Attempted","69c93514a23b3c99170316c3","f1bc5ceb9df74f70bab9b75bf274ebf527fefe9b4ec2c47c94baebc2f15263f1","","blue","2026-03-29T14:20:04.511Z","2026mdsev","2026mdsev_qm56","56","true","","","","","","","","Snithik","11211","2026-03-29T14:20:04.511Z"
"Score","None","10","Left Bump","Not Attempted","Intake from Neutral Zone","Pass","","None","Intake from Neutral Zone","Pass","","None","Score","None","10","None","Intake from Neutral Zone","Pass","","None","Score","None","","None","Pass","Score","10","Light","Not Attempted","69c9346fa23b3c991703169e","b3e254041c5a9181d893529cb20af5af16e3922b0c6f945211a11bbb416f3f6e","","blue","2026-03-29T14:17:19.165Z","2026mdsev","2026mdsev_qm55","55","","1","2","1","1","1","","Can’t shoot in the hub and didn’t intake many balls passing wasn’t good","Snithik","10449","2026-03-29T14:17:19.165Z"
"Score","Score","10","Hub","Not Attempted","Score","Score","","None","Intake from Neutral Zone","Intake from Neutral Zone","10","None","Intake from Neutral Zone","Pass","","None","Score","Score","","None","Score","Score","30","None","Score","Score","30","None","Not Attempted","69c93461a23b3c991703169c","ebdb7741071044f56422a321667402d3fd546e461ad0204f3d7795c251c37ca7","","blue","2026-03-29T14:17:05.882Z","2026mdsev","2026mdsev_qm55","55","","1","1","2","3","","","","KING BLUB (OFORI)","6863","2026-03-29T14:17:05.882Z"
"Idle","Idle","","Left Trench","Not Attempted","Intake from Neutral Zone","Intake from Neutral Zone","","None","Intake from Neutral Zone","Intake from Neutral Zone","","Moderate","Idle","Idle","","None","Idle","Idle","","None","Idle","Idle","","None","Idle","Idle","","None","Not Attempted","69c9344aa23b3c991703169a","a252b572af8f737396f1d648dd3884c0962b72ac20851c8fa3d321102c044ca8","","red","2026-03-29T14:16:42.048Z","2026mdsev","2026mdsev_qm55","55","","","","","2","","","Just wandering around ","Sai","2849","2026-03-29T14:16:42.048Z"
"Idle","None","","Right Bump","Not Attempted","Idle","None","","None","Idle","None","","None","Pass","None","","None","Defense","Pass","","None","Pass","None","","None","Defense","Pass","","None","Not Attempted","69c9341ba23b3c9917031684","e6393d245ed12a7a52b9a47196168f2c58c7067481c4727e375d0d05ef804947","","red","2026-03-29T14:15:55.215Z","2026mdsev","2026mdsev_qm55","55","","1","3","1","2","","3","Bad","Nidhish","2963","2026-03-29T14:15:55.215Z"
"Intake from Neutral Zone","Score","70","Right Trench","Not Attempted","Intake from Neutral Zone","Score","70","None","Intake from Neutral Zone","None","","None","Score","None","80","None","Intake from Neutral Zone","None","","None","Score","None","70","None","Score","None","70","None","Not Attempted","69c9341aa23b3c9917031681","720bdba8783066edcbc821288d45779865a2a690ba1f718419bcd967a62008d4","","blue","2026-03-29T14:15:54.145Z","2026mdsev","2026mdsev_qm55","55","","5","5","5","5","","","","Praneel Pothula","2199","2026-03-29T14:15:54.147Z"
"Score","Pass","10","Left Trench","Not Attempted","Score","Score","70","None","Score","Score","","Moderate","Idle","Idle","","None","Pass","Pass","","None","Score","Score","","None","Score","Score","10","None","Not Attempted","69c93244a23b3c9917031616","ac6cb24ca90f01a58d3a3eb27202154035d6aaf0ed769edc6029e107d67a89e6","","blue","2026-03-29T14:08:04.307Z","2026mdsev","2026mdsev_qm54","54","","2","2","","2","","","","KING BLUB (OFORI)","3748","2026-03-29T14:08:04.307Z"
"Intake from Neutral Zone","None","","Right Bump","Not Attempted","Score","None","40","None","Score","None","80","Moderate","Intake from Neutral Zone","None","","None","Score","None","100","None","Intake from Neutral Zone","None","100","None","Score","None","90","None","Not Attempted","69c93228a23b3c9917031614","9af9a24ea9db8d842aa2242432de94d94bf0e1fbc3364e5ba1e4899c08b1523a","","blue","2026-03-29T14:07:36.250Z","2026mdsev","2026mdsev_qm54","54","","4","","3","3","2","","Had a lot of points even with only 1 other robot helping them","Snithik","8592","2026-03-29T14:07:36.250Z"
"Score","Score","","Left Bump","Not Attempted","Idle","Idle","","None","Intake from Neutral Zone","Intake from Neutral Zone","","None","Intake from Neutral Zone","Pass","","None","Pass","Pass","","None","Pass","Pass","","None","Pass","Pass","","None","Not Attempted","69c93200a23b3c99170315fd","47daa1fbf3bcff89ce1f2d82009f689fc4681f337793a20b96d87dcb1b6e1a26","","red","2026-03-29T14:06:56.192Z","2026mdsev","2026mdsev_qm54","54","","1","","","1","","","Genuinely sucks broke down in game from moving ","Sai","8622","2026-03-29T14:06:56.192Z"
"Idle","None","","Hub","Not Attempted","Intake from Neutral Zone","Pass","","None","Pass","None","","None","Idle","None","","None","Idle","None","","None","Idle","None","","None","Idle","None","","None","Not Attempted","69c931d8a23b3c99170315f1","c2ea7525571b8d807c5b43a358a8b9c15300ddaa75f855aeba75c08cb8985f38","","red","2026-03-29T14:06:16.830Z","2026mdsev","2026mdsev_qm54","54","","2","4","1","2","","","Was barly moving at some point","Nidhish","1915","2026-03-29T14:06:16.830Z"
"Idle","None","","Hub","Not Attempted","Idle","None","","None","Idle","None","","None","Idle","None","","None","Idle","None","","None","Idle","None","","None","Idle","None","","None","Not Attempted","69c931d8a23b3c99170315f0","b0cf7a50f09f692891b2af16adfc52db58391728c1eae8b86076d2c301a77c28","","blue","2026-03-29T14:06:16.762Z","2026mdsev","2026mdsev_qm54","54","","","","","1","","","Estop ","Praneel Pothula","1111","2026-03-29T14:06:16.762Z"
"Score","None","","Hub","Not Attempted","Defense","None","","Light","Defense","None","","None","Defense","None","","None","Defense","None","","None","Defense","None","","None","Defense","None","","None","Not Attempted","69c92fc8a23b3c9917031565","ecec48385df41f91fcbf7922ef77f533e2e5a063753f36eea4f91f8013fb8216","","blue","2026-03-29T13:57:28.122Z","2026mdsev","2026mdsev_qm53","53","","1","2","1","2","","2","Can’t shot well and not the best at defense ","Snithik","11350","2026-03-29T13:57:28.122Z"
"Intake from Neutral Zone","None","","Left Trench","Not Attempted","Idle","None","","None","Idle","None","","None","Idle","None","","None","Idle","None","","None","Idle","None","","None","Idle","None","","None","Not Attempted","69c92fbfa23b3c9917031564","691a0c5af981089ee9f65fe5e4ce76618159a05bdadfc6f5b3409565d03ea58f","","blue","2026-03-29T13:57:19.826Z","2026mdsev","2026mdsev_qm53","53","","","","","1","","","Auto intakes and then broke for the rest of The match ","Praneel Pothula","7770","2026-03-29T13:57:19.826Z"
"Score","Idle","30","Right Bump","Not Attempted","Idle","None","","None","Intake from Neutral Zone","Pass","","None","Score","None","30","None","Intake from Neutral Zone","Pass","60","None","Score","Pass","30","None","Idle","None","","None","Not Attempted","69c92fb3a23b3c9917031562","d2e3edfdf77217c90a4154b0a45bda7c7cb36fd1ad6f317817557d111a011348","","red","2026-03-29T13:57:07.519Z","2026mdsev","2026mdsev_qm53","53","","3","3","2","4","","","Not bad","Nidhish","1389","2026-03-29T13:57:07.519Z"
"Intake from Neutral Zone","Score","60","Left Trench","Not Attempted","Score","Score","80","None","Intake from Neutral Zone","Pass","","None","Score","Score","60","Moderate","Defense","Defense","","None","Pass","Pass","","None","Pass","Pass","","None","Not Attempted","69c92f99a23b3c991703155f","6cc7ca1df5f7988af7aa9437f3d558c753d30524bc6dc1d71311136961c42891","","red","2026-03-29T13:56:41.818Z","2026mdsev","2026mdsev_qm53","53","","4","","4","4","4","","Pretty good ","Sai","9033","2026-03-29T13:56:41.818Z"
"Score","Score","","Right Bump","Not Attempted","Score","Score","","None","Score","Score","","None","Intake from Neutral Zone","Pass","","None","Score","Score","10","None","Score","Idle","","None","Score","Score","100","None","Not Attempted","69c92f99a23b3c991703155e","8e2062b6e317a775e31377cd386382afee2b15a2964c4435d092f24a381d09bf","","blue","2026-03-29T13:56:41.128Z","2026mdsev","2026mdsev_qm53","53","","1","2","3","3","","","","KING BLUB (OFORI)","1418","2026-03-29T13:56:41.128Z"
"Score","Score","60","Hub","Not Attempted","Score","None","60","Heavy","Intake from Neutral Zone","None","60","Heavy","Score","None","80","Heavy","Intake from Neutral Zone","None","80","Heavy","Score","None","90","Heavy","Score","None","60","Heavy","Not Attempted","69c92cbea23b3c9917031460","f3f2de18fb4bd134883ea40c0912e3a801872528d91b92b3b8d4920d9840550b","","blue","2026-03-29T13:44:30.850Z","2026mdsev","2026mdsev_qm52","52","","4","5","5","5","3","","They were heavily defended the entire game by 2 robots and one of their robots got stuck","Nidhish","686","2026-03-29T13:44:30.850Z"
"Idle","None","","Hub","Not Attempted","Idle","None","","None","Idle","None","","None","Idle","None","","None","Idle","None","","None","Idle","None","","None","Idle","None","","None","Not Attempted","69c92bcda23b3c99170313ca","5e4d5e50d8b0fe6aa4d0cafb7eddfd03bda7d6ebf4bd852fe4cef55fad2c9611","","blue","2026-03-29T13:40:29.844Z","2026mdsev","2026mdsev_qm52","52","","","","","1","","","Got stuck on hub ","Praneel Pothula","2963","2026-03-29T13:40:29.844Z"
"Score","Score","40","Right Bump","Not Attempted","Score","Score","","None","Intake from Neutral Zone","Intake from Neutral Zone","","Heavy","Score","Score","","None","Idle","Idle","","None","Idle","Idle","","None","Score","Score","","None","L1 Attempted","69c92ba5a23b3c99170313aa","1548e4b4857c9ee0a892972dd0d5f8f956128556700d57bde76ae48657aae6ae","","blue","2026-03-29T13:39:49.587Z","2026mdsev","2026mdsev_qm52","52","","4","","4","3","3","","","KING BLUB (OFORI)","614","2026-03-29T13:39:49.587Z"
"Idle","Idle","","Right Bump","Not Attempted","Score","Intake from Neutral Zone","","None","Defense","Defense","","None","Defense","Defense","","None","Defense","Defense","","None","Defense","Defense","","None","Defense","Defense","","None","Not Attempted","69c92ba3a23b3c99170313a8","b4edbeeb25f619172d26d4fb376e136ffb781492e1c24d60ab5c5750458470b2","","red","2026-03-29T13:39:47.609Z","2026mdsev","2026mdsev_qm52","52","","","","","4","","5","Holy peak defense ","Sai","4505","2026-03-29T13:39:47.609Z"
"Score","None","30","Left Bump","Not Attempted","Intake from Neutral Zone","None","","None","Score","Pass","90","None","Intake from Neutral Zone","Pass","","Heavy","Score","None","100","None","Intake from Neutral Zone","Pass","","None","Score","None","80","None","Not Attempted","69c92b79a23b3c99170313a3","22136f039675e5e2ac474af684911524b66ad3799cb1f51ad9237493f1b62326","","red","2026-03-29T13:39:05.676Z","2026mdsev","2026mdsev_qm52","52","","4","4","4","4","","","Good","Nidhish","11318","2026-03-29T13:39:06.474Z"
"Idle","None","","Hub","Not Attempted","Score","None","10","None","Score","None","10","None","Idle","None","","None","Idle","None","","None","Idle","None","","None","Idle","None","","None","Not Attempted","69c929d0a23b3c9917031349","d4566e5292dab3ff4beb9a7a83879263bbecf3ccdfa71298253b33d61973d2a8","","red","2026-03-29T13:32:00.882Z","2026mdsev","2026mdsev_qm51","51","","2","","3","3","","","","Arihan","1915","2026-03-29T13:32:00.882Z"
"Idle","None","","Hub","Not Attempted","Score","None","10","None","Score","None","10","None","Idle","None","","None","Idle","None","","None","Idle","None","","None","Idle","None","","None","Not Attempted","69c929cfa23b3c9917031347","2a29d50424d8a4a888e1fafce3aa13cca194d717d6c01b5f658d19ea1c98e4b0","","red","2026-03-29T13:31:59.776Z","2026mdsev","2026mdsev_qm51","51","","2","","3","3","","","Kinda mid and was littering for some reason.","Arihan","1915","2026-03-29T13:31:59.776Z"
"Intake from Neutral Zone","Idle","","Right Trench","Not Attempted","Idle","Idle","","None","Score","Score","20","None","Pass","Pass","","None","Score","None","30","None","Score","Score","","None","Score","Score","10","None","Not Attempted","69c86446a23b3c991702d0a4","d46d2661b67ceb98ef6691d71df13412d99a1c4a86491ac4e218943eee69d52b","","red","2026-03-28T23:29:10.287Z","2026mdsev","2026mdsev_qm50","50","","3","","","3","","","","Sai","2377","2026-03-28T23:29:10.287Z"
"Idle","None","","Hub","Not Attempted","Idle","None","","None","Idle","None","","None","Idle","None","","None","Idle","None","","None","Idle","None","","None","Idle","None","","None","Not Attempted","69c8643ba23b3c991702d0a2","60665d150391ccacc3381076d944ab0813f80d6427ab217d50bcc687acf6c3a6","","blue","2026-03-28T23:28:59.541Z","2026mdsev","2026mdsev_qm50","50","","","","","1","","","Idle ","Nidhish","2849","2026-03-28T23:28:59.541Z"
"Score","Score","60","Right Trench","Not Attempted","Score","Score","70","None","Intake from Neutral Zone","Pass","","None","Score","Score","80","None","Intake from Neutral Zone","Idle","","None","Score","Score","90","None","Score","Score","70","None","Not Attempted","69c8643aa23b3c991702d0a1","c73949d69a8d90c1fab6983b66d447bf91b1f054aa0892ea98fc88d45ffc1c23","","blue","2026-03-28T23:28:58.916Z","2026mdsev","2026mdsev_qm50","50","","4","3","5","5","","","","KING BLUB (OFORI)","2199","2026-03-28T23:28:58.916Z"
"Intake from Neutral Zone","Score","80","Left Trench","Not Attempted","Intake from Neutral Zone","None","","None","Idle","None","","None","Idle","None","","None","Idle","None","","None","Score","None","90","None","Score","None","80","None","Not Attempted","69c86436a23b3c991702d0a0","6504fe004ab5bbb2906a7cb7d9d160c4049e6347d334378923bb730c1546ef02","","blue","2026-03-28T23:28:54.605Z","2026mdsev","2026mdsev_qm50","50","","4","","3","3","","","Stopped working for half the game, then woke up","Praneel","3748","2026-03-28T23:28:54.605Z"
"Intake from Neutral Zone","Idle","","Left Trench","Not Attempted","Pass","None","","None","Idle","None","","None","Pass","None","","None","Defense","None","","None","Pass","None","","None","Pass","None","","None","Not Attempted","69c861e3a23b3c991702d00f","4f5a6aa99ad29b2ef558a2e2219aa9dcaa5e20db6cd84dee13de5ba73163bdd3","","blue","2026-03-28T23:18:59.795Z","2026mdsev","2026mdsev_qm49","49","","","4","","5","","3","Passer+defence","Nidhish","339","2026-03-28T23:18:59.795Z"
"Score","Score","90","Right Trench","Not Attempted","Score","Score","","None","Idle","Score","","Heavy","Score","Pass","","None","Pass","Score","","Moderate","Score","Score","","Heavy","Idle","Idle","","None","Not Attempted","69c861d3a23b3c991702d00a","8d90a8fbac4149814e0a11a366dfe9fe56682b4fbdd8b10db9f80a8ce8301e5f","","blue","2026-03-28T23:18:43.680Z","2026mdsev","2026mdsev_qm49","49","","","1","2","5","3","","","KING BLUB (OFORI)","8622","2026-03-28T23:18:43.772Z"
"Score","None","60","Hub","Not Attempted","Idle","None","","None","Idle","None","","None","Idle","None","","None","Idle","None","","None","Idle","None","","None","Idle","None","","None","Not Attempted","69c861cca23b3c991702d008","3c960695a49a231ee8dc684ca39962dd30fc2cee9937d8c5ed1576ec3fe39090","","blue","2026-03-28T23:18:36.684Z","2026mdsev","2026mdsev_qm49","49","","","","","1","","","Intake didn’t work, didn’t play defense. DNP","Praneel","8726","2026-03-28T23:18:36.684Z"
"Idle","Idle","","Hub","Not Attempted","Defense","Defense","","None","Defense","Defense","","None","Defense","Defense","","None","Defense","Defense","","None","Defense","Defense","","None","Idle","Idle","","None","Not Attempted","69c861bea23b3c991702d001","f78b9f14d3b7b8fa7ebab4f7368ddc639ff243fe0accdfaac868fc3e13ec38a6","","red","2026-03-28T23:18:22.916Z","2026mdsev","2026mdsev_qm49","49","","","","","1","","","","Sai","2534","2026-03-28T23:18:22.916Z"
"Score","None","80","Left Trench","Not Attempted","Intake from Neutral Zone","None","","None","Intake from Neutral Zone","Pass","","None","Score","None","80","None","Intake from Neutral Zone","None","","None","Score","None","90","None","Intake from Neutral Zone","Score","90","None","Not Attempted","69c85fd7a23b3c991702cf9e","c9a607fc2ad2ce6ac1b3da186bd485890fce8269f11b3589c12cde91fadeb74f","","blue","2026-03-28T23:10:15.872Z","2026mdsev","2026mdsev_qm48","48","","5","3","4","4","","","Great ","Nidhish","8592","2026-03-28T23:10:15.872Z"
"Score","Score","100","Right Trench","Not Attempted","Score","Score","","None","Score","Idle","","None","Score","Score","70","None","Intake from Neutral Zone","Intake from Neutral Zone","","None","Score","Score","100","None","Score","Score","60","None","Not Attempted","69c85fd5a23b3c991702cf9a","f96b80353d562ef4022a1c698001df365a318886423361c50a7c135310a36787","","blue","2026-03-28T23:10:13.891Z","2026mdsev","2026mdsev_qm48","48","","3","","3","3","","","","KING BLUB (OFORI)","4541","2026-03-28T23:10:13.891Z"
"Idle","Idle","","Hub","Not Attempted","Pass","None","","None","Idle","Intake from Neutral Zone","","Moderate","Idle","Idle","","None","Idle","Idle","","None","Idle","Idle","","None","Idle","Idle","","None","Not Attempted","69c85f7ea23b3c991702cf80","6df61c0862201cf95f64749e64b6f310deaaa246ce71a0323f8c27a9a76c01d3","","red","2026-03-28T23:08:46.161Z","2026mdsev","2026mdsev_qm48","48","","1","","","1","","","Bumper came off","Sai","2912","2026-03-28T23:08:46.161Z"
"None","None","","Hub","Not Attempted","None","None","","None","None","None","","None","None","None","","None","None","None","","None","None","None","","None","None","None","","None","Not Attempted","69c85db4a23b3c991702cf1d","b5c0d704c9e48c341b717f4cddd90f4b041df5acc267b08a2bf31e0b1bb3041c","","red","2026-03-28T23:01:08.435Z","2026mdsev","2026mdsev_qm48","48","true","","","","","","","","Arihan","11211","2026-03-28T23:01:08.435Z"
"Intake from Neutral Zone","Score","40","Left Trench","Not Attempted","Score","Intake from Neutral Zone","40","None","Intake from Neutral Zone","None","","None","Score","None","60","None","Intake from Neutral Zone","Pass","","None","Score","None","80","None","Score","None","60","None","Not Attempted","69c85c8ea23b3c991702cee4","0cd826c7cba38e3def8878f681e76f14b0068ad72ed7ef9f0b0e83f99df82063","","blue","2026-03-28T22:56:14.856Z","2026mdsev","2026mdsev_qm47","47","","4","3","2","4","","","Pretty good accuracy ","Snithik","3748","2026-03-28T22:56:14.856Z"
"Score","Score","20","Right Bump","Not Attempted","Intake from Neutral Zone","Intake from Neutral Zone","","None","Score","Score","60","Moderate","Intake from Neutral Zone","None","","Heavy","Intake from Neutral Zone","Intake from Neutral Zone","","Heavy","Idle","Idle","","Heavy","Idle","Idle","","Heavy","Not Attempted","69c85c82a23b3c991702cee0","c7f868d819c23b3aad0e584137487dedfb4abad482e4d806a8c8f0a0e1c1e04d","","red","2026-03-28T22:56:02.402Z","2026mdsev","2026mdsev_qm47","47","","3","","","3","1","","Got stuck on another robot and they got defended ","Sai","1418","2026-03-28T22:56:02.402Z"
"Score","Score","80","Hub","Not Attempted","Idle","Intake from Neutral Zone","","None","Intake from Neutral Zone","Defense","","None","Defense","Defense","","None","Defense","Defense","","None","Defense","Defense","","None","Defense","Defense","","None","Not Attempted","69c85c68a23b3c991702cedd","43a8f266efdb66c6bc05697d4a1e39ead549354d9d984a8bb0496266db53a9f9","","blue","2026-03-28T22:55:36.668Z","2026mdsev","2026mdsev_qm47","47","","3","","","5","","5","","KING BLUB (OFORI)","4505","2026-03-28T22:55:36.668Z"
"Score","None","30","Hub","Not Attempted","Intake from Neutral Zone","None","","None","Intake from Neutral Zone","Pass","","None","Score","None","70","None","Pass","Score","","None","Score","Pass","90","None","Score","None","80","None","Not Attempted","69c85a5aa23b3c991702ce16","cd8ecd045c10b6979acfc3565eec6ea6969659a55979bf2897f1c15414f5cf76","","blue","2026-03-28T22:46:50.202Z","2026mdsev","2026mdsev_qm46","46","","3","2","2","3","","","","Snithik","623","2026-03-28T22:46:50.202Z"
"Idle","Idle","","Hub","Not Attempted","Idle","Idle","","None","Idle","Idle","","None","Score","Idle","80","Heavy","Idle","Idle","","None","Idle","Idle","","None","Idle","Idle","","None","Not Attempted","69c85a47a23b3c991702ce06","d5aad7e60428631eddfc4ed7cbae9b4e62fe4547d512c8e3e3f7dd13a796babd","","blue","2026-03-28T22:46:31.022Z","2026mdsev","2026mdsev_qm46","46","","","","","1","","","","KING BLUB (OFORI)","2914","2026-03-28T22:46:31.022Z"
"Idle","Idle","","Hub","Not Attempted","Idle","Idle","","None","Idle","Idle","","None","Intake from Neutral Zone","Intake from Neutral Zone","","None","Idle","Score","30","None","Intake from Neutral Zone","None","","None","Score","None","10","None","Not Attempted","69c85a44a23b3c991702ce03","284e21088a2df5f3bfb4cf0475e0097a499e9db72c6f3cbe20272586d8fad9bc","","red","2026-03-28T22:46:28.572Z","2026mdsev","2026mdsev_qm46","46","","2","","2","3","","","","Sai","8726","2026-03-28T22:46:28.572Z"
"Idle","None","","Hub","Not Attempted","Idle","None","","None","Idle","None","","None","Idle","None","","None","Idle","None","","None","Idle","None","","None","Idle","None","","None","Not Attempted","69c85a0ea23b3c991702cdc2","4416cc73b7ba714425d654cde62f11bf34b31f8de0c0393dc878e19b60f70e57","","red","2026-03-28T22:45:34.886Z","2026mdsev","2026mdsev_qm46","46","","","","","1","","","Idel","Nidhish","2534","2026-03-28T22:45:34.886Z"
"Score","None","20","Right Bump","Not Attempted","Defense","Defense","","None","Intake from Neutral Zone","Score","30","None","Intake from Neutral Zone","Pass","","None","Score","Score","20","None","Intake from Neutral Zone","Intake from Neutral Zone","","None","Score","Score","20","None","Not Attempted","69c858e7a23b3c991702ccd8","6e91c9c8b2b3be3cd44be85daae549285dbb6c61ac454618318548a8833297c9","","red","2026-03-28T22:40:39.797Z","2026mdsev","2026mdsev_qm45","45","","3","","3","3","","","","Sai","1389","2026-03-28T22:40:40.741Z"
"Idle","None","","Hub","Not Attempted","Pass","None","","None","Pass","None","","None","Intake from Neutral Zone","Defense","","None","Pass","None","","None","Pass","None","","None","Pass","None","","None","Not Attempted","69c85894a23b3c991702c875","b921ac06b140d3004baf49a73ee423dee743e34b8011404ba3a232148d880c7d","","blue","2026-03-28T22:39:16.105Z","2026mdsev","2026mdsev_qm45","45","","","2","","1","","1","Only used for bad passing moves extremely slowly and got carried ","Snithik","1446","2026-03-28T22:39:16.105Z"
"Score","Score","100","Left Trench","Not Attempted","Pass","Pass","","None","Intake from Neutral Zone","Pass","","None","Score","Score","100","None","Intake from Neutral Zone","Pass","","None","Score","Score","100","None","Score","Score","100","None","Not Attempted","69c85884a23b3c991702c872","fdda3a1ce6d845e59c5e373c0a91816435a55bdc28aeaebde7f548c8033ba122","","blue","2026-03-28T22:39:00.634Z","2026mdsev","2026mdsev_qm45","45","","5","5","5","5","","","","KING BLUB (OFORI)","836","2026-03-28T22:39:00.634Z"
"None","None","","Hub","Not Attempted","None","None","","None","None","None","","None","None","None","","None","None","None","","None","None","None","","None","None","None","","None","Not Attempted","69c85782a23b3c991702c2bf","5aaf3e69db8a0d966a7e77786486241c4f5a355e117b5d4c1f7ceef8f12f9107","","red","2026-03-28T22:34:41.996Z","2026mdsev","2026mdsev_qm45","45","true","","","","","","","","Nidhish","1915","2026-03-28T22:34:41.996Z"
"Score","None","10","Left Bump","Not Attempted","Intake from Neutral Zone","Pass","","None","Intake from Neutral Zone","Pass","","None","Score","None","60","None","Intake from Neutral Zone","Pass","","None","Score","None","50","None","Score","Intake from Neutral Zone","100","None","Not Attempted","69c856dfa23b3c991702c260","fb9b7d4f1032219b670947bb1d8303362890ab96e267c0bfaa1b0a33e6eecdb0","","blue","2026-03-28T22:31:59.451Z","2026mdsev","2026mdsev_qm44","44","","3","","2","3","","","Got a bit of points by themselves and it was a 1 v 1 after some time for getting points ","Snithik","11318","2026-03-28T22:31:59.451Z"
"Score","Idle","30","Right Bump","Not Attempted","Intake from Neutral Zone","Intake from Neutral Zone","","None","Intake from Neutral Zone","Intake from Neutral Zone","","None","Score","Idle","20","None","Intake from Neutral Zone","Intake from Neutral Zone","","None","Idle","Idle","","None","Idle","Idle","","None","Not Attempted","69c856a2a23b3c991702c248","f6717284717c4ee5c5703ab7d366b22a5bd39936602d60f3f83ed5a488e24048","","blue","2026-03-28T22:30:58.703Z","2026mdsev","2026mdsev_qm44","44","","","","1","1","","","","KING BLUB (OFORI)","10449","2026-03-28T22:30:58.703Z"
"Intake from Neutral Zone","Score","40","Left Trench","Not Attempted","Score","None","30","None","Intake from Neutral Zone","Score","20","None","Pass","Intake from Neutral Zone","","None","Score","Score","30","None","Intake from Neutral Zone","Pass","","None","Score","Score","50","None","Not Attempted","69c85697a23b3c991702c240","8d09e4481b976020618e0c044921f62a567661bbe6ce506aa578ddab1877cdcf","","red","2026-03-28T22:30:47.245Z","2026mdsev","2026mdsev_qm44","44","","3","","3","4","","","Shooting was not that accurate but fast","Sai","1727","2026-03-28T22:30:47.245Z"
"Idle","Score","","Hub","Not Attempted","Pass","Intake from Neutral Zone","","None","Idle","Idle","","None","Idle","Idle","","None","Idle","Idle","","None","Idle","Idle","","None","Idle","Idle","","None","Not Attempted","69c8562da23b3c991702c235","76771512f45d16049bc9b9b2f2252fd8748a1b14a6f4112724a148e58b80f970","","red","2026-03-28T22:29:01.169Z","2026mdsev","2026mdsev_qm44","44","","","","","1","","","E stop","Nidhish","2912","2026-03-28T22:29:01.169Z"
"Score","Pass","90","Left Trench","Not Attempted","Score","Score","","None","Pass","Idle","","None","Score","Score","100","None","Pass","Intake from Neutral Zone","","None","Score","Score","100","None","Score","Score","80","None","Not Attempted","69c8541ca23b3c991702c1af","6c0e9c4835db1fba546827d3aa9b592f9925aa7c2c8df37c01f0b85da2eed9ea","","blue","2026-03-28T22:20:12.162Z","2026mdsev","2026mdsev_qm43","43","","3","4","4","5","4","","","KING BLUB (OFORI)","4541","2026-03-28T22:20:12.162Z"
"Score","Score","20","Left Trench","Not Attempted","Score","Score","30","None","Score","Score","30","Moderate","Intake from Neutral Zone","Pass","","None","Score","Score","30","Heavy","Intake from Neutral Zone","None","","None","Score","Score","40","None","Not Attempted","69c85403a23b3c991702c1a8","ec7a1485d7cf0b270b2554e8fca01f725f081f463ee551ec20d20e1026291d1e","","red","2026-03-28T22:19:47.261Z","2026mdsev","2026mdsev_qm43","43","","4","","3","4","","","","Sai","2377","2026-03-28T22:19:47.261Z"
"Idle","None","","Left Bump","Not Attempted","Idle","None","","None","Defense","Pass","","None","Defense","Pass","","None","Defense","Pass","","None","Defense","Pass","","None","Defense","Pass","","None","Not Attempted","69c853b0a23b3c991702c18b","da886f40da65c0b35ac75252720fdfba6625cfccbcf45d7dff6a85f4f1f63207","","red","2026-03-28T22:18:24.795Z","2026mdsev","2026mdsev_qm43","43","","","4","","5","","5","Good defence and passing","Nidhish","11211","2026-03-28T22:18:24.795Z"
"None","None","","Hub","Not Attempted","None","None","","None","None","None","","None","None","None","","None","None","None","","None","None","None","","None","None","None","","None","Not Attempted","69c8538ca23b3c991702c185","2b452de9f64f675990eda9b83c330a7e9650d6fb26bcb959dec5bed01a073ff7","","blue","2026-03-28T22:17:48.353Z","2026mdsev","2026mdsev_qm43","43","true","","","","","","","","Snithik","2963","2026-03-28T22:17:48.353Z"
"Idle","Idle","","Hub","Not Attempted","Score","Score","","None","Pass","Pass","","None","Score","Score","","None","Intake from Neutral Zone","Intake from Neutral Zone","","None","Score","Score","","None","Score","Score","","None","Not Attempted","69c85259a23b3c991702c13d","e103a5f0d8c38b756d6c37876afb24ed4ba8a85021109ae219136246a865c224","","blue","2026-03-28T22:12:41.108Z","2026mdsev","2026mdsev_qm42","42","","1","2","","1","","","","KING BLUB (OFORI)","1111","2026-03-28T22:12:41.114Z"
"Score","None","10","Left Bump","Not Attempted","Intake from Neutral Zone","None","","None","Defense","None","","None","Idle","None","","None","Idle","None","","None","Idle","None","","None","Defense","None","","None","Not Attempted","69c85254a23b3c991702c13c","eb588c423c729eca9d320af6063ed322c3c4b611b21ff0f92af3aed21da7b773","","blue","2026-03-28T22:12:36.196Z","2026mdsev","2026mdsev_qm42","42","","","","","1","","1","Got stuck, broke, and let it’s teammates get stuck on the bump even though their teammates got stuck ","Snithik","3714","2026-03-28T22:12:36.196Z"
"Score","Idle","","Hub","Not Attempted","Intake from Neutral Zone","Intake from Neutral Zone","","None","Intake from Neutral Zone","Idle","","None","Idle","Idle","","None","Idle","Idle","","None","Idle","Idle","","None","Idle","Idle","","None","Not Attempted","69c851eca23b3c991702c135","2844ef0247f68e8f0ec7ca3079b7d406b420c44ad08def3096d764e69f987aa2","","red","2026-03-28T22:10:52.688Z","2026mdsev","2026mdsev_qm42","42","","1","","1","1","","","They are getting hard carried, they suck","Sai","8622","2026-03-28T22:10:52.688Z"
"Intake from Neutral Zone","Score","40","Right Bump","Not Attempted","Intake from Neutral Zone","Score","90","Light","Intake from Neutral Zone","Intake from Neutral Zone","","None","Score","None","60","None","Intake from Neutral Zone","Pass","","None","Score","None","40","None","Score","None","20","Moderate","Not Attempted","69c851d3a23b3c991702c134","89e1fd951e90b57bdb8481bfc852725f50ca6f5613e4d14d5d5f2d3175e19f54","","red","2026-03-28T22:10:27.069Z","2026mdsev","2026mdsev_qm42","42","","4","3","2","4","2","","Good","Nidhish","614","2026-03-28T22:10:27.069Z"
"Score","None","30","Hub","Not Attempted","Defense","None","","None","Defense","None","","None","Intake from Neutral Zone","Score","40","None","Pass","Defense","","None","Intake from Neutral Zone","Score","","None","Pass","None","","None","Not Attempted","69c85039a23b3c991702c0cd","35e203b819c6aa25b8c1145d8719fe7c05ca201f4af3cc05640796e5f6ece7f9","","blue","2026-03-28T22:03:37.806Z","2026mdsev","2026mdsev_qm41","41","","2","1","1","1","","1","Defense didn’t work horrible accuracy at the end ","Snithik","623","2026-03-28T22:03:37.806Z"
"Score","Score","80","Left Trench","Not Attempted","Idle","Idle","","None","Idle","Idle","","Heavy","Idle","Idle","","None","Score","Score","","None","Score","Score","","None","Idle","Idle","","None","Not Attempted","69c85022a23b3c991702c0c7","592f391785cc04d837109efbf9df371415c0a88fd3c9db2a5dcde07591980c62","","blue","2026-03-28T22:03:14.231Z","2026mdsev","2026mdsev_qm41","41","","1","2","","1","","","","KING BLUB (OFORI)","2912","2026-03-28T22:03:14.231Z"
"Intake from Neutral Zone","Idle","","Right Trench","Not Attempted","Score","None","80","Moderate","Intake from Neutral Zone","Score","60","Light","Pass","Intake from Neutral Zone","","None","Score","None","50","Moderate","Intake from Neutral Zone","Pass","","Moderate","Score","None","80","None","Not Attempted","69c85006a23b3c991702c0c3","668f30bcfac34f357f72aa64c3d29c9ee6418f00a1790c82a44923e978361e45","","red","2026-03-28T22:02:46.852Z","2026mdsev","2026mdsev_qm41","41","","5","5","4","5","3","","Amazing","Nidhish","836","2026-03-28T22:02:46.852Z"
"Idle","Idle","","Hub","Not Attempted","Idle","Idle","","None","Idle","Idle","","None","Idle","Idle","","None","Idle","Idle","","None","Idle","Idle","","None","Idle","Idle","","None","Not Attempted","69c84fe7a23b3c991702c0c2","a48449791c78a6b5ff09b3143d47a45dc9d73889ff77f7c524a8e4fbd2244336","","red","2026-03-28T22:02:15.647Z","2026mdsev","2026mdsev_qm41","41","","","","","1","","","","Sai","7770","2026-03-28T22:02:15.647Z"
"Idle","None","","Right Bump","Not Attempted","Intake from Neutral Zone","None","","None","Score","None","80","None","Score","None","","None","Defense","None","","None","Defense","Pass","","None","Score","None","","None","Not Attempted","69c84e67a23b3c991702c078","6e5752c00b74a91dc235caefe9f026f08a31f19ae96e8d2c3bad68ba372674b6","","blue","2026-03-28T21:55:51.702Z","2026mdsev","2026mdsev_qm40","40","","3","2","3","2","","1","Bad defense and horrible accuracy can pass but not very well","Snithik","11318","2026-03-28T21:55:51.702Z"
"Intake from Neutral Zone","Score","40","Right Trench","Not Attempted","Intake from Neutral Zone","Score","60","None","Intake from Neutral Zone","Intake from Neutral Zone","","None","Score","Score","50","None","Intake from Neutral Zone","Pass","","None","Score","Score","60","None","Intake from Neutral Zone","Score","80","None","L1 Attempted","69c84e40a23b3c991702c06b","c2ff5c3aa70ae397187bf2ee8ca284952a968285d148885889b9d58d9a9c4fb0","","red","2026-03-28T21:55:12.939Z","2026mdsev","2026mdsev_qm40","40","","5","","4","5","","","","Sai","2199","2026-03-28T21:55:12.939Z"
"Intake from Neutral Zone","Score","60","Left Trench","Not Attempted","Intake from Neutral Zone","None","100","None","Pass","None","","None","Score","None","60","Light","Intake from Neutral Zone","Pass","","None","Score","None","50","None","Intake from Neutral Zone","Score","40","None","Not Attempted","69c84e2ea23b3c991702c05e","d80c2dad42d3bc2963386196fcfe06acad4e13fb45e5b7bb9b58a61f94489abe","","red","2026-03-28T21:54:54.756Z","2026mdsev","2026mdsev_qm40","40","","4","4","3","4","3","","Not bad, but carryed by robo lions","Nidhish","9033","2026-03-28T21:54:54.756Z"
"Score","Score","","Left Trench","Not Attempted","Score","Score","","Light","Score","Score","80","Light","Intake from Neutral Zone","Intake from Neutral Zone","","None","Score","Score","80","Moderate","Intake from Neutral Zone","Intake from Neutral Zone","","None","Score","Score","","Light","Not Attempted","69c84e2da23b3c991702c05c","d1152119ce16296d1f65ebfb31e1372d3834db0a6c21bbce031b6ae3b958cc8f","","blue","2026-03-28T21:54:53.262Z","2026mdsev","2026mdsev_qm40","40","","3","","4","5","2","","","KING BLUB (OFORI)","2377","2026-03-28T21:54:53.262Z"
"Score","None","50","Left Bump","Not Attempted","Intake from Neutral Zone","None","","None","Idle","None","","None","Score","None","90","None","Intake from Neutral Zone","None","","None","Score","None","90","None","Intake from Neutral Zone","Pass","","None","Not Attempted","69c84c48a23b3c991702c019","baa48c695771872e5021ac309073400d2fac008d53435777ee2c4788ecf0bfdf","","blue","2026-03-28T21:46:48.643Z","2026mdsev","2026mdsev_qm39","39","","3","2","2","2","","","Low accuracy shooter turret ","Snithik","1389","2026-03-28T21:46:48.643Z"
"Idle","Idle","","Left Trench","Not Attempted","Intake from Neutral Zone","Pass","","None","Defense","Defense","","None","Defense","Defense","","None","Defense","Defense","","None","Defense","Defense","","None","Defense","Defense","","None","Not Attempted","69c84c1da23b3c991702c00b","a8408128d931372d83745b95ac170c0890ed1a27350da95ce0f59512d4060ce6","","blue","2026-03-28T21:46:05.919Z","2026mdsev","2026mdsev_qm39","39","","","1","","5","","4","","KING BLUB (OFORI)","11350","2026-03-28T21:46:05.919Z"
"Score","Idle","10","Hub","Not Attempted","Pass","None","","None","Pass","None","","None","Pass","Pass","","None","Pass","Pass","","None","Idle","Defense","","None","Score","Score","20","None","Not Attempted","69c84c08a23b3c991702c003","15e47ee08542d666e87c8d265099fea8d95aef4be7883463c3689273b3b603c1","","red","2026-03-28T21:45:44.433Z","2026mdsev","2026mdsev_qm39","39","","1","2","","2","","","","Sai","10679","2026-03-28T21:45:44.433Z"
"Idle","None","","Left Trench","Not Attempted","Defense","None","","None","Defense","Pass","","None","Defense","Pass","","None","Defense","Pass","","None","Defense","Pass","","None","Defense","Pass","","None","Not Attempted","69c84bfba23b3c991702c002","f5c33b45de85ac2c716967681b9b9ab7a0030fc3f275ed1858dcdc80d1a893f6","","red","2026-03-28T21:45:31.496Z","2026mdsev","2026mdsev_qm39","39","","","4","","5","","5","Very good defence and passer","Nidhish","11211","2026-03-28T21:45:31.496Z"
"None","None","","Hub","Not Attempted","None","None","","None","None","None","","None","None","None","","None","None","None","","None","None","None","","None","None","None","","None","Not Attempted","69c84a91a23b3c991702bfc1","5fb440b258ce0e6b6e21f7c1cd828f7055b1014ce99b27795c62f7dff7c57bc4","","red","2026-03-28T21:39:29.234Z","2026mdsev","2026mdsev_qm38","38","true","","","","","","","","Sai","1915","2026-03-28T21:39:29.234Z"
"Intake from Neutral Zone","Score","80","Right Bump","Not Attempted","Intake from Neutral Zone","Score","100","None","Intake from Neutral Zone","Pass","","None","Score","None","80","Light","Pass","None","","None","Pass","None","","None","Score","Pass","80","None","L1 Attempted","69c84a76a23b3c991702bfbd","e734b3117ac8fa79c5723fa53a418f968faf5c3c712d7f9c552d2d6e006b2436","","red","2026-03-28T21:39:02.077Z","2026mdsev","2026mdsev_qm38","38","","4","4","4","5","3","","Broken intake. L1 climb. Very good passing","Nidhish","614","2026-03-28T21:39:02.077Z"
"Intake from Neutral Zone","Score","80","Left Trench","Not Attempted","Intake from Neutral Zone","None","","None","Score","None","90","None","Intake from Neutral Zone","Pass","","None","Score","Intake from Neutral Zone","90","None","Intake from Neutral Zone","Pass","","None","Score","None","90","None","Not Attempted","69c84a71a23b3c991702bfbc","757584040b3d6ec3d45d8bc21a7fc3a1a44be36f77638d86fa1e5521716f4766","","blue","2026-03-28T21:38:57.580Z","2026mdsev","2026mdsev_qm38","38","","4","4","5","5","","","Good","Snithik","686","2026-03-28T21:38:57.580Z"
"Idle","Idle","","Right Bump","Not Attempted","Idle","Idle","","None","Defense","Pass","","None","Pass","Idle","","None","Idle","Idle","","None","Idle","Idle","","None","Idle","Idle","","None","Not Attempted","69c8491ca23b3c991702bee5","8e58e317461587ca82975bb6679a7d7f19393470212eaef0da03f152d6bc052d","","red","2026-03-28T21:33:16.033Z","2026mdsev","2026mdsev_qm37","37","","","1","","1","","","","Sai","2534","2026-03-28T21:33:16.033Z"
"Score","None","50","Right Bump","Not Attempted","Intake from Neutral Zone","Idle","","None","Defense","None","","None","Defense","None","","None","Defense","None","","None","Defense","None","","None","Defense","None","","None","Not Attempted","69c84855a23b3c991702bec2","10d91d6bad84d928ef112d43b276a02dd7cea92cd37a68d6032dd5f0814a2c06","","blue","2026-03-28T21:29:57.031Z","2026mdsev","2026mdsev_qm37","37","","","","","3","","4","Good with another defense bot their intake broke and unbent ","Snithik","3714","2026-03-28T21:29:57.031Z"
"Intake from Neutral Zone","Score","70","Right Trench","Not Attempted","Intake from Neutral Zone","Pass","","None","Pass","None","","None","Score","None","60","Moderate","Intake from Neutral Zone","None","","Moderate","Score","None","60","None","Score","None","80","Moderate","Not Attempted","69c8482ba23b3c991702bec0","a0d2a6e6484d004ae8263be00a47c2681dd560699e11a0a94d2a9b21ab3a2884","","red","2026-03-28T21:29:15.116Z","2026mdsev","2026mdsev_qm37","37","","5","5","5","4","3","","Very great robot","Nidhish","1629","2026-03-28T21:29:15.116Z"
"Idle","None","","Hub","Not Attempted","Pass","None","","None","Pass","None","","Light","Defense","None","","None","Defense","None","","None","Pass","Defense","","None","Pass","None","","None","Not Attempted","69c84617a23b3c991702be63","d6a598a14a1d52b62125cfd17247b45e90b6c5779979dd36f01d3610345526bb","","blue","2026-03-28T21:20:23.123Z","2026mdsev","2026mdsev_qm36","36","","","3","","3","","3","Just defense and passing by pushing the ball or other robots","Snithik","339","2026-03-28T21:20:23.123Z"
"Idle","Idle","","Left Trench","Not Attempted","Intake from Neutral Zone","Pass","","None","Pass","Pass","","None","Pass","Pass","","None","Pass","None","","None","Idle","Idle","","None","Idle","Idle","","None","Not Attempted","69c845eba23b3c991702be5c","1c8e62343513114239c9e27cd1394489be1b1c4518bd9b4a8cff1127e7fda6f9","","red","2026-03-28T21:19:39.448Z","2026mdsev","2026mdsev_qm36","36","","","","","1","","","","Sai","2963","2026-03-28T21:19:39.448Z"
"Score","None","40","Hub","Not Attempted","Idle","Idle","","None","Intake from Neutral Zone","Pass","","None","Score","None","50","Moderate","Intake from Neutral Zone","Pass","","None","Score","Intake from Neutral Zone","40","Light","Score","None","40","None","Not Attempted","69c845e6a23b3c991702be5b","36a9f8b6a4589e191c6e59834ffcc60a362fa2fa55ab3c11ae1a80c43b837cc3","","red","2026-03-28T21:19:34.946Z","2026mdsev","2026mdsev_qm36","36","","3","3","1","3","2","","Good","Nidhish","6863","2026-03-28T21:19:34.946Z"
"Score","Score","10","Hub","Not Attempted","Pass","Pass","","None","Pass","Pass","","None","Defense","Defense","","None","Pass","Pass","","None","Defense","Defense","","None","Defense","Pass","","None","Not Attempted","69c84480a23b3c991702be1e","04e49865b77a121b4570888c1871e3ffbebf0ec2ccba93f771a5deb0ed5343dd","","red","2026-03-28T21:13:36.432Z","2026mdsev","2026mdsev_qm35","35","","","","","3","","2","","Sai","10679","2026-03-28T21:13:36.432Z"
"Score","None","","Left Bump","Not Attempted","Intake from Neutral Zone","None","","None","Intake from Neutral Zone","None","","None","Intake from Neutral Zone","None","","None","Idle","None","","None","Score","None","","None","Pass","None","","None","Not Attempted","69c84475a23b3c991702be1c","f9237e5033ef41e6bd2740c1fc84b7dd6d8a2dd097ab4ff811bb0f240a3a180a","","blue","2026-03-28T21:13:25.439Z","2026mdsev","2026mdsev_qm35","35","","1","1","1","1","","","Horrible basically did nothing shot and failed ever shot team cooked for them","Snithik","8622","2026-03-28T21:13:25.439Z"
"Score","Score","90","Right Trench","Not Attempted","Score","Score","","None","Intake from Neutral Zone","Pass","","None","Score","Score","90","Moderate","Intake from Neutral Zone","Idle","","None","Score","Score","80","Moderate","Score","Score","90","None","Not Attempted","69c843fda23b3c991702bdff","8de6c965eb8b4c5e5c561273faac49598a405cf9cbb171880ca1061855b68a9a","","blue","2026-03-28T21:11:25.028Z","2026mdsev","2026mdsev_qm35","35","","4","","4","4","2","","","KING BLUB (OFORI)","2199","2026-03-28T21:11:25.028Z"
"Score","Intake from Neutral Zone","80","Hub","Not Attempted","Intake from Neutral Zone","Score","100","None","Intake from Neutral Zone","Pass","","None","Score","None","90","Heavy","Intake from Neutral Zone","Idle","","None","Score","None","90","Heavy","Score","Score","80","None","Not Attempted","69c843eaa23b3c991702bdfd","7c443f6b86a5b6264bd5eaf7c13d231dfb52e1b5ded9699007c09687c370094a","","red","2026-03-28T21:11:06.847Z","2026mdsev","2026mdsev_qm35","35","","3","3","2","4","2","","Good","Nidhish","4541","2026-03-28T21:11:06.847Z"
"Intake from Neutral Zone","Score","50","Left Trench","Not Attempted","Score","None","","None","Pass","None","","None","Intake from Neutral Zone","None","","None","Score","None","100","None","Intake from Neutral Zone","Pass","","None","Score","None","100","None","Not Attempted","69c84064a23b3c991702bd5c","fd2bf098a446dd1e24b0303e9acf4576f3c6864090e0d10f666b3fb6030de7d7","","blue","2026-03-28T20:56:04.656Z","2026mdsev","2026mdsev_qm34","34","","2","5","2","2","","","Horrible accuracy but fast shooting speed did not get a lot of the shots in the hub","Snithik","2377","2026-03-28T20:56:04.656Z"
"Intake from Neutral Zone","Score","100","Left Trench","Not Attempted","Intake from Neutral Zone","Pass","","Moderate","Intake from Neutral Zone","Pass","","Moderate","Score","Score","70","None","Intake from Neutral Zone","Intake from Neutral Zone","","None","Score","Score","40","None","Score","Intake from Neutral Zone","70","None","Not Attempted","69c83ff1a23b3c991702bd3e","68e4d9ff33aa4304a0aaa5ef911dcaecf6663cf80995fa544675213e96fe3941","","red","2026-03-28T20:54:09.319Z","2026mdsev","2026mdsev_qm34","34","","4","","4","4","","","Good team","Sai","1629","2026-03-28T20:54:09.319Z"
"Idle","Idle","","Right Trench","Not Attempted","Intake from Neutral Zone","Intake from Neutral Zone","","None","Intake from Neutral Zone","Intake from Neutral Zone","","None","Idle","Idle","","None","Defense","Defense","","None","Pass","Pass","","None","Pass","Pass","","None","Not Attempted","69c83fe0a23b3c991702bd3b","cc59b8df60e2e68118b932dad29a8cbf41d582d3e6eb24d219bd59597825685e","","blue","2026-03-28T20:53:52.935Z","2026mdsev","2026mdsev_qm34","34","","","1","","1","","1","","KING BLUB (OFORI)","11350","2026-03-28T20:53:52.935Z"
"Score","None","20","Hub","Not Attempted","Intake from Neutral Zone","None","","None","Defense","None","","None","Pass","Defense","","None","Defense","None","","None","Defense","None","","None","Defense","None","","None","Not Attempted","69c83fd7a23b3c991702bd3a","a42a486d57ceed345358899a2d567aa77c242f396de97fec58a52eee0c006f2e","","red","2026-03-28T20:53:43.684Z","2026mdsev","2026mdsev_qm34","34","","1","2","1","4","","4","Good defence","Nidhish","3714","2026-03-28T20:53:43.684Z"
"Intake from Neutral Zone","Score","","Left Trench","Not Attempted","Score","None","100","None","Intake from Neutral Zone","Pass","","None","Score","None","70","None","Intake from Neutral Zone","Pass","","None","Pass","Score","70","None","Score","None","70","None","Not Attempted","69c83e3aa23b3c991702bcf2","b2b8c565a414a3e2c61a3236bee021fbc5af59c36f7ef22273ef8bce6823088d","","blue","2026-03-28T20:46:50.116Z","2026mdsev","2026mdsev_qm33","33","","4","2","2","3","","","Got a lot of shots and points for the team not very good","Snithik","1727","2026-03-28T20:46:50.116Z"
"Intake from Neutral Zone","Score","90","Left Bump","Not Attempted","Intake from Neutral Zone","Intake from Neutral Zone","","None","Score","Score","90","None","Intake from Neutral Zone","Pass","","None","Idle","Idle","","None","Idle","Idle","","None","Idle","Idle","","None","Not Attempted","69c83e25a23b3c991702bcf0","a27c2f7659ffd254a77dfc89210f9a2aeba22284e86d6dc9933f27a2ebbc956a","","red","2026-03-28T20:46:29.343Z","2026mdsev","2026mdsev_qm33","33","","5","","5","4","","","Stupid teammates didn’t save them when they got stuck","Sai","8592","2026-03-28T20:46:29.343Z"
"Score","Score","80","Right Bump","Not Attempted","Intake from Neutral Zone","Pass","","None","Intake from Neutral Zone","Pass","","None","Score","Score","100","None","Idle","Idle","","None","Idle","Idle","10","None","Idle","Idle","10","None","Not Attempted","69c83de8a23b3c991702bcd4","a6b17940a16421a42e401a1455c5d3be811251ded0c76e47a1afeae19cc5e529","","blue","2026-03-28T20:45:28.518Z","2026mdsev","2026mdsev_qm33","33","","4","5","5","3","","","","KING BLUB (OFORI)","1418","2026-03-28T20:45:28.518Z"
"None","None","","Hub","Not Attempted","None","None","","None","None","None","","None","None","None","","None","None","None","","None","None","None","","None","None","None","","None","Not Attempted","69c83dd0a23b3c991702bccf","9e686d9e5f27613387d326cf38f62023b7777ba477245158d6b7a0ab9dd1410f","","red","2026-03-28T20:45:04.896Z","2026mdsev","2026mdsev_qm34","34","true","","","","","","","","Nidhish","3714","2026-03-28T20:45:04.896Z"
"Idle","None","","Hub","Not Attempted","Intake from Neutral Zone","None","","None","Intake from Neutral Zone","None","","None","Pass","None","","None","Pass","None","","None","Idle","None","","None","Idle","None","","None","Not Attempted","69c83dd0a23b3c991702bcce","32eaa2abd707d709bce5e532c4d3f84f2073d91a49a7640385f3011c1a6fe7dd","","red","2026-03-28T20:45:04.471Z","2026mdsev","2026mdsev_qm33","33","","1","2","1","2","","2","Bad","Nidhish","2849","2026-03-28T20:45:04.471Z"
"Intake from Neutral Zone","Score","70","Left Trench","Not Attempted","Intake from Neutral Zone","Intake from Neutral Zone","","None","Pass","Pass","","None","Score","Score","70","Moderate","Intake from Neutral Zone","Pass","","None","Score","Score","50","Heavy","Score","Score","100","None","Not Attempted","69c83d27ca9318c83cde18a5","ec908510045889a23c969c4fc2586030f30dc80c25c1069e20a0bc59348440a4","","red","2026-03-28T20:42:15.086Z","2026mdsev","2026mdsev_qm32","32","","5","","5","5","4","","Our goat Ben and our robot was carrying so close ","Sai","686","2026-03-28T20:42:15.086Z"
"Intake from Neutral Zone","Score","","Right Trench","Not Attempted","Idle","Idle","","None","Intake from Neutral Zone","Idle","","None","Score","Score","","None","Intake from Neutral Zone","Pass","","None","Idle","Idle","","None","Idle","Idle","","None","Not Attempted","69c83d27ca9318c83cde18a4","16e937b9cdeed28b648ecc316eeb1ac5c7dcc022a4813173be45523d3beb46cf","","red","2026-03-28T20:42:15.086Z","2026mdsev","2026mdsev_qm31","31","","1","1","1","2","","","Can’t shoot to save anything ","Sai","1111","2026-03-28T20:42:15.086Z"
"Idle","None","","Hub","Not Attempted","Idle","None","","None","Idle","None","","None","Pass","Idle","","None","Pass","None","","Moderate","Idle","None","","Light","Idle","None","","None","Not Attempted","69c83caea23b3c991702bc9f","6fbc428366c5601de8ea8dbd878695d3e3cf437d9fd22c86b838def93d601fbb","","blue","2026-03-28T20:40:14.467Z","2026mdsev","2026mdsev_qm32","32","","","","","1","","","Ideal most of the time it keeps crashing into the hub didn’t do anything else was in the way of its teammates shooting overall bad team","Snithik","2912","2026-03-28T20:40:14.467Z"
"Idle","Idle","","Left Trench","Not Attempted","Idle","Idle","","None","Idle","Idle","","None","Defense","Defense","","None","Defense","Defense","","None","Defense","Defense","","None","Defense","Idle","10","None","Not Attempted","69c83c0ca23b3c991702bc7f","51ae6d7354b5966089bba95fbf49dd57ed9bc8bc3c9fc47948ac054a766bbb76","","blue","2026-03-28T20:37:32.066Z","2026mdsev","2026mdsev_qm32","32","","1","","","3","","3","","KING BLUB (OFORI)","1719","2026-03-28T20:37:32.066Z"
"None","None","","Hub","Not Attempted","None","None","","None","None","None","","None","None","None","","None","None","None","","None","None","None","","None","None","None","","None","Not Attempted","69c83bf3a23b3c991702bc6e","0101dde892d54dfe87c636d06e3ad946a113c4ca27a352d6ff03e809cea0aa92","","red","2026-03-28T20:37:07.401Z","2026mdsev","2026mdsev_qm33","33","true","","","","","","","","Nidhish","2849","2026-03-28T20:37:07.401Z"
"Idle","None","","Hub","Not Attempted","Score","None","20","None","Pass","None","","None","Score","None","40","None","Defense","None","","None","Defense","None","","None","Idle","Pass","","None","Not Attempted","69c83bf2a23b3c991702bc6d","8849c5a68ac7145045818118a3929257959ba8be83647cb6fbe4030e84b5dcb7","","red","2026-03-28T20:37:06.913Z","2026mdsev","2026mdsev_qm32","32","","1","2","1","4","","3","Defence and passer","Nidhish","339","2026-03-28T20:37:06.913Z"
"Intake from Neutral Zone","Score","70","Left Trench","Not Attempted","Intake from Neutral Zone","Score","100","None","Intake from Neutral Zone","None","","None","Score","None","100","None","Intake from Neutral Zone","None","","None","Score","None","90","None","Score","None","90","None","Not Attempted","69c83a37a23b3c991702bba2","ca3bb9a43cb919cebdc8ef4d822a98083aa9c33ba575cda8e276efe433912a83","","blue","2026-03-28T20:29:43.358Z","2026mdsev","2026mdsev_qm31","31","","4","","3","4","","","Great shooter horrible teammates but still one and got over a 100 points by themselves ","Snithik","9033","2026-03-28T20:29:43.423Z"
"Idle","None","","Hub","Not Attempted","Idle","None","10","None","Score","None","10","None","Pass","Intake from Neutral Zone","","None","Idle","None","","None","Intake from Neutral Zone","Pass","","None","Intake from Neutral Zone","Pass","","None","Not Attempted","69c839f0a23b3c991702bb71","33997cea6444d46a319e9a462a6499dc3f3982cf1ce058cfd391506ab289b579","","red","2026-03-28T20:28:32.761Z","2026mdsev","2026mdsev_qm31","31","","1","2","1","3","","","Passer","Nidhish","1446","2026-03-28T20:28:32.761Z"
"None","None","","Hub","Not Attempted","None","None","","None","None","None","","None","None","None","","None","None","None","","None","None","None","","None","None","None","","None","Not Attempted","69c83942a23b3c991702b511","440970f0c70d31e1e569ce58d66cf31360210319a44fef4c05c424f3d31d8016","","blue","2026-03-28T20:25:38.012Z","2026mdsev","2026mdsev_qm31","31","true","","","","","","","","KING BLUB (OFORI)","2963","2026-03-28T20:25:38.012Z"
"Idle","None","","Left Trench","Not Attempted","Pass","None","","None","Idle","None","","None","Idle","None","","None","Idle","None","","None","Defense","None","","None","Defense","Pass","","None","Not Attempted","69c8385fa23b3c991702b39b","d5d8599579201c5ee1497caf7ad5de0e9f1958ec5013847dbdd85823ff4196da","","blue","2026-03-28T20:21:51.771Z","2026mdsev","2026mdsev_qm30","30","","","2","","4","","5","Great defense after it stopped being ideal ","Snithik","11211","2026-03-28T20:21:51.771Z"
"None","None","","Hub","Not Attempted","None","None","","None","None","None","","None","None","None","","None","None","None","","None","None","None","","None","None","None","","None","Not Attempted","69c83831a23b3c991702ae6d","b889361b9d6fb8fdd97e55779a5c151a331db83d255e22b4c593a2eec8cd6d24","","red","2026-03-28T20:21:05.853Z","2026mdsev","2026mdsev_qm31","31","true","","","","","","","","Arihan","1915","2026-03-28T20:21:05.853Z"
"Score","Score","100","Hub","Not Attempted","Intake from Neutral Zone","Intake from Neutral Zone","","None","Score","Score","40","None","Intake from Neutral Zone","Intake from Neutral Zone","100","Light","Intake from Neutral Zone","Intake from Neutral Zone","","None","Score","Score","90","None","Score","Score","90","None","Not Attempted","69c8380ea23b3c991702addd","50dd048f8cfe98d0345cc9857080e56dc19215054314471d7f6ed7028ad6b699","","blue","2026-03-28T20:20:31.008Z","2026mdsev","2026mdsev_qm30","30","","4","","4","5","3","","","KING BLUB (OFORI)","614","2026-03-28T20:20:31.008Z"
"Score","Idle","30","Right Bump","Not Attempted","Idle","None","","None","Idle","None","","None","Defense","Pass","","None","Defense","None","","None","Pass","None","","None","Defense","None","","None","Not Attempted","69c837f0a23b3c991702ad63","a6c06a541d83114b10710d2b24296b788b4ea4ed13be1f0d80f8c3925e5b66cd","","red","2026-03-28T20:20:00.425Z","2026mdsev","2026mdsev_qm30","30","","2","3","1","4","","3","Defence and passer","Nidhish","10449","2026-03-28T20:20:00.425Z"
"Idle","Idle","","Hub","Not Attempted","Idle","Idle","","None","Idle","Idle","","None","Idle","Idle","","None","Intake from Neutral Zone","Idle","","None","Idle","Idle","","None","Idle","Idle","","None","Not Attempted","69c837eea23b3c991702ad62","dc60a62c1dbed2d6268d51f6eaaa22ffc16a09f667f277f9f2e218dc3fae52fd","","red","2026-03-28T20:19:58.571Z","2026mdsev","2026mdsev_qm30","30","","","","","1","","","Just moving slightly around the same place","Sai","2914","2026-03-28T20:19:59.055Z"
"Intake from Neutral Zone","Score","40","Hub","Not Attempted","Score","Score","40","None","Intake from Neutral Zone","None","","None","Score","Score","40","None","Intake from Neutral Zone","Pass","","None","Score","Score","40","None","Score","Score","20","None","Not Attempted","69c83542a23b3c991702acae","260bb9650208fe5b5e2b0d140d611023a61aeec5dc8d256f546fcf807e12f16d","","red","2026-03-28T20:08:34.258Z","2026mdsev","2026mdsev_qm29","29","","5","2","4","4","","","","Sai","2199","2026-03-28T20:08:34.593Z"
"Intake from Neutral Zone","Score","60","Right Trench","Not Attempted","Intake from Neutral Zone","None","","None","Intake from Neutral Zone","Score","40","None","Pass","None","","None","Intake from Neutral Zone","None","","Moderate","Idle","None","","Moderate","Idle","None","","None","Not Attempted","69c834efa23b3c991702ac9c","53e223919db8fefee55bd9d7440bf0428d23c15c95a448c68ad8752649ba5b49","","blue","2026-03-28T20:07:11.035Z","2026mdsev","2026mdsev_qm29","29","","2","","2","2","","","Got stuck on the bump at the last 30 sec of the match","Snithik","339","2026-03-28T20:07:11.035Z"
"Score","None","30","Hub","Not Attempted","Intake from Neutral Zone","Pass","","None","Score","None","40","None","Intake from Neutral Zone","Pass","","None","Pass","None","","None","Score","None","20","None","Score","None","20","None","Not Attempted","69c834dba23b3c991702ac92","6f799c3f28abe9aeedb9a80f7e55fac448f84b67e5560bec979f645046117698","","red","2026-03-28T20:06:51.967Z","2026mdsev","2026mdsev_qm29","29","","3","3","2","3","","2","Alr","Nidhish","11318","2026-03-28T20:06:51.967Z"
"Score","Score","100","Left Trench","Not Attempted","Score","Score","100","None","Score","Score","100","Light","Intake from Neutral Zone","Pass","","None","Score","Score","100","None","Intake from Neutral Zone","Intake from Neutral Zone","","Moderate","Score","Score","100","None","Not Attempted","69c834dba23b3c991702ac91","14aa2ce7992a847cdc0c7b8dcc1c48c8bdbd2651d2f7650a1ed747bd8d8e6ac9","","blue","2026-03-28T20:06:51.608Z","2026mdsev","2026mdsev_qm29","29","","5","","5","5","3","","","KING BLUB (OFORI)","836","2026-03-28T20:06:51.608Z"
"Idle","None","","Left Trench","Not Attempted","Pass","None","","None","Pass","None","","None","Defense","None","","None","Pass","Defense","","None","Pass","Defense","","None","Defense","None","","None","Not Attempted","69c83300a23b3c991702ac3e","199434223898d0765195b5a2a7afebadadfb018ef7a74099c46f32b4bd0365f6","","blue","2026-03-28T19:58:56.733Z","2026mdsev","2026mdsev_qm28","28","","","","","3","","3","Only defense and passing the defense wasn’t very good ","Snithik","10679","2026-03-28T19:58:56.733Z"
"Idle","Idle","","Right Trench","Not Attempted","Intake from Neutral Zone","Idle","","None","Intake from Neutral Zone","Score","","None","Intake from Neutral Zone","Intake from Neutral Zone","","None","Score","Score","","Moderate","Score","Idle","","None","Score","Score","","None","Not Attempted","69c832e7a23b3c991702ac3d","aa46972617333f084c9ce9f0c7f9d74ff6f0437fd4ed4fb16a8f7c37b62e0703","","blue","2026-03-28T19:58:31.142Z","2026mdsev","2026mdsev_qm28","28","","1","","3","2","1","","","KING BLUB (OFORI)","1111","2026-03-28T19:58:31.142Z"
"Score","None","20","Left Trench","Not Attempted","Score","None","20","None","Score","None","","None","Idle","None","","None","Defense","None","","None","Pass","Pass","","None","Pass","Pass","","None","Not Attempted","69c832e0a23b3c991702ac3a","94d03e4cc544f49962060fb6de7d1226e590c0b5d97233535d5eedea4d01d95a","","red","2026-03-28T19:58:24.936Z","2026mdsev","2026mdsev_qm28","28","","1","3","1","3","","3","Alr, but bad shooter","Nidhish","1719","2026-03-28T19:58:24.936Z"
"Idle","Idle","","Hub","Not Attempted","Idle","Score","","None","Pass","Pass","","None","Score","Score","10","None","Idle","Idle","","None","Idle","Idle","","None","Idle","Idle","","None","Not Attempted","69c832dda23b3c991702ac37","71610dfc5979a41dab9cdabea767c382ad6f3b21a46cc497560856c37a0ab2a0","","red","2026-03-28T19:58:21.530Z","2026mdsev","2026mdsev_qm28","28","","1","2","1","2","","","","Sai","1446","2026-03-28T19:58:21.530Z"
"Idle","None","","Hub","Not Attempted","Idle","None","","None","Intake from Neutral Zone","None","","None","Idle","None","","None","Idle","None","","None","Idle","None","","None","Idle","None","","None","Not Attempted","69c83151a23b3c991702abd5","6d8e385680a515651e05f0d115c1ea379e3538b4736ba916a20886263a12624d","","blue","2026-03-28T19:51:45.879Z","2026mdsev","2026mdsev_qm27","27","","1","1","1","3","","","Filled teammates hopper and was moving very slowly the intake took a while to fully deploy ","Snithik","7770","2026-03-28T19:51:45.879Z"
"Score","Score","10","Hub","Not Attempted","Intake from Neutral Zone","Intake from Neutral Zone","","None","Intake from Neutral Zone","Pass","","None","Score","Score","10","None","Intake from Neutral Zone","Pass","","None","Score","Score","30","None","Score","Score","50","None","Not Attempted","69c8313fa23b3c991702abd2","c33e0284ec14c91df8c3fdfb901739fa5622aeaa6423319a590c55ebb8dc6083","","red","2026-03-28T19:51:27.081Z","2026mdsev","2026mdsev_qm27","27","","4","2","3","3","","","","Sai","1418","2026-03-28T19:51:28.191Z"
"None","None","","Hub","Not Attempted","None","None","","None","None","None","","None","None","None","","None","None","None","","None","None","None","","None","None","None","","None","Not Attempted","69c83124a23b3c991702abcf","db1cce1aa3e9c82cfb40f14b51f79f49d50f35fffdc8ac8e6e7b97d7005a9174","","red","2026-03-28T19:51:00.256Z","2026mdsev","2026mdsev_qm27","27","true","","","","","","","","Nidhish","2963","2026-03-28T19:51:00.256Z"
"Score","Idle","80","Left Trench","Not Attempted","Score","Score","10","None","Intake from Neutral Zone","Pass","","None","Score","Score","90","None","Intake from Neutral Zone","Pass","","None","Score","Score","70","None","Intake from Neutral Zone","Score","80","None","Not Attempted","69c83110a23b3c991702abcb","ae53465266e017dd42c52f5d03c8c7676cdeeba5330a96429cca9665ff72d557","","blue","2026-03-28T19:50:40.840Z","2026mdsev","2026mdsev_qm27","27","","3","3","3","4","","","","KING BLUB (OFORI)","2377","2026-03-28T19:50:40.840Z"
"Score","Idle","10","Hub","Not Attempted","Intake from Neutral Zone","Intake from Neutral Zone","","None","Defense","Defense","","None","Idle","Idle","","None","Idle","Idle","","None","Intake from Neutral Zone","Pass","","None","Idle","Idle","","None","Not Attempted","69c83001a23b3c991702ab94","81816d7886ca865730b684f053017bfbfa6b5a5832eeeb554cbe89f66c894736","","red","2026-03-28T19:46:09.730Z","2026mdsev","2026mdsev_qm26","26","","1","","1","2","","","Shooter stopped and Intake stopped ","Sai","11350","2026-03-28T19:46:09.730Z"
"Score","Idle","90","Right Bump","Not Attempted","Defense","Defense","","None","Defense","Defense","","None","Defense","Defense","","None","Defense","Defense","","None","Defense","Idle","","None","Idle","Idle","","None","Not Attempted","69c82f11a23b3c991702ab5e","a73e233ce8782b9fb3591a248f4f012afc3cb7c0f1dd5915707cfabb60e9d9d8","","blue","2026-03-28T19:42:09.449Z","2026mdsev","2026mdsev_qm26","26","","","","","3","","3","","KING BLUB (OFORI)","1915","2026-03-28T19:42:09.449Z"
"Intake from Neutral Zone","Score","50","Left Trench","Not Attempted","Intake from Neutral Zone","Score","","None","Score","None","50","None","Intake from Neutral Zone","Pass","","None","Score","None","60","None","Pass","None","","None","Score","None","100","None","Not Attempted","69c82f0aa23b3c991702ab5d","6e9c14af4fa96f4d2eeb5fe95f363264c82177d119bc5d91990bf777051c42f9","","blue","2026-03-28T19:42:02.551Z","2026mdsev","2026mdsev_qm26","26","","3","","2","3","","","","Snithik","9033","2026-03-28T19:42:02.551Z"
"Score","None","30","Hub","Not Attempted","Intake from Neutral Zone","None","","None","Pass","Pass","","None","Defense","None","","None","Pass","None","","None","Pass","None","","None","Pass","None","","None","Not Attempted","69c82efda23b3c991702ab5c","f1344eb833f51ca1cd7979b39149c0bd15f3742e97ed82df1fb76dba3cea2ceb","","red","2026-03-28T19:41:49.749Z","2026mdsev","2026mdsev_qm26","26","","2","5","2","5","2","","Passing to human players","Nidhish","623","2026-03-28T19:41:49.749Z"
"Score","Idle","","Hub","Not Attempted","Pass","Pass","","None","Pass","Pass","","None","Pass","Defense","","None","Pass","Pass","","None","Pass","Defense","","None","Pass","Pass","","None","Not Attempted","69c82d50a23b3c991702ab14","8838d52975e614eb884bdca4525be22d67d70bc4683e7bce4d9499fdd2b5b8a8","","red","2026-03-28T19:34:40.046Z","2026mdsev","2026mdsev_qm25","25","","1","2","","2","","","No intake ","Sai","8622","2026-03-28T19:34:46.613Z"
"Score","Score","100","Hub","Not Attempted","Intake from Neutral Zone","Intake from Neutral Zone","","None","Score","Score","40","Moderate","Intake from Neutral Zone","Pass","","None","Score","Score","90","Light","Score","Score","","Moderate","Score","Score","80","Moderate","Not Attempted","69c82d11a23b3c991702aafc","d1a72e17605a8f211107050ade87c5a470fd4933ec1cdd3c6a8f5ebf30b6e063","","blue","2026-03-28T19:33:37.655Z","2026mdsev","2026mdsev_qm25","25","","3","2","2","3","2","","","KING BLUB (OFORI)","6863","2026-03-28T19:33:37.655Z"
"Intake from Neutral Zone","Score","40","Left Trench","Not Attempted","Score","None","40","None","Score","None","40","None","Intake from Neutral Zone","Idle","","None","Score","None","40","None","Intake from Neutral Zone","Idle","","None","Score","None","40","None","Not Attempted","69c82d0fa23b3c991702aafb","17ab6cd18ec539a67539a885a4990f2354da26f23222a0c2b0e93d2dc1cd14d7","","blue","2026-03-28T19:33:35.629Z","2026mdsev","2026mdsev_qm25","25","","3","3","3","3","","","Most mid robot ","Snithik","1727","2026-03-28T19:33:35.629Z"
"Intake from Neutral Zone","Score","40","Hub","Not Attempted","Intake from Neutral Zone","Pass","","None","Score","None","90","None","Intake from Neutral Zone","Pass","","None","Score","None","90","None","Score","None","80","None","Score","None","100","None","Not Attempted","69c82d00a23b3c991702aaf6","440f003e01095f1105a2d6e7de328903fc1f8fcad239c9cc7d48f423ae27e5d6","","red","2026-03-28T19:33:20.423Z","2026mdsev","2026mdsev_qm25","25","","5","3","3","4","","","Good robot","Nidhish","3748","2026-03-28T19:33:20.423Z"
"Idle","Idle","","Left Trench","Not Attempted","Intake from Neutral Zone","Intake from Neutral Zone","","None","Intake from Neutral Zone","Intake from Neutral Zone","","None","Idle","Idle","","None","Idle","Idle","","None","Idle","Idle","","None","Idle","Idle","","None","Not Attempted","69c82b67a23b3c991702aaa9","72b2632bee020c42fca73d26db6efd4180acaa8c478cf052b2aff875891cd36f","","red","2026-03-28T19:26:31.924Z","2026mdsev","2026mdsev_qm24","24","","2","","3","3","","","614 night hawks bumped into them and then stopped working","Sai","1111","2026-03-28T19:27:01.978Z"
"Score","None","40","Hub","Not Attempted","Intake from Neutral Zone","None","","None","Score","None","40","None","Intake from Neutral Zone","None","","None","Score","None","40","None","Intake from Neutral Zone","None","","None","Score","Defense","20","None","Not Attempted","69c82b5ea23b3c991702aaa7","def98c15f520bca81f12c6d27063cb1a796691f7e200d1c07d41695f89f46baf","","blue","2026-03-28T19:26:22.093Z","2026mdsev","2026mdsev_qm24","24","","3","","2","3","","3","Very descent robot","Snithik","4541","2026-03-28T19:26:22.093Z"
"Idle","Idle","","Left Trench","Not Attempted","Score","Score","","None","Score","Pass","","None","Intake from Neutral Zone","Intake from Neutral Zone","","None","Pass","Pass","","None","Defense","Defense","","None","Defense","Defense","","Moderate","Not Attempted","69c82b4da23b3c991702aaa4","c26e4a894f7d79582e647fdd17047d43c2ab8572de27482327af1005e747793e","","blue","2026-03-28T19:26:05.484Z","2026mdsev","2026mdsev_qm24","24","","","1","1","1","2","2","","KING BLUB (OFORI)","2849","2026-03-28T19:26:05.484Z"
"None","None","","Hub","Not Attempted","None","None","","None","None","None","","None","None","None","","None","None","None","","None","None","None","","None","None","None","","None","Not Attempted","69c82b2da23b3c991702aaa0","d2e484608170861a35441c8a4626bf4af1ce70d7d9ad61fd3be196159322a19e","","red","2026-03-28T19:25:33.761Z","2026mdsev","2026mdsev_qm25","25","true","","","","","","","","Nidhish","3748","2026-03-28T19:25:33.761Z"
"Idle","None","","Hub","Not Attempted","Idle","None","","None","Idle","None","","None","Idle","None","","None","Idle","None","","None","Idle","None","","None","Idle","None","","None","Not Attempted","69c82b2da23b3c991702aa9f","fd87938706dbb96d66c4e042e71ddbc5968c9efe1530e46190ca23d7921a9bde","","red","2026-03-28T19:25:33.365Z","2026mdsev","2026mdsev_qm24","24","","1","","","2","","","Was idel","Nidhish","2912","2026-03-28T19:25:33.365Z"
"Intake from Neutral Zone","Idle","","Left Trench","Not Attempted","Score","Score","30","None","Score","Score","60","None","Intake from Neutral Zone","Intake from Neutral Zone","","None","Score","Score","30","None","Score","Score","40","None","Score","Score","20","None","Not Attempted","69c829f3a23b3c991702aa5d","cf54407881b15690bc972e9b2483f56202ff28f590331fe3d245800bd4280cf4","","red","2026-03-28T19:20:19.609Z","2026mdsev","2026mdsev_qm23","23","","5","3","","3","","","","Sai","1629","2026-03-28T19:20:34.396Z"
"Idle","None","","Hub","Not Attempted","Idle","None","","None","Idle","None","","None","Idle","None","","None","Idle","None","","None","Idle","None","","None","Idle","None","","None","Not Attempted","69c829baa23b3c991702aa55","bf2650e51a78f179cb20808b41e314be07b8620cc0680528e9c9031822e86bb4","","blue","2026-03-28T19:19:22.421Z","2026mdsev","2026mdsev_qm23","23","","","","","1","","","Slow can’t shoot and gets stuck on balls and doesn’t do anything even when not stuck on top of balls","Snithik","1915","2026-03-28T19:19:22.421Z"
"Score","Score","80","Left Trench","Not Attempted","Score","Score","20","None","Intake from Neutral Zone","Pass","","None","Score","Score","90","None","Intake from Neutral Zone","Pass","","None","Score","Score","90","None","Score","Score","100","None","Not Attempted","69c82998a23b3c991702aa3e","f22f132b5100a5d3bb071e4bccefb6b00d6ec0244bbc929fa57340a2d4b453a1","","blue","2026-03-28T19:18:48.117Z","2026mdsev","2026mdsev_qm23","23","","4","4","5","5","","","","KING BLUB (OFORI)","686","2026-03-28T19:18:48.117Z"
"Intake from Neutral Zone","Score","30","Right Trench","Not Attempted","Intake from Neutral Zone","None","","None","Score","None","80","None","Intake from Neutral Zone","Pass","","None","Score","None","30","None","Intake from Neutral Zone","None","","None","Score","None","40","None","Not Attempted","69c8297ca23b3c991702aa3a","81ac0f00e56fa5a46602c8b1ea4502ff084820aefe4d531088160ba3cc0493f6","","red","2026-03-28T19:18:20.168Z","2026mdsev","2026mdsev_qm23","23","","3","2","2","3","","","Alr","Nidhish","339","2026-03-28T19:18:20.168Z"
"Idle","Idle","","Hub","Not Attempted","Idle","Idle","","None","Idle","Idle","","None","Idle","Idle","","None","Idle","Idle","","None","Idle","Idle","","None","Idle","Idle","","None","Not Attempted","69c82974a23b3c991702aa39","b1b13e92059865abaa04ab1e5a16ea9043499679e0d403476dca9b796373c9e1","","blue","2026-03-28T19:18:12.686Z","2026mdsev","2026mdsev_qm23","23","","1","","1","1","","","","Falco Carey","2914","2026-03-28T19:18:12.686Z"
"Idle","Idle","","Hub","Not Attempted","Score","Idle","","None","Idle","Idle","","None","Idle","Idle","","None","Idle","Idle","","None","Idle","Idle","","None","Defense","Defense","","None","Not Attempted","69c8280dca9318c83cde1855","d2c824fd645883e66164e1a87309f34daf0ec199218c4930a6e493bc53e31d66","","red","2026-03-28T19:12:13.033Z","2026mdsev","2026mdsev_qm19","19","","","","","1","","","They were wandering like a homeless duck and finally decided “hey we should help by playing a bit of defense”","Sai","2963","2026-03-28T19:12:13.033Z"
"Score","Score","","Hub","Not Attempted","Idle","Idle","","None","Idle","Idle","","None","Score","Score","10","None","Defense","Defense","","None","Defense","Defense","","None","Defense","Defense","","None","Not Attempted","69c8280cca9318c83cde1854","c0e5d82ce0b20dfb058ac6df82cda5802b186064370e8e15c40bbc3cf2c66898","","red","2026-03-28T19:12:13.029Z","2026mdsev","2026mdsev_qm18","18","","1","","2","1","","2","Defense was pretty bad and was shooting at the wall OUTSIDE THE FIELD. Shit was crazy ","Sai","8726","2026-03-28T19:12:13.029Z"
"Intake from Neutral Zone","Score","50","Right Trench","Not Attempted","Intake from Neutral Zone","Pass","","None","Intake from Neutral Zone","Pass","","None","Intake from Neutral Zone","Intake from Neutral Zone","30","None","Score","Score","50","Heavy","Pass","Intake from Neutral Zone","","None","Score","Score","80","Heavy","Not Attempted","69c82809a23b3c991702a9f5","41a78c42674a8ed9cb6e43aea5785b9a3eb9db2f90c765428637c52578820931","","red","2026-03-28T19:12:09.868Z","2026mdsev","2026mdsev_qm22","22","","5","4","5","4","5","","Amazing robot, so peak. They are pretty good at still shooting even when there is defense on them ","Sai","2199","2026-03-28T19:12:13.138Z"
"Score","None","60","Right Bump","Not Attempted","Intake from Neutral Zone","Score","40","None","Score","None","","None","Score","Idle","40","None","Idle","None","","None","Defense","None","","None","Defense","None","","None","Not Attempted","69c82774a23b3c991702a9d3","c57c70f5006206d7d4cf22f63d41899b869ca7e048c65ab3d3b234361129376a","","blue","2026-03-28T19:09:40.906Z","2026mdsev","2026mdsev_qm22","22","","2","","2","3","","3","Bad shooter good defense ","Snithik","4505","2026-03-28T19:09:40.906Z"
"Score","None","60","Right Bump","Not Attempted","Intake from Neutral Zone","Score","40","None","Score","None","","None","Score","Idle","40","None","Idle","None","","None","Defense","None","","None","Defense","None","","None","Not Attempted","69c82774a23b3c991702a9d2","37630be20e212e488a9c2626b0b89a2cb3e8b35b8833598764129de8d04076ce","","blue","2026-03-28T19:09:40.071Z","2026mdsev","2026mdsev_qm22","22","","2","","2","3","","3","Bad shooter good defense","Snithik","4505","2026-03-28T19:09:40.599Z"
"Idle","Idle","","Right Trench","Not Attempted","Idle","Idle","","None","Intake from Neutral Zone","Idle","","None","Idle","Idle","","None","Score","Score","80","None","Idle","Score","","None","Idle","Score","","None","Not Attempted","69c8275ea23b3c991702a9d1","55ee8e1d21b2e87f1aa0fb582cbd6e8bc0be0824b04e81466c0a11bb9a740b8c","","blue","2026-03-28T19:09:18.990Z","2026mdsev","2026mdsev_qm22","22","","1","","2","1","","","","KING BLUB (OFORI)","7770","2026-03-28T19:09:18.990Z"
"Score","Idle","30","Hub","Not Attempted","Intake from Neutral Zone","None","","None","Intake from Neutral Zone","None","","None","Score","None","30","None","Idle","None","","None","Idle","None","","None","Idle","None","","None","Not Attempted","69c82759a23b3c991702a9d0","5adcf716a3de99f6217f172f917c8dacbb596ca5969ff403c8ca27e9e0e9201e","","red","2026-03-28T19:09:13.398Z","2026mdsev","2026mdsev_qm22","22","","3","1","2","2","","","Bad","Nidhish","8726","2026-03-28T19:09:13.398Z"
"Score","Score","20","Hub","Not Attempted","Intake from Neutral Zone","Pass","","None","Intake from Neutral Zone","Pass","","None","Intake from Neutral Zone","Score","10","None","Intake from Neutral Zone","Pass","","None","Score","Score","","None","Intake from Neutral Zone","Idle","","None","Not Attempted","69c825eca23b3c991702a980","c99da5fdc6fc4095bc2ffc8d4197e6b2f549ed1a07197f2bf046f02a35530d0d","","red","2026-03-28T19:03:08.586Z","2026mdsev","2026mdsev_qm21","21","","1","","1","2","","","","Sai","623","2026-03-28T19:12:13.136Z"
"Score","None","30","Left Bump","Not Attempted","Intake from Neutral Zone","Score","50","None","Intake from Neutral Zone","None","","None","Score","None","60","None","Intake from Neutral Zone","None","","None","Pass","None","","None","Score","None","60","None","Not Attempted","69c825a1a23b3c991702a97b","ba2a939e633f188ab1deffb337b008e671499a464a7dc03febab59fdd13ba73c","","blue","2026-03-28T19:01:53.399Z","2026mdsev","2026mdsev_qm21","21","","3","","2","3","","","Decent robot","Snithik","11318","2026-03-28T19:01:53.399Z"
"Intake from Neutral Zone","Score","50","Left Trench","Not Attempted","Score","None","60","None","Pass","Intake from Neutral Zone","","None","Score","None","70","None","Intake from Neutral Zone","Pass","","None","Score","None","90","None","Score","Pass","80","None","Not Attempted","69c8255ea23b3c991702a95e","b0a627aef48dd5f0876dce1a30247c686addbf7b1f269448e4e217b450862771","","red","2026-03-28T19:00:46.220Z","2026mdsev","2026mdsev_qm21","21","","4","4","3","3","","","Good","Nidhish","3748","2026-03-28T19:00:46.220Z"
"Idle","Idle","","Hub","Not Attempted","Idle","Idle","","None","Intake from Neutral Zone","Intake from Neutral Zone","","None","Intake from Neutral Zone","Intake from Neutral Zone","","None","Score","Score","","None","Intake from Neutral Zone","Pass","","None","Pass","Pass","","None","Not Attempted","69c82557a23b3c991702a95b","3d89a4e5e4a3ca17969a74fc1f491d5c549cdecd6d571b0d0e7c6168c753eb35","","blue","2026-03-28T19:00:39.933Z","2026mdsev","2026mdsev_qm21","21","","","2","","2","","","","KING BLUB (OFORI)","1446","2026-03-28T19:00:39.933Z"
"Intake from Neutral Zone","Score","60","Right Bump","Not Attempted","Intake from Neutral Zone","Intake from Neutral Zone","","None","Intake from Neutral Zone","Intake from Neutral Zone","","None","Score","Score","50","None","Intake from Neutral Zone","Intake from Neutral Zone","","None","Score","Score","30","Moderate","Score","Score","","Heavy","Not Attempted","69c82442a23b3c991702a92d","b0a5ff3afc12b6c24703553b9e6fc6bfcfb43d00ea4ae1e9f0d61c6dec870c7f","","red","2026-03-28T18:56:02.058Z","2026mdsev","2026mdsev_qm20","20","","4","","3","3","","","Overall good robot ig angus khan still better tho ","Sai","614","2026-03-28T18:56:02.060Z"
"Idle","None","","Right Bump","Not Attempted","Defense","None","","None","Defense","None","","None","Defense","None","","None","Defense","None","","None","Defense","None","","None","Defense","None","","None","Not Attempted","69c82393a23b3c991702a906","e13f0eca280700f2e30972f978141a812adebfc89c38c928d90c224fcb5958b8","","blue","2026-03-28T18:53:07.537Z","2026mdsev","2026mdsev_qm20","20","","","","","1","","1","Their defense did absolutely nothing ","Snithik","3714","2026-03-28T18:53:07.855Z"
"Score","Score","50","Right Trench","Not Attempted","Intake from Neutral Zone","Intake from Neutral Zone","","None","Score","Score","90","None","Intake from Neutral Zone","Intake from Neutral Zone","","None","Score","Score","80","None","Intake from Neutral Zone","Intake from Neutral Zone","","None","Score","Defense","","None","Not Attempted","69c82384a23b3c991702a904","78363820a5da0b783356c175e93ff994cf562b04680b7b54083c54177fbdec46","","blue","2026-03-28T18:52:52.045Z","2026mdsev","2026mdsev_qm20","20","","4","","4","4","","3","","KING BLUB (OFORI)","1727","2026-03-28T18:52:52.045Z"
"Score","Idle","10","Hub","Not Attempted","Idle","None","","None","Pass","None","","None","Defense","Pass","","None","Defense","None","","None","Defense","None","","None","Pass","Defense","","None","Not Attempted","69c82367a23b3c991702a8ff","e179b527a42913775a910e5e143f9e50c36a92a1bfe5b76b4c55a50c28a6732d","","red","2026-03-28T18:52:23.193Z","2026mdsev","2026mdsev_qm20","20","","1","3","1","2","","3","Alr","Nidhish","10679","2026-03-28T18:52:23.219Z"
"Score","None","60","Hub","Not Attempted","Intake from Neutral Zone","Score","40","None","Intake from Neutral Zone","None","","None","Score","None","50","None","Intake from Neutral Zone","Pass","","None","Pass","None","","None","Score","None","100","None","Not Attempted","69c821e7a23b3c991702a8b4","b351a8112bf441d982ede3b18a69ca2a72a3e3adae1deb45adcb8e2a3e131a6b","","blue","2026-03-28T18:45:59.569Z","2026mdsev","2026mdsev_qm19","19","","2","","1","2","","","Horrible turret it’s was way to slow","Snithik","6863","2026-03-28T18:45:59.569Z"
"Score","None","90","Hub","Not Attempted","Score","Intake from Neutral Zone","80","None","Intake from Neutral Zone","Pass","","None","Score","None","80","None","Intake from Neutral Zone","Pass","","None","Score","None","90","None","Idle","None","","None","Not Attempted","69c8218aa23b3c991702a8a2","5bb6397b96e7d52f027915ad87cbfc8ce2749dcb7797e8d3f8fa84e0e58adfd1","","red","2026-03-28T18:44:26.192Z","2026mdsev","2026mdsev_qm19","19","","5","4","3","4","3","","","Nidhish","8592","2026-03-28T18:44:27.028Z"
"Score","Score","100","Right Trench","Not Attempted","Idle","Idle","","None","Idle","Idle","","None","Idle","Idle","","None","Idle","Idle","","None","Intake from Neutral Zone","Intake from Neutral Zone","","None","Idle","Idle","","None","Not Attempted","69c82183a23b3c991702a8a1","3cf557205e3768cb95c153763157c05918312af99120ddbba39d2bdae56b22a4","","blue","2026-03-28T18:44:19.655Z","2026mdsev","2026mdsev_qm19","19","","1","1","1","1","","","","KING BLUB (OFORI)","2912","2026-03-28T18:44:19.655Z"
"Idle","Idle","","Right Trench","Not Attempted","Score","Score","","None","Score","Score","","None","Score","Score","10","None","Pass","Pass","","None","Intake from Neutral Zone","Intake from Neutral Zone","","None","Intake from Neutral Zone","Intake from Neutral Zone","","None","Not Attempted","69c81fe5a23b3c991702a851","b6452e22a5f9c033e6e43bba34b19bda10358be806e08a2d0d816cfde8f774d6","","blue","2026-03-28T18:37:25.099Z","2026mdsev","2026mdsev_qm18","18","","1","","2","3","","","","KING BLUB (OFORI)","2849","2026-03-28T18:37:25.099Z"
"Score","Intake from Neutral Zone","20","Right Trench","Not Attempted","Intake from Neutral Zone","None","","None","Pass","None","","None","Idle","None","","None","Idle","None","","None","Idle","None","","None","Idle","None","","None","Not Attempted","69c81fc6a23b3c991702a83c","8cf3e36d3f3954cf70f2f5b6b0970dd1d69aa1e8bedd56132c8f7ebcbbcc56ff","","red","2026-03-28T18:36:54.619Z","2026mdsev","2026mdsev_qm18","18","","","4","3","4","","","Would have done better if robot had not broke","Nidhish","4541","2026-03-28T18:37:12.238Z"
"Score","None","40","Left Bump","Not Attempted","Intake from Neutral Zone","Intake from Neutral Zone","30","None","Pass","None","","None","Pass","None","","None","Pass","None","","None","Pass","None","","None","Score","None","10","Light","Not Attempted","69c81fc1a23b3c991702a838","806af5590b8db11427709047f8a607effb6ca0e3b229a1ee582a250151ec3873","","blue","2026-03-28T18:36:49.306Z","2026mdsev","2026mdsev_qm18","18","","1","3","1","2","1","1","","Snithik","10449","2026-03-28T18:36:49.306Z"
"Intake from Neutral Zone","Score","10","Right Trench","Not Attempted","Intake from Neutral Zone","Intake from Neutral Zone","","None","Score","Score","20","None","Intake from Neutral Zone","Intake from Neutral Zone","","None","Score","Score","50","None","Intake from Neutral Zone","Intake from Neutral Zone","","None","Score","Score","40","None","Not Attempted","69c81dcaa23b3c991702a7e1","7c667be51d4bd9b6b4437e0da6830ad41c11269a0736e385403016660edeaf58","","red","2026-03-28T18:28:26.625Z","2026mdsev","2026mdsev_qm17","17","","5","","4","3","","","Goated robot trying hang on but couldn’t because good robots shooting amazing on other side ","Sai","3748","2026-03-28T18:28:29.087Z"
"Intake from Neutral Zone","Score","70","Left Trench","Not Attempted","Intake from Neutral Zone","Idle","","None","Intake from Neutral Zone","None","","None","Score","Intake from Neutral Zone","70","None","Intake from Neutral Zone","None","","None","Score","None","60","None","Score","None","60","None","Not Attempted","69c81db1a23b3c991702a7cf","bf727eefde27736fa529ab545c1b6273b94d807053478b8bea2d082c62119bb7","","blue","2026-03-28T18:28:01.177Z","2026mdsev","2026mdsev_qm17","17","","4","","5","5","","","Good ","Snithik","686","2026-03-28T18:28:01.177Z"
"Intake from Neutral Zone","None","60","Hub","Not Attempted","Score","None","20","None","Idle","None","","None","Idle","None","","None","Idle","None","","None","Idle","None","","None","Idle","None","","None","Not Attempted","69c81daca23b3c991702a7cc","588178d949c4d5cb46bfebef4b941056a3297de8ed2a40de5b51659c8ea33a6e","","red","2026-03-28T18:27:56.363Z","2026mdsev","2026mdsev_qm17","17","","2","","","2","","","Idel all game","Nidhish","2377","2026-03-28T18:27:57.105Z"
"Idle","Idle","","Hub","Not Attempted","Idle","Idle","","None","Idle","Idle","","None","Idle","Idle","","None","Score","Score","","None","Intake from Neutral Zone","Intake from Neutral Zone","","None","Score","Score","","None","Not Attempted","69c81d9ea23b3c991702a7c7","e696d0fffd5e43441daeda4e15ca3d907441fe3cd53d0adbc9dc5134f92498cd","","blue","2026-03-28T18:27:42.069Z","2026mdsev","2026mdsev_qm17","17","","1","","3","2","","","","KING BLUB (OFORI)","7770","2026-03-28T18:27:42.069Z"
"Intake from Neutral Zone","Score","70","Left Trench","Not Attempted","Score","Score","20","None","Intake from Neutral Zone","Pass","","None","Score","Score","20","None","Intake from Neutral Zone","Pass","","None","Score","Score","30","Light","Score","Score","","Heavy","Not Attempted","69c81c07a23b3c991702a782","1d9e1211405240b62e362f7552f8d458d0a778dad646bb12bf95281683c8cb8c","","red","2026-03-28T18:20:55.874Z","2026mdsev","2026mdsev_qm16","16","","2","4","3","3","1","","Shooter is a bit slow but passing is overall good","Sai","9033","2026-03-28T18:20:55.894Z"
"Idle","None","","Hub","Not Attempted","Idle","None","","None","Idle","None","","None","Idle","None","","None","Idle","None","","None","Idle","None","","None","Idle","None","","None","Not Attempted","69c81bd0a23b3c991702a77a","5111f5133c74198a2b20e11b705030d7ca1a3557c6d7d4a92271e695b476c9b2","","blue","2026-03-28T18:20:00.965Z","2026mdsev","2026mdsev_qm16","16","","1","2","1","1","","","Bad accuracy with the one and only ball they shot and only good for getting teammates to get unstuck from balls","Snithik","2534","2026-03-28T18:20:00.965Z"
"Score","None","30","Right Bump","Not Attempted","Score","None","40","None","Pass","None","","None","Score","None","40","None","Pass","None","","None","Score","None","60","None","Score","None","80","None","Not Attempted","69c81b8aa23b3c991702a763","d02f62ee8c9df4e3ab1c52c788bbc966f03039768b52333f8538543fc1e90201","","red","2026-03-28T18:18:50.649Z","2026mdsev","2026mdsev_qm16","16","","5","4","4","4","","2","Very good","Nidhish","1418","2026-03-28T18:18:51.515Z"
"Idle","Idle","","Left Trench","Not Attempted","Idle","Idle","","None","Idle","Idle","","None","Idle","Idle","","None","Idle","Idle","","None","Defense","Defense","","None","Defense","Defense","","None","Not Attempted","69c81b84a23b3c991702a760","949cf6c8c32746f81f8e2e80b4474c41d986e8cdb787f24897a80071b32d8533","","blue","2026-03-28T18:18:44.575Z","2026mdsev","2026mdsev_qm16","16","","","","","3","","1","","KING BLUB (OFORI)","1111","2026-03-28T18:18:44.671Z"
"Intake from Neutral Zone","Idle","","Left Trench","Not Attempted","Idle","Idle","","None","Idle","Idle","","None","Idle","Idle","","None","Idle","Idle","","None","Idle","Idle","","None","Idle","Idle","","None","Not Attempted","69c81972a23b3c991702a6f2","bb1144de38d40964698f09c23d262672022e730dda4a60e37811cf09ec0d5cdf","","red","2026-03-28T18:09:54.718Z","2026mdsev","2026mdsev_qm15","15","","","","1","1","","","Stopped for some reason. I think they disconnected or something strange ","Sai","836","2026-03-28T18:09:54.718Z"
"Score","Score","50","Left Trench","Not Attempted","Score","None","100","None","Defense","None","","None","Score","None","50","None","Defense","None","","None","Defense","None","","None","Score","None","70","None","Not Attempted","69c81961a23b3c991702a6ed","1ca8fc8c4aef2cf28a7db34d09f01ea642bfe40511230b1f8d4868ef37b99c17","","blue","2026-03-28T18:09:37.544Z","2026mdsev","2026mdsev_qm15","15","","2","","1","2","","2","Not very good and had bad teammates were bad so their team did not get many points ","Snithik","1719","2026-03-28T18:09:37.544Z"
"Score","None","60","Hub","Not Attempted","Intake from Neutral Zone","Intake from Neutral Zone","","None","Pass","Intake from Neutral Zone","","None","Idle","Score","30","None","Intake from Neutral Zone","None","","None","Score","None","20","None","Intake from Neutral Zone","Score","10","None","Not Attempted","69c81906a23b3c991702a638","bfdf3357c57a84f85d4fdf8962889ddaf45c2a5ab72ee6b3322f6da3b2bb85ba","","red","2026-03-28T18:08:06.283Z","2026mdsev","2026mdsev_qm15","15","","2","2","2","3","","","","Nidhish","11350","2026-03-28T18:08:06.283Z"
"Score","None","60","Hub","Not Attempted","Intake from Neutral Zone","Intake from Neutral Zone","","None","Pass","Intake from Neutral Zone","","None","Idle","Score","30","None","Intake from Neutral Zone","None","","None","Score","None","20","None","Intake from Neutral Zone","Score","10","None","Not Attempted","69c81905a23b3c991702a633","d35046a5e5ac617af07808be9ad3c616f6e6f0e1f03f5d94fd0519aa0391d09f","","red","2026-03-28T18:08:05.111Z","2026mdsev","2026mdsev_qm15","15","","2","2","2","3","","","None","Nidhish","11350","2026-03-28T18:08:06.219Z"
"Intake from Neutral Zone","Score","90","Left Trench","Not Attempted","Score","None","80","None","Intake from Neutral Zone","Pass","","None","Score","None","80","None","Intake from Neutral Zone","Pass","","None","Score","None","60","None","Intake from Neutral Zone","Score","80","None","Not Attempted","69c80a21a23b3c9917029d12","a124a6a149b8b4eb0df89a5189e28d00819e51aaff0fba11bfa6aa9be1a94be5","","blue","2026-03-28T17:04:33.359Z","2026mdsev","2026mdsev_qm14","14","","5","4","3","4","","","Very flimsy looking intake but great shooter","Snithik","1629","2026-03-28T17:04:33.359Z"
"Score","Score","80","Right Trench","Not Attempted","Intake from Neutral Zone","Intake from Neutral Zone","10","None","Score","Score","100","None","Intake from Neutral Zone","Idle","100","None","Intake from Neutral Zone","Idle","100","None","Score","Score","100","None","Score","Score","100","None","Not Attempted","69c809e8a23b3c9917029d01","f7a1327295aa628d474d077b1f84bb9e83f730f9ae74d81b70e5a418007cfb81","","blue","2026-03-28T17:03:36.978Z","2026mdsev","2026mdsev_qm14","14","","3","","4","3","","","","KING BLUB (OFORI)","1727","2026-03-28T17:03:36.978Z"
"None","None","","Hub","Not Attempted","None","None","","None","None","None","","None","None","None","","None","None","None","","None","None","None","","None","None","None","","None","Not Attempted","69c8092da23b3c9917029cde","4e7673038ddff3624519c89d8edb25a7ca9ce7fbae27d5930fc35849b70b58a6","","red","2026-03-28T17:00:29.413Z","2026mdsev","2026mdsev_qm14","14","true","","","","","","","","Sai","1915","2026-03-28T17:00:29.413Z"
"None","None","","Hub","Not Attempted","None","None","","None","None","None","","None","None","None","","None","None","None","","None","None","None","","None","None","None","","None","Not Attempted","69c8090aa23b3c9917029cd5","4d67d7b22682c74dbaf57ea5251ddc88cbaf81c3f990bf6722eedeef6d507ca6","","red","2026-03-28T16:59:54.261Z","2026mdsev","2026mdsev_qm14","14","true","","","","","","","","Nidhish","11211","2026-03-28T16:59:54.261Z"
"Score","None","80","Hub","Not Attempted","Intake from Neutral Zone","None","","None","Pass","None","","None","Score","Intake from Neutral Zone","20","None","Pass","None","","None","Idle","None","","None","Score","None","10","None","Not Attempted","69c807faa23b3c9917029cad","b4109808dc3b68dc1b5b0f88d9f795f65991c66ecd08a871d674a01983385903","","blue","2026-03-28T16:55:22.320Z","2026mdsev","2026mdsev_qm13","13","","2","2","2","2","","","Slow shooter and bad passer","Snithik","623","2026-03-28T16:55:22.320Z"
"Score","Idle","100","Left Bump","Not Attempted","Intake from Neutral Zone","Intake from Neutral Zone","","None","Intake from Neutral Zone","Pass","","None","Score","Score","80","None","Intake from Neutral Zone","Pass","","None","Score","Score","90","Light","Score","Score","100","None","Not Attempted","69c807f8a23b3c9917029cab","63081f8e8e8af9dd8cdc0d74f74eafba3cb1aaf6376026fa208958e1e5221d09","","blue","2026-03-28T16:55:20.890Z","2026mdsev","2026mdsev_qm13","13","","4","","3","4","3","","","KING BLUB (OFORI)","8592","2026-03-28T16:55:20.890Z"
"Idle","Idle","","Hub","Not Attempted","Idle","Idle","","None","Idle","Idle","","None","Idle","Idle","","None","Idle","Idle","","None","Idle","Idle","","None","Idle","Idle","","None","Not Attempted","69c807e1a23b3c9917029c99","89d8828f45e1e7f54fa7ba15fa1823c048d8a30e2f756ead173e706c9ac0ff06","","red","2026-03-28T16:54:57.601Z","2026mdsev","2026mdsev_qm13","13","","","","","1","","","They just moved in their alliance zone but not too much ","Sai","2914","2026-03-28T16:54:57.601Z"
"Idle","None","","Left Trench","Not Attempted","Intake from Neutral Zone","None","","None","Score","None","90","None","Intake from Neutral Zone","None","","None","Score","None","100","None","Intake from Neutral Zone","None","","None","Score","None","100","None","Not Attempted","69c807e1a23b3c9917029c98","93460c59891db3b1b09f8aa73df9c14f30e436a2db2da5789c2707a60a98bd94","","red","2026-03-28T16:54:57.217Z","2026mdsev","2026mdsev_qm13","13","","4","3","3","4","","","Good robot. Carried the alliance","Nidhish","1389","2026-03-28T16:54:57.217Z"
"Idle","Idle","","Right Bump","Not Attempted","Idle","Idle","","None","Idle","Idle","","None","Idle","Idle","","None","Intake from Neutral Zone","Score","","None","Intake from Neutral Zone","Idle","","None","Idle","Idle","","None","Not Attempted","69c80670a23b3c9917029c5d","2ae86d85516164ff7b0cfc622e07ed42dc0788fbc7518fb746c6c27f74514fa6","","blue","2026-03-28T16:48:48.721Z","2026mdsev","2026mdsev_qm12","12","","1","","1","2","","","","Falco Carey","2912","2026-03-28T16:48:48.759Z"
"Intake from Neutral Zone","Score","20","Left Trench","Not Attempted","Intake from Neutral Zone","Pass","","None","Pass","Pass","","None","Score","Score","40","None","Intake from Neutral Zone","Pass","","None","Score","Score","","None","Score","Score","","None","Not Attempted","69c80645a23b3c9917029c56","f237421bccf44ee8b5b3e3a074541a0b650e4543816716a6732e61d8e318bcf6","","red","2026-03-28T16:48:05.275Z","2026mdsev","2026mdsev_qm12","12","","3","3","4","3","","","Started acting slow around 4th of teleope maybe something got stuck ","Sai","3748","2026-03-28T16:48:06.202Z"
"Idle","None","","Hub","Not Attempted","Score","None","70","None","Intake from Neutral Zone","Pass","","None","Pass","None","","None","Idle","None","","None","Idle","None","","None","Score","Idle","20","None","Not Attempted","69c80622a23b3c9917029c48","dd088095585a922b3a37057503d2d7037181d8fcd91d38f59632af7f6c358a9e","","blue","2026-03-28T16:47:30.537Z","2026mdsev","2026mdsev_qm12","12","","1","2","1","2","","","Extremely slow shooter ","Snithik","1446","2026-03-28T16:47:30.537Z"
"None","None","","Hub","Not Attempted","None","None","","None","None","None","","None","None","None","","None","None","None","","None","None","None","","None","None","None","","None","Not Attempted","69c8061fa23b3c9917029c47","3e4a10f775372b4dad741c6073d5a5e316aaa2beaed3948e009b91f335aeeeaf","","red","2026-03-28T16:47:27.026Z","2026mdsev","2026mdsev_qm13","13","true","","","","","","","","Nidhish","1389","2026-03-28T16:47:27.026Z"
"Score","Intake from Neutral Zone","40","Right Trench","Not Attempted","Score","None","10","None","Idle","Intake from Neutral Zone","","None","Score","None","50","None","Intake from Neutral Zone","None","","None","Score","None","30","None","Idle","None","","None","Not Attempted","69c8061aa23b3c9917029c46","7e8020910e69a1b2bfd36d7dc5e1800183b7a9ba6794e7384e3ab2b3a35adf0c","","red","2026-03-28T16:47:22.684Z","2026mdsev","2026mdsev_qm12","12","","2","2","1","3","","","Below average","Nidhish","1719","2026-03-28T16:47:22.684Z"
"Score","Score","10","Right Bump","Not Attempted","Idle","Idle","","None","Intake from Neutral Zone","Pass","","None","Score","Score","20","None","Intake from Neutral Zone","Pass","","None","Score","Score","20","None","Score","Score","30","None","Not Attempted","69c804baa23b3c9917029c08","64e0a51803350b9fd7b6e714f9fcddd26655cd9cef5b2cfd42bb4a82cf9cb4a2","","red","2026-03-28T16:41:30.282Z","2026mdsev","2026mdsev_qm11","11","","2","2","3","3","","","Slow robot but done well by driver ","Sai","1418","2026-03-28T16:41:30.282Z"
"None","None","","Hub","Not Attempted","None","None","","None","None","None","","None","None","None","","None","None","None","","None","None","None","","None","None","None","","None","Not Attempted","69c8043aa23b3c9917029be5","362722fc106361d16c6892063e3565cf04744818be788f26a59c1ffeeaa6dca5","","red","2026-03-28T16:39:22.109Z","2026mdsev","2026mdsev_qm12","12","true","","","","","","","","Arihan","11318","2026-03-28T16:39:22.109Z"
"Idle","None","","Left Bump","Not Attempted","Intake from Neutral Zone","Idle","","None","Idle","None","","None","Idle","None","","None","Idle","None","","None","Idle","None","","None","Idle","None","","None","Not Attempted","69c80401a23b3c9917029bde","a3b39f9ba189c13c89fbf50b80e83f52905226431e73155254a9e166753ff956","","blue","2026-03-28T16:38:25.622Z","2026mdsev","2026mdsev_qm11","11","","","","1","1","","","Idle the entire time after the first transition ","Snithik","8726","2026-03-28T16:38:25.622Z"
"Idle","Idle","","Right Bump","Not Attempted","Idle","Idle","","None","Idle","Idle","","None","Idle","Idle","","None","Score","Score","10","None","Score","Score","","None","Idle","Idle","","None","Not Attempted","69c803f1a23b3c9917029bd7","8968502511e92ab72fcc740e4dccba59081c3326be48ec27bd8cafa17b1aae14","","blue","2026-03-28T16:38:09.155Z","2026mdsev","2026mdsev_qm11","11","","1","","2","2","","","chudbot","Falco Carey","3714","2026-03-28T16:38:09.155Z"
"None","None","","Hub","Not Attempted","None","None","","None","None","None","","None","None","None","","None","None","None","","None","None","None","","None","None","None","","None","Not Attempted","69c8036ea23b3c9917029bbc","88f748651a815d65a9cf9ece149b8c117ca684cb14171f231f6ef6e802b24b69","","red","2026-03-28T16:35:58.957Z","2026mdsev","2026mdsev_qm11","11","true","","","","","","","","Nidhish","1915","2026-03-28T16:35:58.957Z"
"Defense","Defense","10","Hub","Not Attempted","Defense","Defense","","None","Defense","Defense","","None","Defense","Defense","","None","Defense","Defense","","None","Defense","Defense","","None","Defense","Defense","","None","Not Attempted","69c8024fa23b3c9917029b89","38c380867815d16eab5b02d524ae34f5870535ce36079ff3b17041b2243c34c4","","red","2026-03-28T16:31:11.977Z","2026mdsev","2026mdsev_qm10","10","","","","","1","","","No intake so just roaming around ","Sai","10679","2026-03-28T16:31:15.010Z"
"Score","None","","Left Bump","Not Attempted","Intake from Neutral Zone","Score","50","None","Intake from Neutral Zone","None","","None","Score","None","60","None","Intake from Neutral Zone","None","","None","Score","None","70","None","Score","Score","80","None","Not Attempted","69c8024da23b3c9917029b88","fa53379a20e255d786d185a537d0a8078a3328090e8ca28f82617f78ce322459","","blue","2026-03-28T16:31:09.061Z","2026mdsev","2026mdsev_qm10","10","","4","","5","4","","","Single turret and fast intake","Snithik","8592","2026-03-28T16:31:09.061Z"
"Score","Idle","90","Right Trench","Not Attempted","Score","Score","10","None","Score","Score","10","None","Pass","Idle","","None","Score","Score","50","None","Pass","Pass","50","None","Score","Score","30","None","Not Attempted","69c80239a23b3c9917029b7d","175b438d8539fe885eaee946871e847c8a0d8383cf13be5ab0c948d42c68b51a","","blue","2026-03-28T16:30:49.429Z","2026mdsev","2026mdsev_qm10","10","","2","3","3","4","","","","KING BLUB (OFORI)","339","2026-03-28T16:30:49.429Z"
"Intake from Neutral Zone","Score","30","Right Trench","Not Attempted","Score","None","80","None","Pass","Intake from Neutral Zone","","None","Score","None","80","None","Intake from Neutral Zone","None","","None","Score","None","10","None","Pass","None","","None","Not Attempted","69c80223a23b3c9917029b7a","18e2215b4a4f64f8163ef0b38dda46eb02586d5ebd06fa1335fa340ae1d68432","","red","2026-03-28T16:30:27.076Z","2026mdsev","2026mdsev_qm10","10","","3","4","3","3","","","Shooter not working.","Nidhish","686","2026-03-28T16:30:27.076Z"
"None","None","","Hub","Not Attempted","None","None","","None","None","None","","None","None","None","","None","None","None","","None","None","None","","None","None","None","","None","Not Attempted","69c8013fa23b3c9917029b51","9da9ca7a8780abf08959790994e34d485d240131557c91f627e510ddf4ea14c2","","blue","2026-03-28T16:26:39.003Z","2026mdsev","2026mdsev_qm10","10","true","","","","","","","","Falco Carey","11211","2026-03-28T16:26:39.003Z"
"Intake from Neutral Zone","Score","70","Left Trench","Not Attempted","Score","Score","30","None","Intake from Neutral Zone","Score","50","None","Intake from Neutral Zone","Pass","","None","Score","Score","60","None","Intake from Neutral Zone","Intake from Neutral Zone","","None","Score","Score","70","None","Not Attempted","69c80045a23b3c9917029b28","7db16adc50774ca09d25edaeb1790d63f6add8abb2c20f8f7a1fb8732a69d526","","red","2026-03-28T16:22:29.468Z","2026mdsev","2026mdsev_qm9","9","","5","5","5","5","","","Just a goated team we knew this already. Robobees ","Sai","836","2026-03-28T16:22:31.725Z"
"Score","None","20","Hub","Not Attempted","Intake from Neutral Zone","None","","None","Intake from Neutral Zone","None","","None","Pass","None","","None","Idle","Idle","","None","Intake from Neutral Zone","None","","None","Idle","None","","None","Not Attempted","69c8003ba23b3c9917029b25","29e4c8aed1da7d3123ff9e0034d222205efb8bc6358d76081639f56afbb1b495","","red","2026-03-28T16:22:19.758Z","2026mdsev","2026mdsev_qm9","9","","2","2","1","1","","","Horrible driver. Ran cicles around the nutral zone most of the time.","Nidhish","8622","2026-03-28T16:22:19.758Z"
"Score","None","30","Hub","Not Attempted","Pass","Intake from Neutral Zone","","None","Pass","Defense","","None","Defense","Idle","","None","Pass","None","","None","Defense","Intake from Neutral Zone","","None","Idle","None","","None","Not Attempted","69c80033a23b3c9917029b1e","afc1590fe4919b87d0914c4d9073a7ff09ff073fb952aa9685cfcf7a2348e230","","blue","2026-03-28T16:22:11.232Z","2026mdsev","2026mdsev_qm9","9","","2","2","1","2","","1","","Snithik","11350","2026-03-28T16:22:11.232Z"
"Score","Score","100","Right Trench","Not Attempted","Score","Score","100","None","Intake from Neutral Zone","Pass","","None","Score","Score","100","None","Intake from Neutral Zone","Intake from Neutral Zone","","None","Score","Score","90","None","Score","Score","90","None","Not Attempted","69c80030a23b3c9917029b1c","34284eef001dfc02a06c2a98d1c5c25b14159758bbc0b359f7abb4d971ba62bb","","blue","2026-03-28T16:22:08.434Z","2026mdsev","2026mdsev_qm9","9","","5","5","5","5","","","","KING BLUB (OFORI)","1629","2026-03-28T16:22:08.434Z"
"Score","Score","","Left Bump","Not Attempted","Score","Score","","None","Intake from Neutral Zone","Intake from Neutral Zone","","None","Score","Score","10","None","Idle","Intake from Neutral Zone","","None","Score","Score","80","None","Score","Score","10","None","Not Attempted","69c7fe62a23b3c9917029ac2","0d14726e20221425b1a8b8d493b02e5d81bb583ae11ec2c4fb3a1aa304d49ec8","","blue","2026-03-28T16:14:26.952Z","2026mdsev","2026mdsev_qm8","8","","3","","3","3","","","","KING BLUB (OFORI)","1389","2026-03-28T16:14:26.952Z"
"Score","None","80","Left Bump","Not Attempted","Pass","Score","60","None","Intake from Neutral Zone","Pass","","None","Score","None","60","None","Pass","None","","None","Score","None","50","None","Score","None","50","None","Not Attempted","69c7fe43a23b3c9917029abf","a80da82a5ed2fa23fc36b426e27c3206aff6ebac6865144de581d31620390eff","","red","2026-03-28T16:13:55.543Z","2026mdsev","2026mdsev_qm8","8","","3","5","2","4","","","Mid bot.","Nidhish","11318","2026-03-28T16:13:55.543Z"
"Score","Intake from Neutral Zone","40","Right Trench","Not Attempted","Intake from Neutral Zone","Pass","","None","Score","None","50","None","Intake from Neutral Zone","Pass","","None","Score","None","10","None","Idle","None","","None","Score","None","10","None","Not Attempted","69c7fe38a23b3c9917029abe","eac11f82894db4500910fe8c4d9c742d4f553808dc7b64ebca2730a99bf802d1","","blue","2026-03-28T16:13:44.189Z","2026mdsev","2026mdsev_qm8","8","","2","2","2","2","","","","Snithik","4541","2026-03-28T16:13:44.189Z"
"Idle","Idle","","Right Trench","Not Attempted","Intake from Neutral Zone","Intake from Neutral Zone","","None","Score","Score","20","None","Intake from Neutral Zone","Pass","","None","Score","Score","20","None","Pass","Intake from Neutral Zone","","None","Score","Intake from Neutral Zone","20","None","Not Attempted","69c7fe2da23b3c9917029abd","f005fe23d0e9e6c44a81c8888df53a081594492efd696713d106e4fcde11e75e","","red","2026-03-28T16:13:33.428Z","2026mdsev","2026mdsev_qm8","8","","1","","2","3","","","Did their job but very minimal and slow ","Sai","6863","2026-03-28T16:13:33.428Z"
"Intake from Neutral Zone","Idle","","Right Trench","Not Attempted","Idle","Idle","","None","Score","Score","","None","Score","Score","","None","Intake from Neutral Zone","Pass","","None","Idle","Score","","None","Idle","Idle","","None","Not Attempted","69c7fc73a23b3c9917029a62","955afcd39f5f23c19d0c4008bf3643f8fc23a24e5255bcbf0af2b0cc60124051","","red","2026-03-28T16:06:11.798Z","2026mdsev","2026mdsev_qm7","7","","1","1","1","1","","","Didn’t even pass that much and took quite literally years to shoot like 1 or 2 balls  ","Sai","7770","2026-03-28T16:06:12.040Z"
"Score","Idle","10","Hub","Not Attempted","Score","Score","","None","Pass","Pass","","None","Pass","Pass","","None","Pass","Pass","","None","Pass","Pass","","None","Pass","Pass","","None","Not Attempted","69c7fc70a23b3c9917029a5f","b3a548182bdcdb342e1cca8c466f7f13191ae46d0866b043e0c5c52d78b84227","","blue","2026-03-28T16:06:08.442Z","2026mdsev","2026mdsev_qm7","7","","1","4","","3","","","","KING BLUB (OFORI)","2534","2026-03-28T16:06:08.442Z"
"Intake from Neutral Zone","Score","70","Right Bump","Not Attempted","Intake from Neutral Zone","Pass","","None","Pass","None","","None","Pass","None","","None","Pass","Score","70","None","Score","None","","None","Idle","None","","None","L1 Attempted","69c7fc61a23b3c9917029a5d","26bf243c58a42ef7f303f61567339e1c148d0bdcf1313b8cff6abae17bb3fd33","","blue","2026-03-28T16:05:53.537Z","2026mdsev","2026mdsev_qm7","7","","2","3","1","3","","","Can climb and pass well","Snithik","614","2026-03-28T16:05:53.537Z"
"None","None","","Hub","Not Attempted","None","None","","None","None","None","","None","None","None","","None","None","None","","None","None","None","","None","None","None","","None","Not Attempted","69c7fc4fa23b3c9917029a5a","486b5f685078d777f6973766c80dbf90f1b097bd4a1f0d4ddda680db0014c0c7","","red","2026-03-28T16:05:35.638Z","2026mdsev","2026mdsev_qm8","8","true","","","","","","","","Nidhish","11318","2026-03-28T16:05:35.638Z"
"Idle","None","","Left Trench","Not Attempted","Intake from Neutral Zone","Idle","","None","Idle","None","","None","Idle","None","","None","Defense","None","","None","Defense","None","","None","Idle","None","","None","Not Attempted","69c7fc4fa23b3c9917029a59","5297abe5afffea2ebc5100185729e059a82633faecbf35ca96bbb7ab4af07e9e","","red","2026-03-28T16:05:35.088Z","2026mdsev","2026mdsev_qm7","7","","","","","2","","3","Robot got stck and broke down.","Nidhish","1111","2026-03-28T16:05:35.231Z"
"Score","Idle","","Hub","Not Attempted","Score","Idle","","None","Idle","None","","None","Pass","None","","None","Idle","None","","None","Idle","None","","None","Score","None","10","None","Not Attempted","69c7fa82a23b3c99170299f5","be1f66edb0782f1682f08b8560efb408994e87e053c799cac1b39e19e22a7056","","blue","2026-03-28T15:57:54.038Z","2026mdsev","2026mdsev_qm6","6","","1","2","1","1","","","Hopper broke and only shot one ball that went in it is easy to break their robots hopper","Snithik","2912","2026-03-28T15:57:54.038Z"
"Score","Idle","80","Left Trench","Not Attempted","Intake from Neutral Zone","Score","","None","Intake from Neutral Zone","Intake from Neutral Zone","","None","Score","Score","100","None","Intake from Neutral Zone","Pass","","None","Score","Score","80","None","Score","Score","90","None","Not Attempted","69c7fa6da23b3c99170299ef","bb5b240bed6cf4149f70142d8d6bb3eeb2e6d5b187e20772d03d5d3feb32a0da","","blue","2026-03-28T15:57:33.331Z","2026mdsev","2026mdsev_qm6","6","","4","3","3","5","","","","KING BLUB (OFORI)","3748","2026-03-28T15:57:33.331Z"
"Intake from Neutral Zone","Score","20","Hub","Not Attempted","Intake from Neutral Zone","Score","20","None","Intake from Neutral Zone","Intake from Neutral Zone","","None","Intake from Neutral Zone","Intake from Neutral Zone","","None","Score","Score","10","None","Intake from Neutral Zone","Intake from Neutral Zone","","None","Idle","Score","20","None","Not Attempted","69c7fa37a23b3c99170299ea","221492c2092901cbd00cc3c224e1982deb229a11219d5bd9178dd58f301bf2b1","","red","2026-03-28T15:56:39.234Z","2026mdsev","2026mdsev_qm6","6","","1","","3","2","","","Slow shooter decent intake","Sai","339","2026-03-28T15:56:39.271Z"
"Score","Score","10","Hub","Not Attempted","Idle","None","","None","Idle","None","","None","Idle","None","","None","Idle","None","","None","Idle","None","","None","Idle","None","","None","Not Attempted","69c7fa02a23b3c99170299e5","c751b867bc4c42dfe6e69c90f2e3a644c108550173eb670b49b1b32b09ce439e","","red","2026-03-28T15:55:46.906Z","2026mdsev","2026mdsev_qm6","6","","1","","","1","","","Was idel for whole match. ","Nidhish","10679","2026-03-28T15:55:46.906Z"
"Idle","None","","Right Bump","Not Attempted","Defense","Score","","None","Defense","None","","None","Defense","Score","","None","Defense","None","","None","Defense","None","","None","Idle","None","","None","Not Attempted","69c7f7afa23b3c9917029964","9d73d250141a908293d89db9fa10226ea765eb2fedc8a698bfc4951de4bce0e9","","blue","2026-03-28T15:45:51.003Z","2026mdsev","2026mdsev_qm5","5","","1","1","1","4","","3","Tried shooting every time they could try and when they failed they switched to defense ","Snithik","4505","2026-03-28T15:45:51.003Z"
"Score","Score","10","Hub","Not Attempted","Score","Score","10","None","Intake from Neutral Zone","Intake from Neutral Zone","","None","Score","Score","10","None","Idle","Idle","","None","Score","Score","10","None","Intake from Neutral Zone","Score","","None","Not Attempted","69c7f794a23b3c9917029960","3fa8bbbad129b5f3436425ce224f8f9ffd8d367f73aef02db4f097817398967e","","red","2026-03-28T15:45:24.594Z","2026mdsev","2026mdsev_qm5","5","","1","1","2","1","","","Very slow and shooter is really really slow ","Sai","6863","2026-03-28T15:45:29.580Z"
"Score","Idle","90","Hub","Not Attempted","Intake from Neutral Zone","Intake from Neutral Zone","","None","Intake from Neutral Zone","Idle","","None","Score","Score","100","None","Intake from Neutral Zone","Pass","","None","Score","Score","20","None","Score","Idle","90","None","Not Attempted","69c7f78ca23b3c991702995f","5fea003011a0a54684e3b0ca573212febdb56bdddca9e7a93fcc8747dcfa21aa","","blue","2026-03-28T15:45:16.945Z","2026mdsev","2026mdsev_qm5","5","","3","","1","2","","","","KING BLUB (OFORI)","8726","2026-03-28T15:45:16.945Z"
"Intake from Neutral Zone","Score","80","Left Trench","Not Attempted","Intake from Neutral Zone","Score","50","None","Intake from Neutral Zone","Score","90","None","Intake from Neutral Zone","Pass","","None","Score","None","90","None","Intake from Neutral Zone","None","","None","Score","None","60","None","Not Attempted","69c7f789a23b3c991702995c","babc9ef7abc61cf37025b51376e4aefc4567029c968e558d214bcb78eb179a1a","","red","2026-03-28T15:45:13.075Z","2026mdsev","2026mdsev_qm5","5","","5","4","5","4","4","","Great robot. Drivetrain having problems towards end. ","Nidhish","1629","2026-03-28T15:45:14.898Z"
"Intake from Neutral Zone","Score","80","Hub","Not Attempted","Intake from Neutral Zone","Score","30","None","Intake from Neutral Zone","Pass","","None","Score","Score","60","None","Intake from Neutral Zone","Pass","","None","Score","Score","50","None","Score","Score","60","None","Not Attempted","69c7f77aa23b3c9917029957","54b5e3f124b8b0d786e1d70054b0ee4512aaa3e8aef142abc392a52e6a3e65a9","","blue","2026-03-28T15:44:58.401Z","2026mdsev","2026mdsev_qm5","5","","3","4","4","4","","","great bot, shooter single turret so a bit slow","Falco Carey","8592","2026-03-28T15:44:58.401Z"
"Idle","Idle","","Hub","Not Attempted","Idle","Idle","","None","Idle","Idle","","None","Idle","Idle","","None","Idle","Idle","","None","Idle","Idle","","None","Idle","Idle","","None","Not Attempted","69c7f6cba23b3c9917029935","9c0e4a07acdd89257e7c6f92e1543c6b166db7e40ebd8954b97fc8f474664498","","red","2026-03-28T15:42:03.143Z","2026mdsev","2026mdsev_qm4","4","","","","","2","","","No intake so just roaming around ","Sai","2849","2026-03-28T15:42:03.143Z"
"Idle","None","","Left Trench","Not Attempted","Intake from Neutral Zone","Pass","","None","Score","Intake from Neutral Zone","80","None","Intake from Neutral Zone","Pass","","None","Score","Intake from Neutral Zone","60","None","Score","Score","60","None","Score","Score","50","None","Not Attempted","69c7f504a23b3c99170298f1","2b42c8f90d3c4552d67d45ed8a3b420c13999a0bcfbb03e45031acc3714eeb5b","","red","2026-03-28T15:34:28.653Z","2026mdsev","2026mdsev_qm4","4","","4","4","5","5","","","Absolutely goated robot. This robot's going to worlds. Carryed the team. 100/10 shooter. 100/10 intake. 100/10 passer. 100/10 driver. Peak.","Nidhish","686","2026-03-28T15:34:28.653Z"
"Score","Idle","50","Hub","Not Attempted","Idle","Score","50","None","Idle","Idle","","None","Idle","Idle","","None","Idle","Idle","","None","Idle","Idle","","None","Idle","Idle","","None","Not Attempted","69c7f48fa23b3c99170298d6","5cb8d8e9d784ced4956ec7e4992a13f1210275202d324c7634c6f45bcabb29cc","","blue","2026-03-28T15:32:31.548Z","2026mdsev","2026mdsev_qm4","4","","2","","1","1","","","","KING BLUB (OFORI)","2534","2026-03-28T15:32:31.692Z"
"Idle","Idle","","Hub","Not Attempted","Intake from Neutral Zone","Pass","","None","Intake from Neutral Zone","Intake from Neutral Zone","","None","Pass","Intake from Neutral Zone","","None","Score","Score","10","None","Score","Score","","None","Intake from Neutral Zone","Intake from Neutral Zone","","None","Not Attempted","69c7f3c8a23b3c99170298b0","ac790203752295db5ac145097051ddab193f1bf158b0c2c29db5c5d4a0329a33","","red","2026-03-28T15:29:12.621Z","2026mdsev","2026mdsev_qm3","3","","1","1","3","2","","","Good intake but only one ball at a time shooter ","Sai","1389","2026-03-28T15:29:12.621Z"
"None","None","","Hub","Not Attempted","None","None","","None","None","None","","None","None","None","","None","None","None","","None","None","None","","None","None","None","","None","Not Attempted","69c7f37ca23b3c991702988f","93c58f473ae1ffe08c56881ae7a429e5fabf59878d93be1908863d68055ec4df","","blue","2026-03-28T15:27:56.675Z","2026mdsev","2026mdsev_qm4","4","true","","","","","","","","Snithik","11211","2026-03-28T15:27:56.675Z"
"Intake from Neutral Zone","Score","90","Right Trench","Not Attempted","Intake from Neutral Zone","Score","30","None","Intake from Neutral Zone","None","","None","Score","None","50","Light","Intake from Neutral Zone","Idle","","None","Score","None","50","Moderate","Intake from Neutral Zone","Score","50","Moderate","Not Attempted","69c7f285a23b3c9917029863","7da608949ee34ab3165ebc46aa144bc319ac44775857866cc668f7b3da8169da","","red","2026-03-28T15:23:49.863Z","2026mdsev","2026mdsev_qm3","3","","5","2","4","4","4","","Very good robot. Very good alliance partner.","Nidhish","2199","2026-03-28T15:23:49.863Z"
"Idle","Score","","Right Trench","Not Attempted","Pass","Pass","","None","Pass","Intake from Neutral Zone","","None","Pass","Intake from Neutral Zone","","None","Idle","Idle","","None","Pass","Intake from Neutral Zone","","None","Pass","Pass","","None","Not Attempted","69c7f27ea23b3c9917029862","08363a0841f8eed62f9e638121b68f768f03afcbe913464e9db5d550633598ef","","blue","2026-03-28T15:23:42.935Z","2026mdsev","2026mdsev_qm3","3","","","3","1","1","","","","KING BLUB (OFORI)","8622","2026-03-28T15:23:42.942Z"
"Score","None","","Left Bump","Not Attempted","Idle","None","","None","Idle","None","","None","Idle","None","","None","Idle","None","","None","Idle","None","","None","Idle","None","","None","Not Attempted","69c7f27ea23b3c9917029861","3c51b3945dc647f6219a9142073f5346eab3fc85436672b68458c291d8200f8d","","blue","2026-03-28T15:23:42.469Z","2026mdsev","2026mdsev_qm3","3","","1","1","1","1","1","1","Had a climber and stayed at the tower","Snithik","2914","2026-03-28T15:23:42.469Z"
"None","None","","Hub","Not Attempted","None","None","","None","None","None","","None","None","None","","None","None","None","","None","None","None","","None","None","None","","None","Not Attempted","69c7f267a23b3c991702985b","599a948e9d6b098a19af01da595c36b4be4c6275bee72d17afbd69e28773a3a4","","red","2026-03-28T15:23:19.130Z","2026mdsev","2026mdsev_qm4","4","true","","","","","","","","Arihan","836","2026-03-28T15:23:19.130Z"
"Idle","Idle","","Left Bump","Not Attempted","Idle","Idle","","None","Intake from Neutral Zone","Intake from Neutral Zone","","None","Score","Idle","10","None","Idle","Idle","","None","Idle","Idle","","None","Score","Idle","","None","Not Attempted","69c7f256a23b3c9917029857","d4fb12c3b414273e85a11ab2bc37cf1daf2959b241659d0a115160618d3f7a02","","blue","2026-03-28T15:23:02.547Z","2026mdsev","2026mdsev_qm3","3","","1","","2","2","","","kitbot","Falco Carey","2912","2026-03-28T15:23:02.547Z"
"Idle","None","","Left Bump","Not Attempted","Idle","None","","None","Idle","None","","None","Idle","None","","None","Idle","None","","None","Idle","None","","None","Idle","None","","None","Not Attempted","69c7f0c2a23b3c9917029806","9d63e22aea8365d64802d9782c7c745f444d96ac6e20861e2d5a2ad260112a26","","blue","2026-03-28T15:16:18.573Z","2026mdsev","2026mdsev_qm2","2","","1","1","1","1","1","1","Robot was on but it was idle the whole time it had a shooter and intake but did nothing","Snithik","1915","2026-03-28T15:16:18.573Z"
"Idle","Idle","","Right Trench","Not Attempted","Idle","Idle","","None","Idle","Idle","","None","Idle","Idle","","None","Intake from Neutral Zone","Intake from Neutral Zone","","None","Score","Score","10","None","Intake from Neutral Zone","Score","","None","Not Attempted","69c7f0b3a23b3c99170297fb","82f51d2b3a9df8e9eb0bfe23b22af2f582b039c7525d3a50a7b8b1b89fd10383","","red","2026-03-28T15:16:03.297Z","2026mdsev","2026mdsev_qm2","2","","1","","2","1","","","Driver made intake break a bit but somehow still worked barely, but sucks ","Sai","1111","2026-03-28T15:16:09.849Z"
"Intake from Neutral Zone","Score","30","Left Trench","Not Attempted","Defense","None","","None","Intake from Neutral Zone","Score","10","None","Defense","None","","None","Score","None","10","None","Score","None","30","None","Score","None","40","None","Not Attempted","69c7f0a3a23b3c99170297ef","3fb2f63f8f7a6d49350de2c98cc495b95b4696ac6b0142a3f96b51bc54ffcd78","","red","2026-03-28T15:15:47.907Z","2026mdsev","2026mdsev_qm2","2","","2","3","3","5","","4","Good defense. Mid shooter.","Nidhish","9033","2026-03-28T15:15:47.907Z"
"None","None","","Hub","Not Attempted","None","None","","None","None","None","","None","None","None","","None","None","None","","None","None","None","","None","None","None","","None","Not Attempted","69c7f084a23b3c99170297ee","d71cdb1d5dc32b55a32fe7b666ab2e89d5bd9aaa4a1fa7acf7c452421adbdde6","","red","2026-03-28T15:15:16.703Z","2026mdsev","2026mdsev_qm3","3","true","","","","","","","","Arihan","614","2026-03-28T15:15:16.703Z"
"Score","Idle","20","Hub","Not Attempted","Idle","Idle","","None","Pass","Pass","","None","Idle","Idle","","None","Pass","Pass","","None","Idle","Idle","","None","Idle","Idle","","None","L1 Attempted","69c7f073a23b3c99170297e8","7e3654241c85aa0b037ce017b1fa418958705d8e2499d949ca0a9ed156416ac1","","blue","2026-03-28T15:14:59.426Z","2026mdsev","2026mdsev_qm2","2","","","3","","1","","","","KING BLUB (OFORI)","3714","2026-03-28T15:14:59.426Z"
"Intake from Neutral Zone","Intake from Neutral Zone","","Right Trench","Not Attempted","Intake from Neutral Zone","Intake from Neutral Zone","","None","Intake from Neutral Zone","Intake from Neutral Zone","","None","Idle","Idle","","None","Score","Score","","None","Intake from Neutral Zone","Intake from Neutral Zone","","None","Score","Score","70","None","Not Attempted","69c7f072a23b3c99170297e7","a10010af885a6a8875abca0886332fbd8545f1523daa179de484b4a12463dee2","","blue","2026-03-28T15:14:58.445Z","2026mdsev","2026mdsev_qm2","2","","2","","2","3","1","","","Falco Carey","7770","2026-03-28T15:14:58.445Z"
"Idle","None","","Right Bump","Not Attempted","Intake from Neutral Zone","Score","20","Light","Defense","None","","None","Score","None","","None","Pass","None","","None","Pass","None","","None","Score","Idle","","None","Not Attempted","69c7edb3a23b3c991702975d","195f53754f577688cda4164dfc79a74e66ba2f5f2541d0374291bad1bba49318","","blue","2026-03-28T15:03:15.470Z","2026mdsev","2026mdsev_qm1","1","","1","1","1","1","1","1","Shooter is in accurate and has problems shooting with it ","Snithik","10449","2026-03-28T15:03:15.470Z"
"Score","Intake from Neutral Zone","","Left Trench","Not Attempted","Score","Defense","","None","Defense","Defense","","None","Defense","Defense","","None","Defense","Defense","","None","Defense","Defense","","None","Defense","Defense","","None","Not Attempted","69c7edada23b3c991702975b","7b2043af4b28d55ffef600a240c7852bce1939a91a6334277d71b1400a467293","","red","2026-03-28T15:03:09.697Z","2026mdsev","2026mdsev_qm1","1","","","","2","2","","2","Looks like they tried to shoot but shooter broken so they played defense ","Sai","1719","2026-03-28T15:03:09.697Z"
"None","None","","Hub","Not Attempted","None","None","","None","None","None","","None","None","None","","None","None","None","","None","None","None","","None","None","None","","None","Not Attempted","69c7ed9ba23b3c9917029759","d260146a5c52183dc457dd5e6fb628b5c8f113247aebe8bd5990113def91a04e","","red","2026-03-28T15:02:51.105Z","2026mdsev","2026mdsev_qm2","2","true","","","","","","","","Nidhish","9033","2026-03-28T15:02:51.105Z"
"Idle","None","","Hub","Not Attempted","Idle","None","","None","Intake from Neutral Zone","Pass","","None","Pass","Intake from Neutral Zone","","None","Defense","Pass","","None","Defense","Pass","","None","Pass","None","","None","Not Attempted","69c7ed9aa23b3c9917029758","8548a6a80ea52d43509cc2e15af86ea1ac4d07abb6dbfb0b497b45145aa8bf4e","","red","2026-03-28T15:02:50.198Z","2026mdsev","2026mdsev_qm1","1","","","2","1","3","1","2","Not out ideal alliancr parter, robot seemed broken(parts not working)","Nidhish","11350","2026-03-28T15:02:50.290Z"
"Score","Idle","100","Hub","Not Attempted","Idle","Idle","","None","Score","Score","","Moderate","Defense","Defense","","None","Pass","Pass","","None","Defense","Defense","","None","Pass","Pass","","None","Not Attempted","69c7ed94a23b3c9917029757","f76710f78b8e7b7973869e97df1c8448110255b1f4b732f732d6d08f866b0d0b","","blue","2026-03-28T15:02:44.184Z","2026mdsev","2026mdsev_qm1","1","","","2","","4","3","3","","KING BLUB (OFORI)","623","2026-03-28T15:02:45.590Z"
"Score","Score","","Left Trench","Not Attempted","Score","Idle","30","None","Intake from Neutral Zone","Pass","","None","Pass","Intake from Neutral Zone","","None","Score","Score","40","None","Score","Score","10","None","Score","Score","40","None","Not Attempted","69c7ed93a23b3c9917029756","1bd6b91ece3ef4de50fe89a3b90e02a0c250fce42c7342711736d6240ec0c0b6","","blue","2026-03-28T15:02:43.875Z","2026mdsev","2026mdsev_qm1","1","","1","2","3","2","","","bery low point age game ","Falco Carey","2377","2026-03-28T15:02:45.686Z"
"None","None","","Hub","Not Attempted","None","None","","None","None","None","","None","None","None","","None","None","None","","None","None","None","","None","None","None","","None","Not Attempted","69c5e7efa23b3c9917021bbc","1029b2fbc6c036a5637fd7d3b274538e95ea7c7a3f4ec5bd498ae8971bfd6996","","blue","2026-03-27T02:14:07.049Z","2026txhou","2026txhou_qm38","38","true","","","","","","","","Adam","6488","2026-03-27T02:14:07.049Z"
"None","None","","Hub","Not Attempted","None","None","","None","None","None","","None","None","None","","None","None","None","","None","None","None","","None","None","None","","None","Not Attempted","69c5e784a23b3c9917021b9e","ea297cddd30419198be67c190165a14ad1dfc07763327903e35fc794942b75f6","","blue","2026-03-27T02:12:20.485Z","2026txhou","2026txhou_qm37","37","true","","","","","","","","Adam","11242","2026-03-27T02:12:20.485Z"
"None","None","","Hub","Not Attempted","None","None","","None","None","None","","None","None","None","","None","None","None","","None","None","None","","None","None","None","","None","Not Attempted","69c5e3d4a23b3c9917021ae1","f98f169ee6db152261e88fd6085d53c12a4ea0b0dcce96b7571ef09726ff0a86","","blue","2026-03-27T01:56:36.322Z","2026txhou","2026txhou_qm6","6","true","","","","","","","","Adam","1255","2026-03-27T01:56:36.322Z"
"Pass","None","","Hub","Not Attempted","Pass","None","","None","Intake from Neutral Zone","None","","None","Pass","None","","None","Intake from Neutral Zone","None","","None","Pass","None","","None","Defense","None","","None","Not Attempted","69c5e0a6a23b3c99170219cd","873d1f4594ab9238ce58b668ae338042d783cce572b246e520038ab5e6901093","","blue","2026-03-27T01:43:02.467Z","2026txhou","2026txhou_qm13","13","","","","","3","","","","Adam","10118","2026-03-27T01:43:02.467Z"
"None","None","","Hub","Not Attempted","None","None","","None","None","None","","None","None","None","","None","None","None","","None","None","None","","None","None","None","","None","Not Attempted","69c5ddb0a23b3c99170218c3","ca171697d2130abf91925c724144c5bd62a505142e87cc0ab3d49437656cad3c","","blue","2026-03-27T01:30:24.642Z","2026txhou","2026txhou_qm12","12","true","","","","","","","","Adam","118","2026-03-27T01:30:24.642Z"
"None","None","","Hub","Not Attempted","None","None","","None","None","None","","None","None","None","","None","None","None","","None","None","None","","None","None","None","","None","Not Attempted","69c5d835a23b3c99170217ba","173bd8c2af66570ddda94f6cb9ba280fda535c186e3b4b544855977906df680d","","red","2026-03-27T01:07:01.019Z","2026txhou","2026txhou_qm5","5","true","","","","","","","","Adam","5726","2026-03-27T01:07:01.019Z"
"None","None","","Hub","Not Attempted","None","None","","None","None","None","","None","None","None","","None","None","None","","None","None","None","","None","None","None","","None","Not Attempted","69c5d363a23b3c99170216be","30c0a7a0a9df4a763b745fb7dea21ef2dcdd4abb6ff492a5264b86ccb4347125","","red","2026-03-27T00:46:27.277Z","2026txhou","2026txhou_qm4","4","true","","","","","","","","Adam","11277","2026-03-27T00:46:27.277Z"